{
"type": "FeatureCollection",
"name": "oplande_2",
"crs": { "type": "name", "properties": { "name": "urn:ogc:def:crs:EPSG::25832" } },
"features": [
{ "type": "Feature", "properties": { "fid": 1, "Red_area_P": 83.949, "Bef_area_P": 104.936, "Area_PULS": 196.116, "PULS_Navn": 4000000, "Høj_Bolig_[Ha]": 14.679881509483257, "Ikke_bef_[Ha]": 2.8361419363402698, "Industri_[Ha]": 12.538785433001001, "Kunstgræs_[Ha]": 0.31924942335930295, "Lav_bolig_[Ha]": 34.835918234074462, "Losseplads_[Ha]": 3.5667203933422622e-10, "Parkering_[Ha]": 3.8906362776219146, "ÅDT<15000_[Ha]": 13.656202591995186, "ÅDT>15000_[Ha]": 1.1557896959724201 }, "geometry": { "type": "MultiPolygon", "coordinates": [ [ [ [ 715337.660000000032596, 6180115.5 ], [ 715332.01, 6180120.549999999813735 ], [ 715314.00199999997858, 6180120.898 ], [ 715314.223, 6180132.901999999769032 ], [ 715330.17000000004191, 6180132.599999999627471 ], [ 715334.650000000023283, 6180137.67 ], [ 715332.128999999957159, 6180156.481999999843538 ], [ 715327.506000000052154, 6180190.983 ], [ 715324.51, 6180213.339999999850988 ], [ 715263.78000000002794, 6180217.700000000186265 ], [ 715251.87, 6180217.849999999627471 ], [ 715201.900000000023283, 6180218.490000000223517 ], [ 715190.310000000055879, 6180294.589999999850988 ], [ 715162.468, 6180295.003999999724329 ], [ 715161.540000000037253, 6180306.946000000461936 ], [ 715133.770999999949709, 6180307.371000000275671 ], [ 715116.14000000001397, 6180307.639999999664724 ], [ 715115.10999999998603, 6180383.54 ], [ 715114.839999999967404, 6180402.92 ], [ 715187.849999999976717, 6180402.070000000298023 ], [ 715293.13, 6180400.839999999850988 ], [ 715293.300000000046566, 6180403.929999999701977 ], [ 715316.60999999998603, 6180403.480000000447035 ], [ 715316.339999999967404, 6180400.599999999627471 ], [ 715322.680000000051223, 6180400.54 ], [ 715464.10999999998603, 6180398.679999999701977 ], [ 715507.790000000037253, 6180396.599999999627471 ], [ 715543.75, 6180393.150000000372529 ], [ 715603.959999999962747, 6180383.900000000372529 ], [ 715609.660000000032596, 6180383.269999999552965 ], [ 715608.900000000023283, 6180376.660000000149012 ], [ 715632.275000000023283, 6180372.484000000171363 ], [ 715632.314000000013039, 6180372.477 ], [ 715658.38, 6180367.820000000298023 ], [ 715659.540000000037253, 6180377.809999999590218 ], [ 715679.03000000002794, 6180375.679999999701977 ], [ 715753.839999999967404, 6180360.059999999590218 ], [ 715807.01, 6180345.839999999850988 ], [ 715850.770000000018626, 6180334.259999999776483 ], [ 715852.540000000037253, 6180333.610000000335276 ], [ 715885.74, 6180321.410000000149012 ], [ 715949.0, 6180296.179999999701977 ], [ 715965.930000000051223, 6180288.929999999701977 ], [ 716032.680000000051223, 6180260.349999999627471 ], [ 716033.35999999998603, 6180265.320000000298023 ], [ 716041.819999999948777, 6180261.78000000026077 ], [ 716050.060999999986961, 6180257.799999999813735 ], [ 716050.060999999986961, 6180257.807 ], [ 716050.21999999997206, 6180257.730000000447035 ], [ 716048.841999999945983, 6180250.313 ], [ 716047.900000000023283, 6180245.240000000223517 ], [ 716045.88, 6180230.25 ], [ 716042.25, 6180205.21999999973923 ], [ 716042.180000000051223, 6180204.799999999813735 ], [ 716013.615, 6180207.75800000037998 ], [ 716011.17000000004191, 6180190.759999999776483 ], [ 715992.35999999998603, 6180193.46 ], [ 715994.697999999974854, 6180209.717000000178814 ], [ 715989.719000000040978, 6180210.233 ], [ 715987.410000000032596, 6180194.179999999701977 ], [ 715953.75, 6180199.009999999776483 ], [ 715955.865, 6180213.739 ], [ 715950.890999999945052, 6180214.253999999724329 ], [ 715948.800000000046566, 6180199.71999999973923 ], [ 715922.069999999948777, 6180203.559999999590218 ], [ 715922.03000000002794, 6180203.980000000447035 ], [ 715920.152, 6180217.438 ], [ 715916.050999999977648, 6180217.861999999731779 ], [ 715916.731000000028871, 6180213.001000000163913 ], [ 715905.155999999959022, 6180211.276999999769032 ], [ 715904.099999999976717, 6180219.099999999627471 ], [ 715895.03000000002794, 6180227.79 ], [ 715885.378000000026077, 6180229.123999999836087 ], [ 715829.327000000048429, 6180236.873999999836087 ], [ 715825.67000000004191, 6180237.379999999888241 ], [ 715815.24, 6180238.53000000026077 ], [ 715782.28000000002794, 6180211.0 ], [ 715776.78000000002794, 6180205.129999999888241 ], [ 715771.569999999948777, 6180199.0 ], [ 715766.650000000023283, 6180192.639999999664724 ], [ 715762.040000000037253, 6180186.04 ], [ 715757.75, 6180179.230000000447035 ], [ 715753.78000000002794, 6180172.230000000447035 ], [ 715750.160000000032596, 6180165.049999999813735 ], [ 715746.88, 6180157.700000000186265 ], [ 715743.949999999953434, 6180150.200000000186265 ], [ 715741.38, 6180142.58 ], [ 715590.92000000004191, 6180158.230000000447035 ], [ 715586.086000000010245, 6180111.656000000424683 ], [ 715583.680000000051223, 6180088.46999999973923 ], [ 715726.849999999976717, 6180073.570000000298023 ], [ 715716.13, 6180006.33 ], [ 715709.57999999995809, 6179964.480000000447035 ], [ 715699.07999999995809, 6179899.099999999627471 ], [ 715697.67000000004191, 6179891.25 ], [ 715695.400000000023283, 6179879.480000000447035 ], [ 715692.92000000004191, 6179867.589999999850988 ], [ 715677.035999999963678, 6179867.752999999560416 ], [ 715643.652, 6179868.096 ], [ 715633.51, 6179868.200000000186265 ], [ 715610.339000000036322, 6179868.445000000298023 ], [ 715576.01300000003539, 6179868.808000000193715 ], [ 715568.199999999953434, 6179868.889999999664724 ], [ 715561.57999999995809, 6179876.389999999664724 ], [ 715562.147, 6179881.83600000012666 ], [ 715566.060999999986961, 6179919.398 ], [ 715554.184, 6179920.484000000171363 ], [ 715554.26, 6179921.21 ], [ 715526.675999999977648, 6179921.377999999560416 ], [ 715526.636000000056811, 6179921.377999999560416 ], [ 715477.069999999948777, 6179921.679999999701977 ], [ 715466.25, 6179921.730000000447035 ], [ 715379.14000000001397, 6179923.009999999776483 ], [ 715377.819999999948777, 6179932.849999999627471 ], [ 715374.885, 6179939.342000000178814 ], [ 715361.518999999971129, 6179937.400999999605119 ], [ 715360.810000000055879, 6179942.71100000012666 ], [ 715360.805999999982305, 6179942.751000000163913 ], [ 715360.804, 6179942.751000000163913 ], [ 715239.555999999982305, 6179939.548000000417233 ], [ 715239.557999999960884, 6179959.61600000038743 ], [ 715239.557999999960884, 6179959.656000000424683 ], [ 715239.560000000055879, 6179985.799999999813735 ], [ 715239.75, 6180036.160000000149012 ], [ 715348.349999999976717, 6180036.059999999590218 ], [ 715347.53000000002794, 6180042.190000000409782 ], [ 715343.287999999942258, 6180073.696999999694526 ], [ 715338.116000000038184, 6180112.11600000038743 ], [ 715337.660000000032596, 6180115.5 ] ] ] ] } },
{ "type": "Feature", "properties": { "fid": 2, "Red_area_P": 83.949, "Bef_area_P": 104.936, "Area_PULS": 196.116, "PULS_Navn": 4000000, "Høj_Bolig_[Ha]": 14.679881509483257, "Ikke_bef_[Ha]": 2.8361419363402698, "Industri_[Ha]": 12.538785433001001, "Kunstgræs_[Ha]": 0.31924942335930295, "Lav_bolig_[Ha]": 34.835918234074462, "Losseplads_[Ha]": 3.5667203933422622e-10, "Parkering_[Ha]": 3.8906362776219146, "ÅDT<15000_[Ha]": 13.656202591995186, "ÅDT>15000_[Ha]": 1.1557896959724201 }, "geometry": { "type": "MultiPolygon", "coordinates": [ [ [ [ 715287.027, 6180441.75899999961257 ], [ 715285.290000000037253, 6180457.490000000223517 ], [ 715283.439999999944121, 6180487.5 ], [ 715283.270000000018626, 6180493.71100000012666 ], [ 715283.25, 6180494.46 ], [ 715282.459999999962747, 6180517.379999999888241 ], [ 715282.476999999955297, 6180524.324 ], [ 715282.478, 6180524.651999999769032 ], [ 715282.479000000050291, 6180524.690999999642372 ], [ 715282.478, 6180524.691999999806285 ], [ 715248.153999999980442, 6180526.178000000305474 ], [ 715248.113999999943189, 6180526.179999999701977 ], [ 715214.317999999970198, 6180527.644000000320375 ], [ 715215.167000000015832, 6180547.036999999545515 ], [ 715217.9277812698856, 6180610.033008977770805 ], [ 715207.988337238086388, 6180610.440986157394946 ], [ 715206.189999999944121, 6180576.200000000186265 ], [ 715182.849000000045635, 6180576.481999999843538 ], [ 715182.809, 6180576.483 ], [ 715151.53000000002794, 6180576.860000000335276 ], [ 715148.461000000010245, 6180576.92200000025332 ], [ 715148.422000000020489, 6180576.92200000025332 ], [ 715124.62699999997858, 6180577.398 ], [ 715124.587000000057742, 6180577.399000000208616 ], [ 715099.050000000046566, 6180577.910000000149012 ], [ 715095.949999999953434, 6180577.940000000409782 ], [ 715095.35999999998603, 6180567.620000000111759 ], [ 715046.680000000051223, 6180568.150000000372529 ], [ 715047.76, 6180627.450000000186265 ], [ 715032.197999999974854, 6180627.592000000178814 ], [ 715031.643999999971129, 6180640.060999999754131 ], [ 715065.560000000055879, 6180639.519999999552965 ], [ 715067.17000000004191, 6180688.110000000335276 ], [ 715041.959999999962747, 6180688.910000000149012 ], [ 714998.430000000051223, 6180691.700000000186265 ], [ 714973.67000000004191, 6180693.28000000026077 ], [ 714975.400000000023283, 6180719.33 ], [ 714939.35999999998603, 6180720.629999999888241 ], [ 714941.38, 6180745.160000000149012 ], [ 714945.650000000023283, 6180802.150000000372529 ], [ 714926.371999999973923, 6180803.025999999605119 ], [ 714927.599000000045635, 6180818.474000000394881 ], [ 714951.397, 6180816.926 ], [ 714957.268999999971129, 6180816.637000000104308 ], [ 714957.064000000013039, 6180831.661999999545515 ], [ 714963.51, 6180831.190000000409782 ], [ 714970.13, 6180830.759999999776483 ], [ 714971.233, 6180874.989 ], [ 714971.229999999981374, 6180874.989 ], [ 714971.229999999981374, 6180874.990000000223517 ], [ 714978.12, 6180874.700000000186265 ], [ 714991.89000000001397, 6180874.129999999888241 ], [ 714995.800000000046566, 6180873.96 ], [ 715013.49, 6180873.21999999973923 ], [ 715031.17000000004191, 6180872.480000000447035 ], [ 715034.24, 6180872.349999999627471 ], [ 715048.85999999998603, 6180871.740000000223517 ], [ 715055.37, 6180871.46999999973923 ], [ 715066.550000000046566, 6180871.0 ], [ 715075.949999999953434, 6180870.610000000335276 ], [ 715084.53000000002794, 6180870.25 ], [ 715097.60999999998603, 6180869.71 ], [ 715102.520000000018626, 6180869.5 ], [ 715119.050000000046566, 6180868.809999999590218 ], [ 715118.150000000023283, 6180821.929999999701977 ], [ 715125.552000000025146, 6180821.801 ], [ 715139.939999999944121, 6180821.549999999813735 ], [ 715142.92000000004191, 6180821.490000000223517 ], [ 715147.42000000004191, 6180821.429999999701977 ], [ 715172.01, 6180820.940000000409782 ], [ 715190.07999999995809, 6180820.629999999888241 ], [ 715194.10999999998603, 6180820.559999999590218 ], [ 715195.48499999998603, 6180820.532999999821186 ], [ 715218.96999999997206, 6180820.08 ], [ 715223.182999999960884, 6180820.002999999560416 ], [ 715242.62, 6180819.650000000372529 ], [ 715259.569000000017695, 6180819.335 ], [ 715259.974000000045635, 6180819.32799999974668 ], [ 715266.839999999967404, 6180819.200000000186265 ], [ 715267.327000000048429, 6180819.191999999806285 ], [ 715338.871999999973923, 6180817.955 ], [ 715340.310000000055879, 6180817.929999999701977 ], [ 715344.25, 6180817.860000000335276 ], [ 715356.14000000001397, 6180817.660000000149012 ], [ 715361.199999999953434, 6180817.58 ], [ 715362.810000000055879, 6180817.549999999813735 ], [ 715369.479999999981374, 6180817.370000000111759 ], [ 715376.14000000001397, 6180817.08 ], [ 715382.810000000055879, 6180816.690000000409782 ], [ 715389.46999999997206, 6180816.190000000409782 ], [ 715401.479999999981374, 6180815.009999999776483 ], [ 715407.13, 6180814.32799999974668 ], [ 715408.520000000018626, 6180814.160000000149012 ], [ 715418.180000000051223, 6180813.820000000298023 ], [ 715435.050000000046566, 6180811.309999999590218 ], [ 715441.699999999953434, 6180811.120000000111759 ], [ 715472.270000000018626, 6180810.660000000149012 ], [ 715473.60999999998603, 6180850.660000000149012 ], [ 715437.439999999944121, 6180851.259999999776483 ], [ 715437.449999999953434, 6180851.490000000223517 ], [ 715437.459999999962747, 6180851.96999999973923 ], [ 715437.46999999997206, 6180852.440000000409782 ], [ 715437.49, 6180852.92 ], [ 715437.5, 6180853.389999999664724 ], [ 715437.520000000018626, 6180853.870000000111759 ], [ 715437.540000000037253, 6180854.339999999850988 ], [ 715437.560000000055879, 6180854.809999999590218 ], [ 715437.57999999995809, 6180855.29 ], [ 715437.60999999998603, 6180855.759999999776483 ], [ 715437.63, 6180856.240000000223517 ], [ 715437.660000000032596, 6180856.71 ], [ 715437.687000000034459, 6180857.127999999560416 ], [ 715437.689999999944121, 6180857.179999999701977 ], [ 715437.699999999953434, 6180857.42 ], [ 715437.74, 6180857.900000000372529 ], [ 715437.770000000018626, 6180858.370000000111759 ], [ 715437.800000000046566, 6180858.839999999850988 ], [ 715437.839999999967404, 6180859.320000000298023 ], [ 715437.87, 6180859.79 ], [ 715437.910000000032596, 6180860.259999999776483 ], [ 715437.949999999953434, 6180860.740000000223517 ], [ 715437.99, 6180861.21 ], [ 715438.040000000037253, 6180861.679999999701977 ], [ 715438.07999999995809, 6180862.160000000149012 ], [ 715438.13, 6180862.629999999888241 ], [ 715438.17000000004191, 6180863.099999999627471 ], [ 715456.316, 6180862.25899999961257 ], [ 715460.077999999979511, 6180862.083999999798834 ], [ 715466.074000000022352, 6180861.804999999701977 ], [ 715474.851000000024214, 6180861.396999999880791 ], [ 715474.937999999965541, 6180866.818 ], [ 715475.319999999948777, 6180890.450000000186265 ], [ 715487.959999999962747, 6180890.08 ], [ 715488.091999999945983, 6180894.610999999567866 ], [ 715488.22199999995064, 6180899.014999999664724 ], [ 715488.21999999997206, 6180899.015999999828637 ], [ 715488.21999999997206, 6180899.019999999552965 ], [ 715485.935000000055879, 6180900.46999999973923 ], [ 715482.091999999945983, 6180902.915 ], [ 715450.398999999975786, 6180911.611999999731779 ], [ 715448.206, 6180904.690999999642372 ], [ 715445.520000000018626, 6180896.21999999973923 ], [ 715445.505, 6180896.17200000025332 ], [ 715445.393999999971129, 6180895.849999999627471 ], [ 715445.267, 6180895.480000000447035 ], [ 715445.140999999945052, 6180895.110000000335276 ], [ 715445.015999999945052, 6180894.739 ], [ 715444.892, 6180894.367999999783933 ], [ 715444.768999999971129, 6180893.997000000439584 ], [ 715444.647, 6180893.625 ], [ 715444.525999999954365, 6180893.252999999560416 ], [ 715444.405999999959022, 6180892.881 ], [ 715444.285999999963678, 6180892.50800000037998 ], [ 715444.167999999946915, 6180892.134999999776483 ], [ 715444.050999999977648, 6180891.762000000104308 ], [ 715443.993000000016764, 6180891.575000000186265 ], [ 715443.87699999997858, 6180891.201000000350177 ], [ 715443.76300000003539, 6180890.826999999582767 ], [ 715443.648999999975786, 6180890.45299999974668 ], [ 715443.537000000011176, 6180890.07799999974668 ], [ 715443.425000000046566, 6180889.70299999974668 ], [ 715443.314000000013039, 6180889.32799999974668 ], [ 715443.20499999995809, 6180888.95299999974668 ], [ 715443.096000000019558, 6180888.576999999582767 ], [ 715442.988999999943189, 6180888.201000000350177 ], [ 715442.881999999983236, 6180887.824 ], [ 715442.775999999954365, 6180887.447999999858439 ], [ 715442.672000000020489, 6180887.071000000461936 ], [ 715442.62, 6180886.882000000216067 ], [ 715442.343, 6180885.785000000149012 ], [ 715442.21999999997206, 6180885.379999999888241 ], [ 715442.062999999965541, 6180884.673999999649823 ], [ 715441.138999999966472, 6180881.011 ], [ 715440.910999999963678, 6180879.918999999761581 ], [ 715423.371000000042841, 6180878.771999999880791 ], [ 715423.410000000032596, 6180881.230000000447035 ], [ 715428.810000000055879, 6180893.019999999552965 ], [ 715426.800000000046566, 6180893.349999999627471 ], [ 715434.680000000051223, 6180917.46 ], [ 715409.819999999948777, 6180924.740000000223517 ], [ 715386.63, 6180931.490000000223517 ], [ 715367.069999999948777, 6180937.190000000409782 ], [ 715342.88, 6180944.230000000447035 ], [ 715326.400000000023283, 6180949.019999999552965 ], [ 715309.24, 6180954.019999999552965 ], [ 715294.03000000002794, 6180958.440000000409782 ], [ 715275.839999999967404, 6180963.730000000447035 ], [ 715233.939999999944121, 6180975.910000000149012 ], [ 715200.74, 6180985.740000000223517 ], [ 715199.069999999948777, 6180979.200000000186265 ], [ 715197.589999999967404, 6180972.610000000335276 ], [ 715196.290000000037253, 6180965.980000000447035 ], [ 715195.133000000030734, 6180958.79700000025332 ], [ 715185.162000000011176, 6180959.786000000312924 ], [ 715185.85999999998603, 6180964.96 ], [ 715187.26, 6180972.839999999850988 ], [ 715189.0, 6180980.650000000372529 ], [ 715191.060000000055879, 6180988.379999999888241 ], [ 715172.790000000037253, 6180993.700000000186265 ], [ 715153.569999999948777, 6180999.29 ], [ 715146.194000000017695, 6181001.438 ], [ 715146.155999999959022, 6181001.449 ], [ 715138.189999999944121, 6181003.769999999552965 ], [ 715118.150000000023283, 6181009.599999999627471 ], [ 715098.63, 6181015.28000000026077 ], [ 715079.17000000004191, 6181020.940000000409782 ], [ 715071.13800000003539, 6181023.276999999769032 ], [ 715071.099999999976717, 6181023.287999999709427 ], [ 715059.71999999997206, 6181026.599999999627471 ], [ 715040.26, 6181032.259999999776483 ], [ 715023.959000000031665, 6181037.003999999724329 ], [ 715023.939999999944121, 6181037.009999999776483 ], [ 715023.920999999972992, 6181037.014999999664724 ], [ 715005.689999999944121, 6181042.320000000298023 ], [ 714992.900000000023283, 6181046.04 ], [ 714987.49, 6181047.79 ], [ 714969.25, 6181053.120000000111759 ], [ 714949.209999999962747, 6181058.759999999776483 ], [ 714939.560000000055879, 6181061.570000000298023 ], [ 714905.78000000002794, 6181071.410000000149012 ], [ 714871.99, 6181081.25 ], [ 714875.680000000051223, 6181100.910000000149012 ], [ 714877.246999999973923, 6181109.270999999716878 ], [ 714864.939999999944121, 6181111.511 ], [ 714863.599999999976717, 6181104.370000000111759 ], [ 714859.800000000046566, 6181084.879999999888241 ], [ 714821.209999999962747, 6181096.21 ], [ 714817.410000000032596, 6181097.42 ], [ 714820.229999999981374, 6181112.190000000409782 ], [ 714771.790000000037253, 6181121.370000000111759 ], [ 714770.020000000018626, 6181111.990000000223517 ], [ 714726.430000000051223, 6181124.648 ], [ 714728.14000000001397, 6181138.509999999776483 ], [ 714732.591999999945983, 6181171.659 ], [ 714706.398000000044703, 6181188.32799999974668 ], [ 714698.395999999949709, 6181190.65500000026077 ], [ 714584.805999999982305, 6181223.690999999642372 ], [ 714591.310000000055879, 6181247.196000000461936 ], [ 714593.604999999981374, 6181255.487999999895692 ], [ 714593.615, 6181255.526999999769032 ], [ 714601.628000000026077, 6181284.480999999679625 ], [ 714589.868999999947846, 6181289.213000000454485 ], [ 714595.238999999943189, 6181308.691999999806285 ], [ 714596.569999999948777, 6181313.519999999552965 ], [ 714606.439999999944121, 6181349.190000000409782 ], [ 714575.770000000018626, 6181358.440000000409782 ], [ 714523.319999999948777, 6181374.259999999776483 ], [ 714532.979999999981374, 6181409.730000000447035 ], [ 714540.339999999967404, 6181408.200000000186265 ], [ 714540.968, 6181410.503999999724329 ], [ 714618.855591780506074, 6181394.047086252830923 ], [ 714625.981000000028871, 6181419.792000000365078 ], [ 714633.310000000055879, 6181446.269999999552965 ], [ 714635.150000000023283, 6181453.019999999552965 ], [ 714638.893999999971129, 6181466.565000000409782 ], [ 714652.582000000053085, 6181516.089999999850988 ], [ 714659.449999999953434, 6181540.940000000409782 ], [ 714658.48499999998603, 6181537.450000000186265 ], [ 714626.810000000055879, 6181548.907999999821186 ], [ 714634.540000000037253, 6181582.509999999776483 ], [ 714592.14000000001397, 6181596.110000000335276 ], [ 714596.657, 6181613.850999999791384 ], [ 714603.185950001934543, 6181634.416842509061098 ], [ 714602.020000000018626, 6181634.71999999973923 ], [ 714623.49, 6181717.309999999590218 ], [ 714627.405999999959022, 6181715.879999999888241 ], [ 714630.71999999997206, 6181714.67 ], [ 714637.800000000046566, 6181711.67 ], [ 714644.709999999962747, 6181708.320000000298023 ], [ 714651.449999999953434, 6181704.599999999627471 ], [ 714657.99, 6181700.559999999590218 ], [ 714664.310000000055879, 6181696.179999999701977 ], [ 714670.400000000023283, 6181691.480000000447035 ], [ 714672.439000000013039, 6181689.734000000171363 ], [ 714679.233, 6181700.467000000178814 ], [ 714673.900000000023283, 6181704.730000000447035 ], [ 714667.689999999944121, 6181709.21999999973923 ], [ 714663.12, 6181712.25 ], [ 714658.459999999962747, 6181715.129999999888241 ], [ 714653.689999999944121, 6181717.839999999850988 ], [ 714646.599999999976717, 6181721.799999999813735 ], [ 714644.96999999997206, 6181722.700000000186265 ], [ 714636.020000000018626, 6181727.190000000409782 ], [ 714632.26500000001397, 6181728.884999999776483 ], [ 714626.959999999962747, 6181731.28000000026077 ], [ 714623.32999999995809, 6181732.83 ], [ 714617.689999999944121, 6181735.019999999552965 ], [ 714617.39000000001397, 6181735.129999999888241 ], [ 714608.270000000018626, 6181738.320000000298023 ], [ 714598.60999999998603, 6181740.889999999664724 ], [ 714588.87, 6181742.929999999701977 ], [ 714580.290000000037253, 6181743.860000000335276 ], [ 714574.21999999997206, 6181743.92 ], [ 714565.37, 6181743.339999999850988 ], [ 714557.53000000002794, 6181742.240000000223517 ], [ 714555.479999999981374, 6181741.910000000149012 ], [ 714545.709999999962747, 6181739.849999999627471 ], [ 714540.26, 6181738.309999999590218 ], [ 714532.38, 6181753.299999999813735 ], [ 714532.99, 6181753.629999999888241 ], [ 714548.910000000032596, 6181762.070000000298023 ], [ 714564.92000000004191, 6181770.519999999552965 ], [ 714580.900000000023283, 6181778.96999999973923 ], [ 714578.099999999976717, 6181784.269999999552965 ], [ 714562.189999999944121, 6181814.309999999590218 ], [ 714573.206, 6181820.16399999987334 ], [ 714568.479999999981374, 6181828.990000000223517 ], [ 714553.209999999962747, 6181820.900000000372529 ], [ 714544.540000000037253, 6181837.480000000447035 ], [ 714543.810000000055879, 6181838.860000000335276 ], [ 714536.17000000004191, 6181853.46 ], [ 714535.01, 6181855.679999999701977 ], [ 714527.07999999995809, 6181870.83 ], [ 714526.199999999953434, 6181872.509999999776483 ], [ 714518.0, 6181888.200000000186265 ], [ 714517.400000000023283, 6181889.339999999850988 ], [ 714509.63, 6181904.190000000409782 ], [ 714508.589999999967404, 6181906.17 ], [ 714501.26, 6181920.179999999701977 ], [ 714499.78000000002794, 6181923.0 ], [ 714490.979999999981374, 6181939.839999999850988 ], [ 714489.85999999998603, 6181941.980000000447035 ], [ 714482.160000000032596, 6181956.67 ], [ 714481.479999999981374, 6181957.980000000447035 ], [ 714473.349999999976717, 6181973.5 ], [ 714473.099999999976717, 6181973.980000000447035 ], [ 714464.540000000037253, 6181990.339999999850988 ], [ 714463.589999999967404, 6181992.150000000372529 ], [ 714455.729999999981374, 6182007.17 ], [ 714454.07999999995809, 6182010.320000000298023 ], [ 714489.5, 6182028.860000000335276 ], [ 714487.755, 6182032.191999999806285 ], [ 714496.394831676036119, 6182037.223901967518032 ], [ 714493.699999999953434, 6182042.370000000111759 ], [ 714529.13, 6182060.900000000372529 ], [ 714520.5, 6182077.379999999888241 ], [ 714511.87, 6182093.849999999627471 ], [ 714545.979999999981374, 6182112.230000000447035 ], [ 714543.72199999995064, 6182116.41399999987334 ], [ 714554.927999999956228, 6182121.94400000013411 ], [ 714552.38, 6182126.67 ], [ 714583.21999999997206, 6182143.259999999776483 ], [ 714592.96999999997206, 6182125.160000000149012 ], [ 714602.709999999962747, 6182107.059999999590218 ], [ 714612.459999999962747, 6182088.96 ], [ 714612.910000000032596, 6182088.120000000111759 ], [ 714622.35999999998603, 6182070.620000000111759 ], [ 714623.790000000037253, 6182067.980000000447035 ], [ 714633.550000000046566, 6182049.870000000111759 ], [ 714643.310000000055879, 6182031.759999999776483 ], [ 714653.069999999948777, 6182013.660000000149012 ], [ 714662.82999999995809, 6181995.549999999813735 ], [ 714672.589999999967404, 6181977.440000000409782 ], [ 714682.349999999976717, 6181959.33 ], [ 714651.569999999948777, 6181942.769999999552965 ], [ 714651.591000000014901, 6181942.737999999895692 ], [ 714672.930999999982305, 6181909.821000000461936 ], [ 714679.349999999976717, 6181899.92 ], [ 714684.150000000023283, 6181898.559999999590218 ], [ 714719.101000000024214, 6181917.485999999567866 ], [ 714726.537000000011176, 6181921.513000000268221 ], [ 714694.537999999942258, 6181983.026999999769032 ], [ 714773.233, 6182024.792000000365078 ], [ 714804.169, 6181963.552000000141561 ], [ 714809.957000000053085, 6181966.685999999754131 ], [ 714843.633000000030734, 6181984.92200000025332 ], [ 714874.145999999949709, 6182001.445000000298023 ], [ 714897.440780689590611, 6182014.059386517852545 ], [ 714864.310999999986961, 6182072.447999999858439 ], [ 714882.589999999967404, 6182077.700000000186265 ], [ 714899.57999999995809, 6182117.360000000335276 ], [ 714897.74, 6182119.0 ], [ 714895.979999999981374, 6182120.730000000447035 ], [ 714889.07999999995809, 6182111.299999999813735 ], [ 714863.24, 6182116.490000000223517 ], [ 714841.599999999976717, 6182120.839999999850988 ], [ 714820.32999999995809, 6182125.099999999627471 ], [ 714799.430000000051223, 6182129.309999999590218 ], [ 714783.290000000037253, 6182132.549999999813735 ], [ 714778.88, 6182133.559999999590218 ], [ 714758.53000000002794, 6182138.190000000409782 ], [ 714738.189999999944121, 6182142.820000000298023 ], [ 714720.64000000001397, 6182146.83 ], [ 714717.92000000004191, 6182147.740000000223517 ], [ 714705.76, 6182151.839999999850988 ], [ 714694.839999999967404, 6182154.910000000149012 ], [ 714676.85999999998603, 6182159.96999999973923 ], [ 714657.660000000032596, 6182165.42 ], [ 714658.540000000037253, 6182185.339999999850988 ], [ 714659.180000000051223, 6182199.769999999552965 ], [ 714660.410000000032596, 6182226.690000000409782 ], [ 714661.569999999948777, 6182252.79 ], [ 714663.050000000046566, 6182286.139999999664724 ], [ 714663.699999999953434, 6182301.71999999973923 ], [ 714668.67000000004191, 6182303.009999999776483 ], [ 714673.699999999953434, 6182304.089999999850988 ], [ 714676.75199999997858, 6182304.609000000171363 ], [ 714686.038999999989755, 6182317.127000000327826 ], [ 714686.26, 6182316.92 ], [ 714692.930000000051223, 6182317.299999999813735 ], [ 714699.599999999976717, 6182317.339999999850988 ], [ 714706.270000000018626, 6182317.04 ], [ 714712.910000000032596, 6182316.400000000372529 ], [ 714716.013999999966472, 6182316.020999999716878 ], [ 714741.613999999943189, 6182312.894999999552965 ], [ 714741.653999999980442, 6182312.890999999828637 ], [ 714744.540999999968335, 6182312.53899999987334 ], [ 714773.616999999969266, 6182308.990000000223517 ], [ 714804.853, 6182305.177000000141561 ], [ 714809.486000000033528, 6182304.610999999567866 ], [ 714809.525999999954365, 6182304.606999999843538 ], [ 714841.332999999984168, 6182300.724999999627471 ], [ 714846.179, 6182300.132000000216067 ], [ 714846.218, 6182300.127999999560416 ], [ 714879.849999999976717, 6182296.023 ], [ 714881.76, 6182295.79 ], [ 714891.67000000004191, 6182294.71 ], [ 714901.599999999976717, 6182293.879999999888241 ], [ 714907.479999999981374, 6182299.269999999552965 ], [ 714918.520000000018626, 6182301.474999999627471 ], [ 714919.21999999997206, 6182342.769000000320375 ], [ 714954.214000000036322, 6182342.364 ], [ 714959.209000000031665, 6182342.30599999986589 ], [ 714959.685000000055879, 6182370.421 ], [ 714959.685999999986961, 6182370.46100000012666 ], [ 714959.930000000051223, 6182384.860000000335276 ], [ 714960.439999999944121, 6182384.849999999627471 ], [ 714961.669, 6182457.438 ], [ 714965.67000000004191, 6182457.46 ], [ 715027.42000000004191, 6182455.200000000186265 ], [ 715097.892, 6182454.54700000025332 ], [ 715107.349000000045635, 6182457.502999999560416 ], [ 715180.234000000054948, 6182461.257000000216067 ], [ 715180.24, 6182460.009999999776483 ], [ 715180.199999999953434, 6182468.75 ], [ 715180.079000000027008, 6182471.396999999880791 ], [ 715190.984000000054948, 6182474.546 ], [ 715191.229999999981374, 6182467.53000000026077 ], [ 715191.235055749071762, 6182463.632017466239631 ], [ 715208.050000000046566, 6182468.900000000372529 ], [ 715267.792000000015832, 6182483.677000000141561 ], [ 715300.199999999953434, 6182425.070000000298023 ], [ 715387.937999999965541, 6182266.404 ], [ 715393.160000000032596, 6182256.96 ], [ 715397.550000000046566, 6182256.900000000372529 ], [ 715397.564000000013039, 6182256.875 ], [ 715412.13, 6182230.490000000223517 ], [ 715416.402, 6182222.769999999552965 ], [ 715416.523000000044703, 6182222.549999999813735 ], [ 715416.849999999976717, 6182221.96 ], [ 715431.54500000004191, 6182195.865000000223517 ], [ 715432.64000000001397, 6182193.92 ], [ 715435.922999999951571, 6182188.036999999545515 ], [ 715435.13, 6182187.599999999627471 ], [ 715436.07999999995809, 6182185.190000000409782 ], [ 715434.550000000046566, 6182184.33 ], [ 715442.939999999944121, 6182169.309999999590218 ], [ 715440.76, 6182168.089999999850988 ], [ 715443.199999999953434, 6182163.730000000447035 ], [ 715445.38, 6182164.950000000186265 ], [ 715448.680000000051223, 6182159.04 ], [ 715453.346000000019558, 6182151.997000000439584 ], [ 715463.699999999953434, 6182136.370000000111759 ], [ 715471.67000000004191, 6182121.259999999776483 ], [ 715455.319999999948777, 6182116.28000000026077 ], [ 715459.28000000002794, 6182093.309999999590218 ], [ 715450.449999999953434, 6182088.620000000111759 ], [ 715455.37, 6182079.339999999850988 ], [ 715437.699999999953434, 6182069.96 ], [ 715440.96999999997206, 6182063.809999999590218 ], [ 715448.040000000037253, 6182063.639999999664724 ], [ 715463.71999999997206, 6182064.059999999590218 ], [ 715463.74, 6182060.639999999664724 ], [ 715467.040000000037253, 6182060.740000000223517 ], [ 715472.01, 6182038.440000000409782 ], [ 715509.569999999948777, 6182046.820000000298023 ], [ 715510.420999999972992, 6182045.074 ], [ 715516.75, 6182032.089999999850988 ], [ 715518.679, 6182027.998999999836087 ], [ 715524.040000000037253, 6182016.629999999888241 ], [ 715519.35999999998603, 6182018.349999999627471 ], [ 715513.99, 6182015.879999999888241 ], [ 715509.78000000002794, 6182014.070000000298023 ], [ 715505.439999999944121, 6182012.589999999850988 ], [ 715501.01, 6182011.440000000409782 ], [ 715496.5, 6182010.639999999664724 ], [ 715508.17000000004191, 6181962.480000000447035 ], [ 715545.520000000018626, 6181970.400000000372529 ], [ 715553.60999999998603, 6181952.96 ], [ 715560.238000000012107, 6181938.060999999754131 ], [ 715561.618000000016764, 6181934.958999999798834 ], [ 715564.060000000055879, 6181929.46999999973923 ], [ 715570.85999999998603, 6181913.46999999973923 ], [ 715566.439999999944121, 6181915.809999999590218 ], [ 715537.949999999953434, 6181909.28000000026077 ], [ 715543.060000000055879, 6181887.04 ], [ 715545.53000000002794, 6181876.299999999813735 ], [ 715547.900000000023283, 6181868.230000000447035 ], [ 715552.07999999995809, 6181853.83 ], [ 715553.199999999953434, 6181849.96999999973923 ], [ 715558.060000000055879, 6181833.25 ], [ 715558.229999999981374, 6181832.67 ], [ 715564.32999999995809, 6181811.67 ], [ 715566.699999999953434, 6181812.910000000149012 ], [ 715581.28000000002794, 6181784.440000000409782 ], [ 715614.349999999976717, 6181801.53000000026077 ], [ 715615.709999999962747, 6181805.04 ], [ 715622.040000000037253, 6181788.639999999664724 ], [ 715618.939999999944121, 6181789.83 ], [ 715585.439999999944121, 6181772.5 ], [ 715592.51, 6181758.519999999552965 ], [ 715588.17000000004191, 6181742.839999999850988 ], [ 715585.599999999976717, 6181741.509999999776483 ], [ 715598.810000000055879, 6181716.049999999813735 ], [ 715601.38, 6181717.379999999888241 ], [ 715608.52800000004936, 6181721.093000000342727 ], [ 715616.78000000002794, 6181725.379999999888241 ], [ 715635.066, 6181734.848000000230968 ], [ 715641.248999999952503, 6181737.125 ], [ 715644.400000000023283, 6181728.480000000447035 ], [ 715642.020000000018626, 6181729.370000000111759 ], [ 715617.189999999944121, 6181716.440000000409782 ], [ 715621.12, 6181705.610000000335276 ], [ 715632.57999999995809, 6181708.110000000335276 ], [ 715640.060000000055879, 6181703.200000000186265 ], [ 715649.71999999997206, 6181689.139999999664724 ], [ 715657.290000000037253, 6181693.190000000409782 ], [ 715664.26, 6181674.120000000111759 ], [ 715666.625, 6181667.640999999828637 ], [ 715666.660000000032596, 6181667.545 ], [ 715671.410000000032596, 6181654.53000000026077 ], [ 715676.930000000051223, 6181639.450000000186265 ], [ 715680.961000000010245, 6181628.46100000012666 ], [ 715691.332000000053085, 6181632.196000000461936 ], [ 715705.277, 6181592.271999999880791 ], [ 715711.136999999987893, 6181575.496000000275671 ], [ 715711.071, 6181575.471 ], [ 715724.696, 6181538.849000000394881 ], [ 715725.087999999988824, 6181537.795 ], [ 715739.204000000027008, 6181499.850999999791384 ], [ 715752.996999999973923, 6181462.78000000026077 ], [ 715753.256000000052154, 6181462.082000000402331 ], [ 715761.425000000046566, 6181440.126000000163913 ], [ 715766.76, 6181425.13399999961257 ], [ 715775.680000000051223, 6181400.068 ], [ 715780.196, 6181387.379999999888241 ], [ 715792.559, 6181352.638000000268221 ], [ 715794.49800000002142, 6181347.190000000409782 ], [ 715804.650000000023283, 6181320.042999999597669 ], [ 715810.258000000030734, 6181305.048999999649823 ], [ 715816.386999999987893, 6181288.661999999545515 ], [ 715821.979000000050291, 6181273.707000000402331 ], [ 715810.300000000046566, 6181266.019999999552965 ], [ 715807.020000000018626, 6181260.610000000335276 ], [ 715817.64000000001397, 6181228.110000000335276 ], [ 715827.520000000018626, 6181216.950000000186265 ], [ 715832.88, 6181208.650000000372529 ], [ 715843.810000000055879, 6181184.120000000111759 ], [ 715845.761999999987893, 6181178.782999999821186 ], [ 715847.62, 6181173.700000000186265 ], [ 715828.78000000002794, 6181166.96 ], [ 715827.930000000051223, 6181169.309999999590218 ], [ 715792.040000000037253, 6181156.75 ], [ 715806.118000000016764, 6181118.735000000335276 ], [ 715806.131999999983236, 6181118.696999999694526 ], [ 715811.189999999944121, 6181105.04 ], [ 715786.21999999997206, 6181095.96 ], [ 715809.184, 6181031.291000000201166 ], [ 715811.339999999967404, 6181025.21999999973923 ], [ 715814.689999999944121, 6181015.78000000026077 ], [ 715816.459999999962747, 6181010.809999999590218 ], [ 715817.199999999953434, 6181009.21 ], [ 715818.229999999981374, 6181007.78000000026077 ], [ 715819.5, 6181006.559999999590218 ], [ 715820.979999999981374, 6181005.599999999627471 ], [ 715822.599999999976717, 6181004.92 ], [ 715824.32999999995809, 6181004.559999999590218 ], [ 715831.77800000004936, 6181003.691999999806285 ], [ 715839.0, 6181002.849999999627471 ], [ 715859.209999999962747, 6181000.519999999552965 ], [ 715886.10999999998603, 6180997.400000000372529 ], [ 715890.020000000018626, 6181000.509999999776483 ], [ 715892.76500000001397, 6181013.877000000327826 ], [ 715892.768999999971129, 6181013.877000000327826 ], [ 715892.589999999967404, 6181007.910000000149012 ], [ 715891.60999999998603, 6180996.769999999552965 ], [ 715890.136999999987893, 6180983.759999999776483 ], [ 715889.810000000055879, 6180980.870000000111759 ], [ 715888.349999999976717, 6180967.96999999973923 ], [ 715886.800000000046566, 6180953.639999999664724 ], [ 715885.883999999961816, 6180945.894000000320375 ], [ 715884.85999999998603, 6180937.240000000223517 ], [ 715883.810000000055879, 6180928.33 ], [ 715883.569999999948777, 6180926.339999999850988 ], [ 715882.01, 6180910.860000000335276 ], [ 715880.483, 6180905.468999999575317 ], [ 715879.900000000023283, 6180903.410000000149012 ], [ 715879.689999999944121, 6180901.483 ], [ 715878.939999999944121, 6180894.589999999850988 ], [ 715875.60999999998603, 6180894.379999999888241 ], [ 715875.060000000055879, 6180889.320000000298023 ], [ 715878.24, 6180888.259999999776483 ], [ 715876.170999999972992, 6180868.899000000208616 ], [ 715875.479999999981374, 6180862.429999999701977 ], [ 715873.459999999962747, 6180862.629999999888241 ], [ 715873.270000000018626, 6180860.696999999694526 ], [ 715872.569999999948777, 6180853.570000000298023 ], [ 715876.51500000001397, 6180853.526999999769032 ], [ 715875.76300000003539, 6180841.208999999798834 ], [ 715875.131000000052154, 6180830.843999999575317 ], [ 715860.446, 6180831.349999999627471 ], [ 715862.169, 6180815.871000000275671 ], [ 715857.560000000055879, 6180816.179999999701977 ], [ 715854.810000000055879, 6180816.370000000111759 ], [ 715848.63, 6180816.120000000111759 ], [ 715848.699999999953434, 6180817.629999999888241 ], [ 715847.03000000002794, 6180817.679999999701977 ], [ 715847.089999999967404, 6180819.320000000298023 ], [ 715845.25, 6180819.42 ], [ 715845.180000000051223, 6180817.78000000026077 ], [ 715843.540000000037253, 6180817.849999999627471 ], [ 715843.46999999997206, 6180816.339999999850988 ], [ 715834.800000000046566, 6180816.690000000409782 ], [ 715834.79500000004191, 6180816.69400000013411 ], [ 715830.145999999949709, 6180792.471 ], [ 715827.172000000020489, 6180773.467000000178814 ], [ 715826.96999999997206, 6180772.148 ], [ 715824.868000000016764, 6180772.519999999552965 ], [ 715823.535000000032596, 6180770.244 ], [ 715822.38, 6180767.872999999672174 ], [ 715821.408999999985099, 6180765.421 ], [ 715820.505, 6180762.706000000238419 ], [ 715819.966000000014901, 6180759.895999999716878 ], [ 715819.194999999948777, 6180747.639999999664724 ], [ 715818.802000000025146, 6180727.373999999836087 ], [ 715866.077999999979511, 6180730.65500000026077 ], [ 715907.996999999973923, 6180733.548000000417233 ], [ 715901.525999999954365, 6180687.253999999724329 ], [ 715901.53000000002794, 6180687.25 ], [ 715904.699999999953434, 6180683.549999999813735 ], [ 715913.069999999948777, 6180673.820000000298023 ], [ 715920.13, 6180665.599999999627471 ], [ 715947.680000000051223, 6180667.21999999973923 ], [ 715947.900000000023283, 6180653.379999999888241 ], [ 715959.209999999962747, 6180654.589999999850988 ], [ 715972.46999999997206, 6180654.83 ], [ 715972.51, 6180643.690000000409782 ], [ 715970.21999999997206, 6180636.259999999776483 ], [ 715963.300000000046566, 6180630.75 ], [ 715967.99, 6180630.429999999701977 ], [ 715973.939999999944121, 6180630.259999999776483 ], [ 715979.88, 6180630.179999999701977 ], [ 715981.822000000043772, 6180630.105999999679625 ], [ 715979.062000000034459, 6180612.695000000298023 ], [ 715975.868000000016764, 6180592.541000000201166 ], [ 715968.310000000055879, 6180593.620000000111759 ], [ 715940.162000000011176, 6180597.640999999828637 ], [ 715936.424, 6180598.174999999813735 ], [ 715930.439999999944121, 6180599.03000000026077 ], [ 715926.400000000023283, 6180596.110000000335276 ], [ 715925.910000000032596, 6180592.839999999850988 ], [ 715925.57999999995809, 6180589.559999999590218 ], [ 715925.189000000013039, 6180585.458999999798834 ], [ 715921.866999999969266, 6180550.650999999605119 ], [ 715920.64000000001397, 6180537.79 ], [ 715926.03000000002794, 6180530.929999999701977 ], [ 715939.569000000017695, 6180528.861999999731779 ], [ 715966.952000000048429, 6180524.678999999538064 ], [ 715966.337999999988824, 6180514.667999999597669 ], [ 715938.211000000010245, 6180518.96999999973923 ], [ 715925.32999999995809, 6180520.940000000409782 ], [ 715918.540000000037253, 6180515.639999999664724 ], [ 715915.92000000004191, 6180487.96 ], [ 715915.772, 6180486.628999999724329 ], [ 715914.979999999981374, 6180479.509999999776483 ], [ 715913.770000000018626, 6180471.089999999850988 ], [ 715912.290000000037253, 6180462.71999999973923 ], [ 715910.540000000037253, 6180454.389999999664724 ], [ 715909.868000000016764, 6180451.433000000193715 ], [ 715904.777, 6180429.00899999961257 ], [ 715904.768000000040047, 6180428.96999999973923 ], [ 715897.778999999980442, 6180398.184999999590218 ], [ 715891.050000000046566, 6180368.549999999813735 ], [ 715891.285000000032596, 6180368.052000000141561 ], [ 715880.089000000036322, 6180355.281999999657273 ], [ 715885.189999999944121, 6180352.759999999776483 ], [ 715882.770000000018626, 6180344.320000000298023 ], [ 715855.12, 6180352.160000000149012 ], [ 715821.839999999967404, 6180361.629999999888241 ], [ 715768.26, 6180374.870000000111759 ], [ 715704.680000000051223, 6180388.33 ], [ 715682.67000000004191, 6180392.110000000335276 ], [ 715642.199999999953434, 6180399.04 ], [ 715617.89000000001397, 6180404.339999999850988 ], [ 715604.660000000032596, 6180407.08 ], [ 715592.13, 6180407.04 ], [ 715569.849999999976717, 6180407.339999999850988 ], [ 715554.900000000023283, 6180408.490000000223517 ], [ 715538.300000000046566, 6180409.650000000372529 ], [ 715518.28000000002794, 6180411.129999999888241 ], [ 715509.824999999953434, 6180411.759999999776483 ], [ 715509.819999999948777, 6180411.759999999776483 ], [ 715478.883999999961816, 6180413.059000000357628 ], [ 715478.85999999998603, 6180413.059999999590218 ], [ 715442.680000000051223, 6180413.940000000409782 ], [ 715402.337000000057742, 6180414.462000000290573 ], [ 715360.050000000046566, 6180415.009999999776483 ], [ 715327.125, 6180415.434999999590218 ], [ 715315.089999999967404, 6180415.589999999850988 ], [ 715315.38, 6180412.96 ], [ 715291.979999999981374, 6180413.429999999701977 ], [ 715291.459999999962747, 6180415.92 ], [ 715127.150000000023283, 6180417.980000000447035 ], [ 715127.46999999997206, 6180437.79 ], [ 715151.023000000044703, 6180437.49100000038743 ], [ 715151.062999999965541, 6180437.49100000038743 ], [ 715166.39000000001397, 6180437.29700000025332 ], [ 715166.429, 6180437.296 ], [ 715197.055999999982305, 6180436.907999999821186 ], [ 715197.096000000019558, 6180436.906000000424683 ], [ 715287.689999999944121, 6180435.759999999776483 ], [ 715287.027, 6180441.75899999961257 ] ] ] ] } },
{ "type": "Feature", "properties": { "fid": 3, "Red_area_P": 53.993, "Bef_area_P": 67.491, "Area_PULS": 128.264, "PULS_Navn": 4300000, "Høj_Bolig_[Ha]": 4.375181567445023, "Ikke_bef_[Ha]": 0.99902402246689814, "Industri_[Ha]": 0.00046059226057829859, "Kunstgræs_[Ha]": 0.0, "Lav_bolig_[Ha]": 37.908847575100445, "Losseplads_[Ha]": 0.0, "Parkering_[Ha]": 3.0878607098453177, "ÅDT<15000_[Ha]": 7.195170073458879, "ÅDT>15000_[Ha]": 0.0086273218370903279 }, "geometry": { "type": "MultiPolygon", "coordinates": [ [ [ [ 714596.657, 6181613.850999999791384 ], [ 714592.14000000001397, 6181596.110000000335276 ], [ 714634.540000000037253, 6181582.509999999776483 ], [ 714626.810000000055879, 6181548.907999999821186 ], [ 714658.48499999998603, 6181537.450000000186265 ], [ 714652.582000000053085, 6181516.089999999850988 ], [ 714638.893999999971129, 6181466.565000000409782 ], [ 714635.150000000023283, 6181453.019999999552965 ], [ 714633.310000000055879, 6181446.269999999552965 ], [ 714625.981000000028871, 6181419.792000000365078 ], [ 714618.856000000028871, 6181394.04700000025332 ], [ 714540.968, 6181410.503999999724329 ], [ 714540.339999999967404, 6181408.200000000186265 ], [ 714532.979999999981374, 6181409.730000000447035 ], [ 714523.319999999948777, 6181374.259999999776483 ], [ 714575.770000000018626, 6181358.440000000409782 ], [ 714606.439999999944121, 6181349.190000000409782 ], [ 714596.569999999948777, 6181313.519999999552965 ], [ 714595.238999999943189, 6181308.691999999806285 ], [ 714589.868999999947846, 6181289.213000000454485 ], [ 714601.628000000026077, 6181284.480999999679625 ], [ 714593.615, 6181255.526999999769032 ], [ 714593.604999999981374, 6181255.487999999895692 ], [ 714591.310000000055879, 6181247.196000000461936 ], [ 714584.805999999982305, 6181223.690999999642372 ], [ 714677.557000000029802, 6181196.714999999850988 ], [ 714675.069999999948777, 6181190.320000000298023 ], [ 714675.067999999970198, 6181190.314000000245869 ], [ 714662.910000000032596, 6181148.269999999552965 ], [ 714662.910000000032596, 6181148.269000000320375 ], [ 714661.42000000004191, 6181143.529 ], [ 714636.498999999952503, 6181150.767 ], [ 714594.118000000016764, 6181163.076999999582767 ], [ 714573.38, 6181169.099999999627471 ], [ 714570.900000000023283, 6181173.440000000409782 ], [ 714572.734000000054948, 6181180.066999999806285 ], [ 714557.667000000015832, 6181182.707999999634922 ], [ 714556.615, 6181172.00800000037998 ], [ 714557.449999999953434, 6181170.46 ], [ 714555.898999999975786, 6181164.717000000178814 ], [ 714554.805999999982305, 6181160.67200000025332 ], [ 714549.939999999944121, 6181142.660000000149012 ], [ 714524.599999999976717, 6181152.08 ], [ 714522.63, 6181152.809999999590218 ], [ 714503.51, 6181159.92 ], [ 714502.01, 6181160.46999999973923 ], [ 714482.410000000032596, 6181167.759999999776483 ], [ 714481.39000000001397, 6181168.139999999664724 ], [ 714461.319999999948777, 6181175.599999999627471 ], [ 714460.76, 6181175.799999999813735 ], [ 714440.37, 6181183.379999999888241 ], [ 714440.21999999997206, 6181183.440000000409782 ], [ 714419.520000000018626, 6181191.129999999888241 ], [ 714419.13, 6181191.28000000026077 ], [ 714398.89000000001397, 6181198.799999999813735 ], [ 714398.03000000002794, 6181199.110000000335276 ], [ 714378.270000000018626, 6181206.46 ], [ 714376.939999999944121, 6181206.950000000186265 ], [ 714357.64000000001397, 6181214.120000000111759 ], [ 714355.839999999967404, 6181214.79 ], [ 714337.020000000018626, 6181221.79 ], [ 714334.75, 6181222.629999999888241 ], [ 714316.39000000001397, 6181229.450000000186265 ], [ 714313.650000000023283, 6181230.46999999973923 ], [ 714295.770000000018626, 6181237.120000000111759 ], [ 714292.560000000055879, 6181238.309999999590218 ], [ 714275.150000000023283, 6181244.78000000026077 ], [ 714271.459999999962747, 6181246.150000000372529 ], [ 714254.540000000037253, 6181252.440000000409782 ], [ 714250.37, 6181253.990000000223517 ], [ 714233.0, 6181260.440000000409782 ], [ 714229.270000000018626, 6181261.83 ], [ 714208.180000000051223, 6181269.67 ], [ 714207.71999999997206, 6181269.839999999850988 ], [ 714187.07999999995809, 6181277.509999999776483 ], [ 714172.92000000004191, 6181282.849999999627471 ], [ 714171.87, 6181287.450000000186265 ], [ 714171.214000000036322, 6181290.673000000417233 ], [ 714155.319999999948777, 6181289.309999999590218 ], [ 714122.290000000037253, 6181301.58 ], [ 714118.520000000018626, 6181302.990000000223517 ], [ 714095.07999999995809, 6181311.700000000186265 ], [ 714089.199999999953434, 6181313.879999999888241 ], [ 714071.64000000001397, 6181320.410000000149012 ], [ 714056.0, 6181326.21999999973923 ], [ 714048.209999999962747, 6181329.120000000111759 ], [ 714024.770000000018626, 6181337.83 ], [ 714020.85999999998603, 6181339.28000000026077 ], [ 714001.32999999995809, 6181346.54 ], [ 713973.410000000032596, 6181356.92 ], [ 713992.62, 6181383.92 ], [ 713996.10999999998603, 6181394.259999999776483 ], [ 713998.26, 6181393.96999999973923 ], [ 713999.520000000018626, 6181393.660000000149012 ], [ 714000.810000000055879, 6181393.700000000186265 ], [ 714002.040000000037253, 6181394.089999999850988 ], [ 714003.12, 6181394.799999999813735 ], [ 714003.959999999962747, 6181395.78000000026077 ], [ 714004.51, 6181396.950000000186265 ], [ 714004.71999999997206, 6181398.230000000447035 ], [ 714014.229999999981374, 6181394.559999999590218 ], [ 714030.24, 6181423.29 ], [ 714048.99, 6181416.320000000298023 ], [ 714067.74, 6181409.349999999627471 ], [ 714086.49, 6181402.379999999888241 ], [ 714105.24, 6181395.42 ], [ 714123.99, 6181388.450000000186265 ], [ 714138.479999999981374, 6181383.059999999590218 ], [ 714131.615, 6181420.440999999642372 ], [ 714114.704000000027008, 6181512.532999999821186 ], [ 714113.180000000051223, 6181520.83 ], [ 714109.263999999966472, 6181543.877000000327826 ], [ 714102.471000000019558, 6181583.855999999679625 ], [ 714102.46999999997206, 6181583.860000000335276 ], [ 714102.224999999976717, 6181585.230999999679625 ], [ 714094.692999999970198, 6181627.477 ], [ 714088.645999999949709, 6181661.389999999664724 ], [ 714083.60999999998603, 6181689.629999999888241 ], [ 714082.37, 6181697.849999999627471 ], [ 714081.667000000015832, 6181704.691999999806285 ], [ 714081.520000000018626, 6181706.120000000111759 ], [ 714081.040000000037253, 6181714.42 ], [ 714080.949999999953434, 6181722.740000000223517 ], [ 714041.5, 6181730.990000000223517 ], [ 714047.729999999981374, 6181765.79 ], [ 714048.76, 6181771.559999999590218 ], [ 714050.32999999995809, 6181783.490000000223517 ], [ 714051.089999999967404, 6181789.259999999776483 ], [ 714051.37, 6181791.379999999888241 ], [ 714052.07999999995809, 6181796.740000000223517 ], [ 714052.800000000046566, 6181811.009999999776483 ], [ 714051.87, 6181828.589999999850988 ], [ 714048.57999999995809, 6181852.67 ], [ 714043.547999999951571, 6181874.347 ], [ 714043.089999999967404, 6181876.33 ], [ 714038.310000000055879, 6181894.429999999701977 ], [ 714038.297000000020489, 6181894.433000000193715 ], [ 714037.979999999981374, 6181895.769999999552965 ], [ 714036.540000000037253, 6181901.17 ], [ 714035.099999999976717, 6181906.570000000298023 ], [ 714048.319999999948777, 6181903.849999999627471 ], [ 714052.729999999981374, 6181902.950000000186265 ], [ 714057.949999999953434, 6181928.33 ], [ 714062.99, 6181952.429999999701977 ], [ 714065.63, 6181964.96 ], [ 714041.439999999944121, 6181967.320000000298023 ], [ 714046.910000000032596, 6181981.440000000409782 ], [ 714053.28000000002794, 6181995.92 ], [ 714058.300000000046566, 6182012.96999999973923 ], [ 714058.560000000055879, 6182013.739 ], [ 714062.07999999995809, 6182024.150000000372529 ], [ 714063.459999999962747, 6182035.28000000026077 ], [ 714062.410000000032596, 6182042.860000000335276 ], [ 714060.868000000016764, 6182050.451999999582767 ], [ 714060.689999999944121, 6182051.33 ], [ 714056.459999999962747, 6182073.0 ], [ 714054.300000000046566, 6182080.910000000149012 ], [ 714052.310000000055879, 6182088.21999999973923 ], [ 714051.290000000037253, 6182091.400000000372529 ], [ 714048.14000000001397, 6182101.150000000372529 ], [ 714046.189999999944121, 6182106.360000000335276 ], [ 714045.180000000051223, 6182109.679999999701977 ], [ 714040.949999999953434, 6182123.509999999776483 ], [ 714036.650000000023283, 6182136.820000000298023 ], [ 714036.365, 6182137.411999999545515 ], [ 714032.560000000055879, 6182145.309999999590218 ], [ 714022.660000000032596, 6182173.79 ], [ 714021.199999999953434, 6182178.25 ], [ 714019.76, 6182183.400000000372529 ], [ 714013.603, 6182205.082000000402331 ], [ 714013.550000000046566, 6182205.269999999552965 ], [ 714005.209999999962747, 6182232.42 ], [ 714027.550000000046566, 6182233.610000000335276 ], [ 714045.060000000055879, 6182234.54 ], [ 714059.400000000023283, 6182235.299999999813735 ], [ 714078.699999999953434, 6182235.370000000111759 ], [ 714083.49, 6182235.389999999664724 ], [ 714084.800000000046566, 6182254.099999999627471 ], [ 714085.209999999962747, 6182264.849999999627471 ], [ 714086.310000000055879, 6182293.980000000447035 ], [ 714086.709999999962747, 6182304.46999999973923 ], [ 714087.189999999944121, 6182341.009999999776483 ], [ 714087.17000000004191, 6182374.070000000298023 ], [ 714087.01, 6182387.400000000372529 ], [ 714086.89000000001397, 6182397.519999999552965 ], [ 714086.729999999981374, 6182408.429999999701977 ], [ 714087.459999999962747, 6182429.440000000409782 ], [ 714087.82999999995809, 6182430.46999999973923 ], [ 714097.810000000055879, 6182458.299999999813735 ], [ 714098.99, 6182461.589999999850988 ], [ 714102.85999999998603, 6182467.21999999973923 ], [ 714105.89000000001397, 6182473.5 ], [ 714110.339999999967404, 6182481.299999999813735 ], [ 714121.849999999976717, 6182501.46 ], [ 714122.839999999967404, 6182502.589999999850988 ], [ 714132.10999999998603, 6182513.139999999664724 ], [ 714147.790000000037253, 6182512.28000000026077 ], [ 714165.189999999944121, 6182516.75 ], [ 714182.57999999995809, 6182521.21999999973923 ], [ 714199.979999999981374, 6182525.690000000409782 ], [ 714198.85999999998603, 6182530.08 ], [ 714216.25, 6182534.559999999590218 ], [ 714215.37, 6182537.990000000223517 ], [ 714205.13, 6182583.299999999813735 ], [ 714191.07999999995809, 6182638.700000000186265 ], [ 714182.699999999953434, 6182671.71 ], [ 714211.319999999948777, 6182682.54 ], [ 714224.67000000004191, 6182647.230000000447035 ], [ 714233.25, 6182651.019999999552965 ], [ 714251.38, 6182659.019999999552965 ], [ 714250.537999999942258, 6182660.582000000402331 ], [ 714261.699999999953434, 6182666.645999999716878 ], [ 714268.60999999998603, 6182653.870000000111759 ], [ 714322.71999999997206, 6182679.08 ], [ 714316.089999999967404, 6182694.389999999664724 ], [ 714292.349999999976717, 6182683.940000000409782 ], [ 714281.0, 6182710.269999999552965 ], [ 714253.270000000018626, 6182697.96999999973923 ], [ 714228.979999999981374, 6182689.42 ], [ 714212.5, 6182683.0 ], [ 714207.631999999983236, 6182698.019999999552965 ], [ 714223.430000000051223, 6182703.67 ], [ 714211.13, 6182737.259999999776483 ], [ 714201.300000000046566, 6182764.099999999627471 ], [ 714213.64000000001397, 6182768.588999999687076 ], [ 714217.74, 6182770.08 ], [ 714218.098, 6182769.11600000038743 ], [ 714218.189999999944121, 6182768.86600000038743 ], [ 714218.191, 6182768.86600000038743 ], [ 714230.125, 6182773.239 ], [ 714230.581, 6182773.321000000461936 ], [ 714230.797999999951571, 6182773.360000000335276 ], [ 714231.050000000046566, 6182773.31900000013411 ], [ 714231.469000000040978, 6182773.25 ], [ 714231.49800000002142, 6182773.234000000171363 ], [ 714232.060000000055879, 6182772.92 ], [ 714232.403999999980442, 6182772.537999999709427 ], [ 714232.51300000003539, 6182772.415 ], [ 714233.008000000030734, 6182771.621000000275671 ], [ 714253.599999999976717, 6182738.589999999850988 ], [ 714255.14000000001397, 6182734.379999999888241 ], [ 714255.143999999971129, 6182734.382000000216067 ], [ 714255.145000000018626, 6182734.378999999724329 ], [ 714265.569999999948777, 6182738.987999999895692 ], [ 714265.615, 6182738.865000000223517 ], [ 714265.800000000046566, 6182738.349999999627471 ], [ 714265.802999999956228, 6182738.350999999791384 ], [ 714265.802999999956228, 6182738.349999999627471 ], [ 714282.138999999966472, 6182745.657999999821186 ], [ 714299.758999999961816, 6182753.54 ], [ 714299.758999999961816, 6182753.541000000201166 ], [ 714298.191, 6182754.318 ], [ 714283.469000000040978, 6182777.348000000230968 ], [ 714265.84499999997206, 6182806.24100000038743 ], [ 714259.545999999972992, 6182824.746000000275671 ], [ 714251.991000000038184, 6182847.046 ], [ 714252.26500000001397, 6182847.235999999567866 ], [ 714255.799, 6182848.360000000335276 ], [ 714257.395000000018626, 6182848.867999999783933 ], [ 714257.672999999951571, 6182848.979000000283122 ], [ 714264.191, 6182828.92 ], [ 714268.579000000027008, 6182819.912999999709427 ], [ 714275.898000000044703, 6182814.565000000409782 ], [ 714284.520999999949709, 6182812.485000000335276 ], [ 714293.506999999983236, 6182813.821999999694526 ], [ 714312.662999999942258, 6182820.894000000320375 ], [ 714354.363000000012107, 6182836.286999999545515 ], [ 714354.712000000057742, 6182836.416000000201166 ], [ 714356.623999999952503, 6182830.731999999843538 ], [ 714359.430000000051223, 6182822.404 ], [ 714361.167000000015832, 6182817.70299999974668 ], [ 714361.17000000004191, 6182817.700000000186265 ], [ 714361.451271432451904, 6182816.873068017885089 ], [ 714371.175999999977648, 6182819.309999999590218 ], [ 714369.020000000018626, 6182825.629999999888241 ], [ 714404.28000000002794, 6182833.129999999888241 ], [ 714403.729999999981374, 6182837.610000000335276 ], [ 714404.13, 6182837.650000000372529 ], [ 714430.89000000001397, 6182840.950000000186265 ], [ 714431.57999999995809, 6182838.879999999888241 ], [ 714437.17000000004191, 6182840.129999999888241 ], [ 714449.01, 6182842.78000000026077 ], [ 714463.839999999967404, 6182845.860000000335276 ], [ 714467.96999999997206, 6182846.570000000298023 ], [ 714470.040000000037253, 6182847.150000000372529 ], [ 714467.10999999998603, 6182855.929999999701977 ], [ 714465.21999999997206, 6182861.570000000298023 ], [ 714462.38, 6182870.110000000335276 ], [ 714459.46999999997206, 6182878.809999999590218 ], [ 714456.76, 6182886.950000000186265 ], [ 714454.88, 6182892.589999999850988 ], [ 714452.99, 6182898.240000000223517 ], [ 714449.57999999995809, 6182908.46999999973923 ], [ 714447.089999999967404, 6182916.33 ], [ 714463.17000000004191, 6182919.839999999850988 ], [ 714479.310000000055879, 6182923.059999999590218 ], [ 714485.015999999945052, 6182924.088000000454485 ], [ 714485.055000000051223, 6182924.09499999973923 ], [ 714495.51, 6182925.980000000447035 ], [ 714506.317000000039116, 6182927.63300000037998 ], [ 714508.39000000001397, 6182927.950000000186265 ], [ 714515.030999999959022, 6182928.876000000163913 ], [ 714515.069999999948777, 6182928.879999999888241 ], [ 714515.071, 6182928.878999999724329 ], [ 714515.069999999948777, 6182928.882000000216067 ], [ 714521.300000000046566, 6182929.75 ], [ 714534.15500000002794, 6182931.360999999567866 ], [ 714534.109000000054948, 6182931.49100000038743 ], [ 714534.819999999948777, 6182931.579 ], [ 714537.662999999942258, 6182931.923999999649823 ], [ 714540.506999999983236, 6182932.261 ], [ 714543.351999999955297, 6182932.588000000454485 ], [ 714546.199000000022352, 6182932.906000000424683 ], [ 714549.045999999972992, 6182933.216 ], [ 714551.893999999971129, 6182933.515999999828637 ], [ 714552.606000000028871, 6182933.589999999850988 ], [ 714555.456, 6182933.878999999724329 ], [ 714558.305999999982305, 6182934.157999999821186 ], [ 714561.157, 6182934.428999999538064 ], [ 714564.008999999961816, 6182934.690999999642372 ], [ 714564.38800000003539, 6182934.724000000394881 ], [ 714566.86199999996461, 6182934.943 ], [ 714567.65300000004936, 6182935.011 ], [ 714569.770000000018626, 6182935.21999999973923 ], [ 714603.89000000001397, 6182937.990000000223517 ], [ 714625.87699999997858, 6182939.746000000275671 ], [ 714631.947000000043772, 6182940.239 ], [ 714645.153999999980442, 6182941.310999999754131 ], [ 714649.903999999980442, 6182927.611999999731779 ], [ 714662.322000000043772, 6182891.792000000365078 ], [ 714665.908000000054017, 6182881.447999999858439 ], [ 714665.964999999967404, 6182881.454 ], [ 714724.937000000034459, 6182887.233 ], [ 714724.937999999965541, 6182887.230000000447035 ], [ 714739.805937395547517, 6182844.619179421104491 ], [ 714739.810000000055879, 6182844.620000000111759 ], [ 714756.435000000055879, 6182847.974999999627471 ], [ 714760.67000000004191, 6182848.83 ], [ 714774.650000000023283, 6182851.83 ], [ 714779.550000000046566, 6182852.839999999850988 ], [ 714798.816, 6182856.832999999634922 ], [ 714806.569999999948777, 6182858.440000000409782 ], [ 714832.71999999997206, 6182863.849999999627471 ], [ 714840.748999999952503, 6182865.071999999694526 ], [ 714845.53000000002794, 6182865.799999999813735 ], [ 714857.770000000018626, 6182867.21999999973923 ], [ 714872.160000000032596, 6182867.440000000409782 ], [ 714881.24, 6182867.690999999642372 ], [ 714924.321, 6182868.879999999888241 ], [ 714931.199999999953434, 6182869.070000000298023 ], [ 714951.14000000001397, 6182869.337000000290573 ], [ 714961.87, 6182869.480000000447035 ], [ 714961.87, 6182869.502999999560416 ], [ 714962.300000000046566, 6182893.089999999850988 ], [ 714966.650000000023283, 6182908.589999999850988 ], [ 714967.46999999997206, 6182914.21 ], [ 714959.199999999953434, 6182964.599999999627471 ], [ 714965.709999999962747, 6182964.58 ], [ 714971.069999999948777, 6182965.0 ], [ 714977.650000000023283, 6182965.299999999813735 ], [ 714977.550000000046566, 6182918.309999999590218 ], [ 714975.949999999953434, 6182909.160000000149012 ], [ 714971.67000000004191, 6182899.0 ], [ 714969.53000000002794, 6182891.96 ], [ 714969.290000000037253, 6182869.629999999888241 ], [ 714981.099999999976717, 6182869.799999999813735 ], [ 714980.74, 6182899.240000000223517 ], [ 715007.349999999976717, 6182899.019999999552965 ], [ 715007.040000000037253, 6182868.900000000372529 ], [ 715041.439999999944121, 6182866.089999999850988 ], [ 715050.63, 6182867.268000000156462 ], [ 715055.17000000004191, 6182867.849999999627471 ], [ 715062.147, 6182874.291000000201166 ], [ 715087.788999999989755, 6182868.32799999974668 ], [ 715098.442999999970198, 6182875.275999999605119 ], [ 715099.38, 6182874.410000000149012 ], [ 715101.03000000002794, 6182873.29 ], [ 715102.819999999948777, 6182872.440000000409782 ], [ 715104.729999999981374, 6182871.870000000111759 ], [ 715106.699999999953434, 6182871.599999999627471 ], [ 715108.689999999944121, 6182871.639999999664724 ], [ 715132.343, 6182874.502000000327826 ], [ 715132.49, 6182874.519999999552965 ], [ 715132.50199999997858, 6182874.543999999761581 ], [ 715156.050000000046566, 6182880.700000000186265 ], [ 715179.613999999943189, 6182886.974999999627471 ], [ 715188.270000000018626, 6182889.28000000026077 ], [ 715205.062999999965541, 6182893.609000000171363 ], [ 715240.341999999945983, 6182902.70299999974668 ], [ 715267.099999999976717, 6182909.599999999627471 ], [ 715268.810000000055879, 6182910.04 ], [ 715288.506999999983236, 6182915.809000000357628 ], [ 715301.209999999962747, 6182919.529 ], [ 715322.180000000051223, 6182925.67 ], [ 715330.258000000030734, 6182927.454 ], [ 715334.900000000023283, 6182928.480000000447035 ], [ 715352.5, 6182933.179999999701977 ], [ 715367.645999999949709, 6182937.159 ], [ 715386.189999999944121, 6182942.03000000026077 ], [ 715409.636000000056811, 6182949.017 ], [ 715429.479999999981374, 6182954.929999999701977 ], [ 715428.38, 6182958.799999999813735 ], [ 715448.451, 6182963.650000000372529 ], [ 715449.900000000023283, 6182964.0 ], [ 715468.939999999944121, 6182968.139999999664724 ], [ 715473.383000000030734, 6182969.05599999986589 ], [ 715495.79500000004191, 6182973.674999999813735 ], [ 715500.959999999962747, 6182974.740000000223517 ], [ 715502.71999999997206, 6182975.28000000026077 ], [ 715504.349999999976717, 6182976.139999999664724 ], [ 715505.800000000046566, 6182977.28000000026077 ], [ 715507.020000000018626, 6182978.660000000149012 ], [ 715527.685999999986961, 6182982.390999999828637 ], [ 715538.650000000023283, 6182984.370000000111759 ], [ 715540.410000000032596, 6182982.860000000335276 ], [ 715558.236000000033528, 6182986.53899999987334 ], [ 715593.704000000027008, 6182993.858 ], [ 715597.46999999997206, 6182977.287999999709427 ], [ 715598.790000000037253, 6182977.559999999590218 ], [ 715596.92000000004191, 6182976.980000000447035 ], [ 715595.199999999953434, 6182976.04 ], [ 715593.689999999944121, 6182974.79 ], [ 715592.459999999962747, 6182973.269999999552965 ], [ 715591.550000000046566, 6182971.53000000026077 ], [ 715590.99, 6182969.650000000372529 ], [ 715590.810000000055879, 6182967.700000000186265 ], [ 715591.01, 6182965.75 ], [ 715610.677999999956228, 6182870.304999999701977 ], [ 715610.687000000034459, 6182870.265999999828637 ], [ 715613.672000000020489, 6182855.778 ], [ 715613.680999999982305, 6182855.739 ], [ 715615.115, 6182848.776999999769032 ], [ 715622.192000000039116, 6182814.438 ], [ 715622.782, 6182811.570000000298023 ], [ 715622.790999999968335, 6182811.531000000424683 ], [ 715627.055999999982305, 6182790.831000000238419 ], [ 715627.064999999944121, 6182790.792999999597669 ], [ 715632.292999999946915, 6182765.42 ], [ 715632.300999999977648, 6182765.381 ], [ 715640.459000000031665, 6182725.796 ], [ 715629.518999999971129, 6182724.338999999687076 ], [ 715647.439999999944121, 6182637.33 ], [ 715647.650000000023283, 6182635.379999999888241 ], [ 715647.46999999997206, 6182633.429999999701977 ], [ 715646.910000000032596, 6182631.549999999813735 ], [ 715646.0, 6182629.820000000298023 ], [ 715644.770000000018626, 6182628.29 ], [ 715643.26, 6182627.04 ], [ 715647.569000000017695, 6182612.767 ], [ 715647.599000000045635, 6182612.666000000201166 ], [ 715656.895000000018626, 6182614.245000000111759 ], [ 715684.376000000047497, 6182618.911000000312924 ], [ 715686.638999999966472, 6182607.623999999836087 ], [ 715715.017, 6182613.478000000119209 ], [ 715720.069999999948777, 6182614.519999999552965 ], [ 715759.430000000051223, 6182412.28000000026077 ], [ 715718.209999999962747, 6182388.370000000111759 ], [ 715721.337999999988824, 6182372.110000000335276 ], [ 715716.660000000032596, 6182370.910000000149012 ], [ 715712.339999999967404, 6182370.0 ], [ 715712.339999999967404, 6182370.059999999590218 ], [ 715678.39000000001397, 6182361.490000000223517 ], [ 715654.99, 6182405.230000000447035 ], [ 715606.75, 6182495.339999999850988 ], [ 715481.78000000002794, 6182426.490000000223517 ], [ 715363.10999999998603, 6182361.110000000335276 ], [ 715408.724000000045635, 6182277.989 ], [ 715402.327999999979511, 6182274.423999999649823 ], [ 715387.937999999965541, 6182266.404 ], [ 715300.199999999953434, 6182425.070000000298023 ], [ 715273.79500000004191, 6182472.821000000461936 ], [ 715267.791854686918668, 6182483.676964057609439 ], [ 715208.050000000046566, 6182468.900000000372529 ], [ 715191.23499999998603, 6182463.632000000216067 ], [ 715191.229999999981374, 6182467.53000000026077 ], [ 715190.984000000054948, 6182474.546 ], [ 715180.079000000027008, 6182471.396999999880791 ], [ 715180.199999999953434, 6182468.75 ], [ 715180.234000000054948, 6182461.257000000216067 ], [ 715107.349000000045635, 6182457.502999999560416 ], [ 715097.892, 6182454.54700000025332 ], [ 715027.42000000004191, 6182455.200000000186265 ], [ 714965.67000000004191, 6182457.46 ], [ 714961.669200814561918, 6182457.43800110463053 ], [ 714960.957999999984168, 6182415.450000000186265 ], [ 714960.439999999944121, 6182384.849999999627471 ], [ 714959.930000000051223, 6182384.860000000335276 ], [ 714959.685999999986961, 6182370.46100000012666 ], [ 714959.685000000055879, 6182370.421 ], [ 714959.209000000031665, 6182342.30599999986589 ], [ 714954.214000000036322, 6182342.364 ], [ 714919.220219022128731, 6182342.768997465260327 ], [ 714918.520000000018626, 6182301.474999999627471 ], [ 714907.479999999981374, 6182299.269999999552965 ], [ 714901.599999999976717, 6182293.879999999888241 ], [ 714891.67000000004191, 6182294.71 ], [ 714881.76, 6182295.79 ], [ 714879.849999999976717, 6182296.023 ], [ 714846.219000000040978, 6182300.128999999724329 ], [ 714846.179, 6182300.13300000037998 ], [ 714841.332999999984168, 6182300.724999999627471 ], [ 714809.525999999954365, 6182304.608 ], [ 714809.486000000033528, 6182304.611999999731779 ], [ 714804.853, 6182305.177000000141561 ], [ 714773.616999999969266, 6182308.990000000223517 ], [ 714744.540999999968335, 6182312.53899999987334 ], [ 714741.653999999980442, 6182312.892 ], [ 714741.613999999943189, 6182312.895999999716878 ], [ 714716.013999999966472, 6182316.020999999716878 ], [ 714712.910000000032596, 6182316.400000000372529 ], [ 714706.270000000018626, 6182317.04 ], [ 714699.599999999976717, 6182317.339999999850988 ], [ 714692.930000000051223, 6182317.299999999813735 ], [ 714686.26, 6182316.92 ], [ 714686.038999999989755, 6182317.127000000327826 ], [ 714676.75199999997858, 6182304.609000000171363 ], [ 714673.699999999953434, 6182304.089999999850988 ], [ 714668.67000000004191, 6182303.009999999776483 ], [ 714663.699999999953434, 6182301.71999999973923 ], [ 714663.050000000046566, 6182286.139999999664724 ], [ 714661.569999999948777, 6182252.79 ], [ 714660.410000000032596, 6182226.690000000409782 ], [ 714659.180000000051223, 6182199.769999999552965 ], [ 714658.540000000037253, 6182185.339999999850988 ], [ 714657.660000000032596, 6182165.42 ], [ 714649.888999999966472, 6182151.997000000439584 ], [ 714649.866999999969266, 6182151.958999999798834 ], [ 714612.910000000032596, 6182088.120000000111759 ], [ 714612.459999999962747, 6182088.96 ], [ 714602.709999999962747, 6182107.059999999590218 ], [ 714592.96999999997206, 6182125.160000000149012 ], [ 714583.21999999997206, 6182143.259999999776483 ], [ 714552.38, 6182126.67 ], [ 714554.927999999956228, 6182121.94400000013411 ], [ 714543.72224273881875, 6182116.414119788445532 ], [ 714545.979999999981374, 6182112.230000000447035 ], [ 714511.87, 6182093.849999999627471 ], [ 714520.5, 6182077.379999999888241 ], [ 714529.13, 6182060.900000000372529 ], [ 714493.699999999953434, 6182042.370000000111759 ], [ 714496.395000000018626, 6182037.224000000394881 ], [ 714487.755, 6182032.191999999806285 ], [ 714489.5, 6182028.860000000335276 ], [ 714454.07999999995809, 6182010.320000000298023 ], [ 714455.729999999981374, 6182007.17 ], [ 714463.589999999967404, 6181992.150000000372529 ], [ 714464.540000000037253, 6181990.339999999850988 ], [ 714473.099999999976717, 6181973.980000000447035 ], [ 714473.349999999976717, 6181973.5 ], [ 714481.479999999981374, 6181957.980000000447035 ], [ 714482.160000000032596, 6181956.67 ], [ 714489.85999999998603, 6181941.980000000447035 ], [ 714490.979999999981374, 6181939.839999999850988 ], [ 714499.78000000002794, 6181923.0 ], [ 714501.26, 6181920.179999999701977 ], [ 714508.589999999967404, 6181906.17 ], [ 714509.63, 6181904.190000000409782 ], [ 714517.400000000023283, 6181889.339999999850988 ], [ 714518.0, 6181888.200000000186265 ], [ 714526.199999999953434, 6181872.509999999776483 ], [ 714527.07999999995809, 6181870.83 ], [ 714535.01, 6181855.679999999701977 ], [ 714536.17000000004191, 6181853.46 ], [ 714543.810000000055879, 6181838.860000000335276 ], [ 714544.540000000037253, 6181837.480000000447035 ], [ 714553.209999999962747, 6181820.900000000372529 ], [ 714568.479999999981374, 6181828.990000000223517 ], [ 714573.206, 6181820.16399999987334 ], [ 714562.189999999944121, 6181814.309999999590218 ], [ 714578.099999999976717, 6181784.269999999552965 ], [ 714580.900000000023283, 6181778.96999999973923 ], [ 714564.92000000004191, 6181770.519999999552965 ], [ 714548.910000000032596, 6181762.070000000298023 ], [ 714532.99, 6181753.629999999888241 ], [ 714532.38, 6181753.299999999813735 ], [ 714523.160000000032596, 6181755.200000000186265 ], [ 714514.85999999998603, 6181756.900000000372529 ], [ 714499.189999999944121, 6181760.110000000335276 ], [ 714486.069999999948777, 6181731.17 ], [ 714472.479999999981374, 6181733.96 ], [ 714471.88, 6181731.019999999552965 ], [ 714466.560000000055879, 6181732.110000000335276 ], [ 714465.459999999962747, 6181730.96999999973923 ], [ 714464.64000000001397, 6181729.620000000111759 ], [ 714464.150000000023283, 6181728.120000000111759 ], [ 714464.050000000046566, 6181727.620000000111759 ], [ 714459.160000000032596, 6181728.629999999888241 ], [ 714459.26, 6181729.120000000111759 ], [ 714459.42000000004191, 6181730.679999999701977 ], [ 714459.24, 6181732.240000000223517 ], [ 714458.709999999962747, 6181733.71999999973923 ], [ 714443.150000000023283, 6181736.92 ], [ 714431.819999999948777, 6181711.910000000149012 ], [ 714422.270000000018626, 6181716.240000000223517 ], [ 714409.150000000023283, 6181687.379999999888241 ], [ 714395.540000000037253, 6181690.17 ], [ 714394.939999999944121, 6181687.230000000447035 ], [ 714389.60999999998603, 6181688.33 ], [ 714388.5, 6181687.190000000409782 ], [ 714387.680000000051223, 6181685.839999999850988 ], [ 714387.189999999944121, 6181684.33 ], [ 714387.089999999967404, 6181683.839999999850988 ], [ 714382.189999999944121, 6181684.849999999627471 ], [ 714382.290000000037253, 6181685.339999999850988 ], [ 714382.430000000051223, 6181686.92 ], [ 714382.21999999997206, 6181688.480000000447035 ], [ 714381.650000000023283, 6181689.96 ], [ 714369.01, 6181692.559999999590218 ], [ 714358.39000000001397, 6181669.139999999664724 ], [ 714358.99, 6181669.019999999552965 ], [ 714364.82999999995809, 6181667.96999999973923 ], [ 714370.709999999962747, 6181667.29 ], [ 714376.63, 6181666.990000000223517 ], [ 714382.560000000055879, 6181667.059999999590218 ], [ 714388.459999999962747, 6181667.509999999776483 ], [ 714394.32999999995809, 6181668.33 ], [ 714400.14000000001397, 6181669.519999999552965 ], [ 714405.85999999998603, 6181671.070000000298023 ], [ 714411.459999999962747, 6181672.990000000223517 ], [ 714416.939999999944121, 6181675.25 ], [ 714422.26, 6181677.860000000335276 ], [ 714440.059, 6181687.259999999776483 ], [ 714483.435999999986961, 6181710.166000000201166 ], [ 714526.92000000004191, 6181733.129999999888241 ], [ 714529.444000000017695, 6181734.17200000025332 ], [ 714536.150000000023283, 6181736.940000000409782 ], [ 714540.26, 6181738.309999999590218 ], [ 714545.709999999962747, 6181739.849999999627471 ], [ 714555.479999999981374, 6181741.910000000149012 ], [ 714557.53000000002794, 6181742.240000000223517 ], [ 714565.37, 6181743.339999999850988 ], [ 714574.21999999997206, 6181743.92 ], [ 714580.290000000037253, 6181743.860000000335276 ], [ 714588.87, 6181742.929999999701977 ], [ 714598.60999999998603, 6181740.889999999664724 ], [ 714608.270000000018626, 6181738.320000000298023 ], [ 714617.39000000001397, 6181735.129999999888241 ], [ 714617.689999999944121, 6181735.019999999552965 ], [ 714623.32999999995809, 6181732.83 ], [ 714626.959999999962747, 6181731.28000000026077 ], [ 714632.26500000001397, 6181728.884999999776483 ], [ 714636.020000000018626, 6181727.190000000409782 ], [ 714644.96999999997206, 6181722.700000000186265 ], [ 714646.599999999976717, 6181721.799999999813735 ], [ 714653.689999999944121, 6181717.839999999850988 ], [ 714658.459999999962747, 6181715.129999999888241 ], [ 714663.12, 6181712.25 ], [ 714667.689999999944121, 6181709.21999999973923 ], [ 714673.900000000023283, 6181704.730000000447035 ], [ 714679.233, 6181700.467000000178814 ], [ 714672.439000000013039, 6181689.734000000171363 ], [ 714670.400000000023283, 6181691.480000000447035 ], [ 714664.310000000055879, 6181696.179999999701977 ], [ 714657.99, 6181700.559999999590218 ], [ 714651.449999999953434, 6181704.599999999627471 ], [ 714644.709999999962747, 6181708.320000000298023 ], [ 714637.800000000046566, 6181711.67 ], [ 714630.71999999997206, 6181714.67 ], [ 714627.405999999959022, 6181715.879999999888241 ], [ 714623.49, 6181717.309999999590218 ], [ 714602.020000000018626, 6181634.71999999973923 ], [ 714603.185999999986961, 6181634.417000000365078 ], [ 714596.657, 6181613.850999999791384 ] ] ] ] } },
{ "type": "Feature", "properties": { "fid": 4, "Red_area_P": 53.993, "Bef_area_P": 67.491, "Area_PULS": 128.264, "PULS_Navn": 4300000, "Høj_Bolig_[Ha]": 4.375181567445023, "Ikke_bef_[Ha]": 0.99902402246689814, "Industri_[Ha]": 0.00046059226057829859, "Kunstgræs_[Ha]": 0.0, "Lav_bolig_[Ha]": 37.908847575100445, "Losseplads_[Ha]": 0.0, "Parkering_[Ha]": 3.0878607098453177, "ÅDT<15000_[Ha]": 7.195170073458879, "ÅDT>15000_[Ha]": 0.0086273218370903279 }, "geometry": { "type": "MultiPolygon", "coordinates": [ [ [ [ 713805.658000000054017, 6182433.485000000335276 ], [ 713857.908999999985099, 6182218.322999999858439 ], [ 713837.74800000002142, 6182215.875 ], [ 713814.554, 6182213.096 ], [ 713786.351000000024214, 6182209.706000000238419 ], [ 713723.427000000025146, 6182467.916000000201166 ], [ 713750.962000000057742, 6182476.781999999657273 ], [ 713760.045999999972992, 6182479.390999999828637 ], [ 713748.212999999988824, 6182519.144000000320375 ], [ 713776.435999999986961, 6182529.093999999575317 ], [ 713788.474999999976717, 6182478.233 ], [ 713760.657, 6182469.722 ], [ 713772.332999999984168, 6182425.494 ], [ 713805.658000000054017, 6182433.485000000335276 ] ] ] ] } },
{ "type": "Feature", "properties": { "fid": 5, "Red_area_P": 53.993, "Bef_area_P": 67.491, "Area_PULS": 128.264, "PULS_Navn": 4300000, "Høj_Bolig_[Ha]": 4.375181567445023, "Ikke_bef_[Ha]": 0.99902402246689814, "Industri_[Ha]": 0.00046059226057829859, "Kunstgræs_[Ha]": 0.0, "Lav_bolig_[Ha]": 37.908847575100445, "Losseplads_[Ha]": 0.0, "Parkering_[Ha]": 3.0878607098453177, "ÅDT<15000_[Ha]": 7.195170073458879, "ÅDT>15000_[Ha]": 0.0086273218370903279 }, "geometry": { "type": "MultiPolygon", "coordinates": [ [ [ [ 713868.82999999995809, 6182456.098000000230968 ], [ 713854.898999999975786, 6182514.207999999634922 ], [ 713850.26300000003539, 6182533.548000000417233 ], [ 713845.207999999984168, 6182554.631 ], [ 713874.422000000020489, 6182565.254999999888241 ], [ 713877.26, 6182566.286999999545515 ], [ 713887.118000000016764, 6182525.04700000025332 ], [ 713887.211000000010245, 6182524.657999999821186 ], [ 713911.067999999970198, 6182424.847 ], [ 713877.476000000024214, 6182420.082000000402331 ], [ 713876.687999999965541, 6182423.370000000111759 ], [ 713868.82999999995809, 6182456.098000000230968 ] ] ] ] } },
{ "type": "Feature", "properties": { "fid": 6, "Red_area_P": 53.993, "Bef_area_P": 67.491, "Area_PULS": 128.264, "PULS_Navn": 4300000, "Høj_Bolig_[Ha]": 4.375181567445023, "Ikke_bef_[Ha]": 0.99902402246689814, "Industri_[Ha]": 0.00046059226057829859, "Kunstgræs_[Ha]": 0.0, "Lav_bolig_[Ha]": 37.908847575100445, "Losseplads_[Ha]": 0.0, "Parkering_[Ha]": 3.0878607098453177, "ÅDT<15000_[Ha]": 7.195170073458879, "ÅDT>15000_[Ha]": 0.0086273218370903279 }, "geometry": { "type": "MultiPolygon", "coordinates": [ ] } },
{ "type": "Feature", "properties": { "fid": 7, "Red_area_P": 53.993, "Bef_area_P": 67.491, "Area_PULS": 128.264, "PULS_Navn": 4300000, "Høj_Bolig_[Ha]": 4.375181567445023, "Ikke_bef_[Ha]": 0.99902402246689814, "Industri_[Ha]": 0.00046059226057829859, "Kunstgræs_[Ha]": 0.0, "Lav_bolig_[Ha]": 37.908847575100445, "Losseplads_[Ha]": 0.0, "Parkering_[Ha]": 3.0878607098453177, "ÅDT<15000_[Ha]": 7.195170073458879, "ÅDT>15000_[Ha]": 0.0086273218370903279 }, "geometry": { "type": "MultiPolygon", "coordinates": [ ] } },
{ "type": "Feature", "properties": { "fid": 8, "Red_area_P": 53.993, "Bef_area_P": 67.491, "Area_PULS": 128.264, "PULS_Navn": 4300000, "Høj_Bolig_[Ha]": 4.375181567445023, "Ikke_bef_[Ha]": 0.99902402246689814, "Industri_[Ha]": 0.00046059226057829859, "Kunstgræs_[Ha]": 0.0, "Lav_bolig_[Ha]": 37.908847575100445, "Losseplads_[Ha]": 0.0, "Parkering_[Ha]": 3.0878607098453177, "ÅDT<15000_[Ha]": 7.195170073458879, "ÅDT>15000_[Ha]": 0.0086273218370903279 }, "geometry": { "type": "MultiPolygon", "coordinates": [ ] } },
{ "type": "Feature", "properties": { "fid": 9, "Red_area_P": 53.993, "Bef_area_P": 67.491, "Area_PULS": 128.264, "PULS_Navn": 4300000, "Høj_Bolig_[Ha]": 4.375181567445023, "Ikke_bef_[Ha]": 0.99902402246689814, "Industri_[Ha]": 0.00046059226057829859, "Kunstgræs_[Ha]": 0.0, "Lav_bolig_[Ha]": 37.908847575100445, "Losseplads_[Ha]": 0.0, "Parkering_[Ha]": 3.0878607098453177, "ÅDT<15000_[Ha]": 7.195170073458879, "ÅDT>15000_[Ha]": 0.0086273218370903279 }, "geometry": { "type": "MultiPolygon", "coordinates": [ ] } },
{ "type": "Feature", "properties": { "fid": 10, "Red_area_P": 53.993, "Bef_area_P": 67.491, "Area_PULS": 128.264, "PULS_Navn": 4300000, "Høj_Bolig_[Ha]": 4.375181567445023, "Ikke_bef_[Ha]": 0.99902402246689814, "Industri_[Ha]": 0.00046059226057829859, "Kunstgræs_[Ha]": 0.0, "Lav_bolig_[Ha]": 37.908847575100445, "Losseplads_[Ha]": 0.0, "Parkering_[Ha]": 3.0878607098453177, "ÅDT<15000_[Ha]": 7.195170073458879, "ÅDT>15000_[Ha]": 0.0086273218370903279 }, "geometry": { "type": "MultiPolygon", "coordinates": [ ] } },
{ "type": "Feature", "properties": { "fid": 11, "Red_area_P": 53.993, "Bef_area_P": 67.491, "Area_PULS": 128.264, "PULS_Navn": 4300000, "Høj_Bolig_[Ha]": 4.375181567445023, "Ikke_bef_[Ha]": 0.99902402246689814, "Industri_[Ha]": 0.00046059226057829859, "Kunstgræs_[Ha]": 0.0, "Lav_bolig_[Ha]": 37.908847575100445, "Losseplads_[Ha]": 0.0, "Parkering_[Ha]": 3.0878607098453177, "ÅDT<15000_[Ha]": 7.195170073458879, "ÅDT>15000_[Ha]": 0.0086273218370903279 }, "geometry": { "type": "MultiPolygon", "coordinates": [ ] } },
{ "type": "Feature", "properties": { "fid": 12, "Red_area_P": 4.579, "Bef_area_P": 5.724, "Area_PULS": 14.548, "PULS_Navn": 4601000, "Høj_Bolig_[Ha]": 0.0, "Ikke_bef_[Ha]": 0.17681015059208632, "Industri_[Ha]": 0.0, "Kunstgræs_[Ha]": 0.0, "Lav_bolig_[Ha]": 3.2961366415769398, "Losseplads_[Ha]": 0.0, "Parkering_[Ha]": 0.027621134905327069, "ÅDT<15000_[Ha]": 0.86985648274893868, "ÅDT>15000_[Ha]": 0.20681354087453055 }, "geometry": { "type": "MultiPolygon", "coordinates": [ [ [ [ 713828.613000000012107, 6182004.157999999821186 ], [ 713824.939999999944121, 6182010.33 ], [ 713820.900000000023283, 6182017.809999999590218 ], [ 713817.17000000004191, 6182025.46 ], [ 713815.290000000037253, 6182029.78000000026077 ], [ 713814.069999999948777, 6182032.570000000298023 ], [ 713808.680000000051223, 6182047.120000000111759 ], [ 713807.88, 6182049.906999999657273 ], [ 713804.400000000023283, 6182062.03000000026077 ], [ 713792.780999999959022, 6182108.565000000409782 ], [ 713779.248999999952503, 6182162.765999999828637 ], [ 713767.74, 6182208.860000000335276 ], [ 713766.01, 6182208.67 ], [ 713750.99, 6182207.0 ], [ 713720.040000000037253, 6182199.690000000409782 ], [ 713715.158999999985099, 6182198.535000000149012 ], [ 713712.729999999981374, 6182197.96 ], [ 713707.270000000018626, 6182196.67 ], [ 713680.839999999967404, 6182190.429999999701977 ], [ 713680.474000000045635, 6182190.341 ], [ 713679.069999999948777, 6182190.009999999776483 ], [ 713610.430000000051223, 6182470.059999999590218 ], [ 713580.699999999953434, 6182458.54 ], [ 713540.25, 6182444.0 ], [ 713452.35999999998603, 6182411.690000000409782 ], [ 713460.180000000051223, 6182381.950000000186265 ], [ 713465.49, 6182372.549999999813735 ], [ 713475.38, 6182374.519999999552965 ], [ 713482.5, 6182337.570000000298023 ], [ 713461.810000000055879, 6182333.089999999850988 ], [ 713459.82999999995809, 6182342.620000000111759 ], [ 713437.449999999953434, 6182339.269999999552965 ], [ 713435.92000000004191, 6182349.549999999813735 ], [ 713431.99, 6182362.150000000372529 ], [ 713431.410000000032596, 6182364.009999999776483 ], [ 713425.96999999997206, 6182381.879999999888241 ], [ 713424.979999999981374, 6182385.120000000111759 ], [ 713424.589999999967404, 6182387.639999999664724 ], [ 713424.569999999948777, 6182390.190000000409782 ], [ 713424.82999999995809, 6182392.070000000298023 ], [ 713424.92000000004191, 6182392.71999999973923 ], [ 713425.64000000001397, 6182395.17 ], [ 713426.699999999953434, 6182397.490000000223517 ], [ 713428.07999999995809, 6182399.629999999888241 ], [ 713429.959999999962747, 6182401.71 ], [ 713431.71999999997206, 6182403.200000000186265 ], [ 713436.38, 6182404.700000000186265 ], [ 713436.21999999997206, 6182405.570000000298023 ], [ 713435.790000000037253, 6182407.980000000447035 ], [ 713434.699999999953434, 6182412.96999999973923 ], [ 713430.949999999953434, 6182463.17 ], [ 713429.75, 6182480.400000000372529 ], [ 713429.314000000013039, 6182486.38399999961257 ], [ 713525.270000000018626, 6182510.240000000223517 ], [ 713543.92000000004191, 6182516.150000000372529 ], [ 713578.030999999959022, 6182526.950000000186265 ], [ 713616.5, 6182539.129999999888241 ], [ 713626.518000000040047, 6182542.303999999538064 ], [ 713674.201, 6182557.410000000149012 ], [ 713699.800000000046566, 6182565.519999999552965 ], [ 713699.92000000004191, 6182565.549999999813735 ], [ 713742.412000000011176, 6182578.985000000335276 ], [ 713748.88, 6182581.03000000026077 ], [ 713797.96999999997206, 6182596.660000000149012 ], [ 713800.180000000051223, 6182597.360000000335276 ], [ 713803.072999999974854, 6182598.275000000372529 ], [ 713829.209999999962747, 6182606.54 ], [ 713842.13, 6182610.820000000298023 ], [ 713854.930000000051223, 6182615.46 ], [ 713861.118000000016764, 6182617.892 ], [ 713867.599999999976717, 6182620.440000000409782 ], [ 713880.13, 6182625.769999999552965 ], [ 713892.5, 6182631.440000000409782 ], [ 713904.71999999997206, 6182637.440000000409782 ], [ 713915.5, 6182643.089999999850988 ], [ 713915.758000000030734, 6182643.233 ], [ 713926.14000000001397, 6182649.0 ], [ 713936.63, 6182655.17 ], [ 713946.959999999962747, 6182661.599999999627471 ], [ 713957.14000000001397, 6182668.28000000026077 ], [ 713967.150000000023283, 6182675.200000000186265 ], [ 713969.008000000030734, 6182676.553999999538064 ], [ 713976.979999999981374, 6182682.360000000335276 ], [ 714015.591999999945983, 6182711.234000000171363 ], [ 714039.150000000023283, 6182728.849999999627471 ], [ 714062.452999999979511, 6182746.285000000149012 ], [ 714086.37, 6182764.179999999701977 ], [ 714079.180000000051223, 6182773.900000000372529 ], [ 714066.280999999959022, 6182813.127999999560416 ], [ 714066.28000000002794, 6182813.129999999888241 ], [ 714064.400000000023283, 6182818.820000000298023 ], [ 714059.648000000044703, 6182833.28000000026077 ], [ 714109.493000000016764, 6182851.139000000432134 ], [ 714118.037999999942258, 6182837.542999999597669 ], [ 714118.040000000037253, 6182837.54 ], [ 714157.72199999995064, 6182851.026999999769032 ], [ 714159.621999999973923, 6182845.338000000454485 ], [ 714140.807999999960884, 6182838.943 ], [ 714140.800000000046566, 6182838.940000000409782 ], [ 714146.430000000051223, 6182821.42 ], [ 714133.07999999995809, 6182812.650000000372529 ], [ 714119.89000000001397, 6182803.639999999664724 ], [ 714106.849999999976717, 6182794.42 ], [ 714093.979999999981374, 6182784.96 ], [ 714084.21999999997206, 6182777.67 ], [ 714091.400000000023283, 6182767.96 ], [ 714101.270000000018626, 6182775.320000000298023 ], [ 714106.209000000031665, 6182778.938 ], [ 714116.180000000051223, 6182786.240000000223517 ], [ 714131.310000000055879, 6182796.860000000335276 ], [ 714146.660000000032596, 6182807.160000000149012 ], [ 714157.599999999976717, 6182814.18099999986589 ], [ 714166.572000000043772, 6182799.812 ], [ 714169.150000000023283, 6182801.480000000447035 ], [ 714184.040000000037253, 6182810.690000000409782 ], [ 714192.993999999947846, 6182786.519000000320375 ], [ 714201.295999999972992, 6182764.098000000230968 ], [ 714201.300000000046566, 6182764.099999999627471 ], [ 714211.13, 6182737.259999999776483 ], [ 714223.430000000051223, 6182703.67 ], [ 714207.631999999983236, 6182698.019999999552965 ], [ 714180.900000000023283, 6182688.46 ], [ 714181.729999999981374, 6182685.889999999664724 ], [ 714145.03000000002794, 6182672.759999999776483 ], [ 714129.680000000051223, 6182713.46999999973923 ], [ 714123.599999999976717, 6182711.179999999701977 ], [ 714106.07999999995809, 6182757.679999999701977 ], [ 714072.682999999960884, 6182732.677000000141561 ], [ 714049.339999999967404, 6182715.200000000186265 ], [ 714025.672999999951571, 6182697.502000000327826 ], [ 713987.17000000004191, 6182668.71 ], [ 713986.729999999981374, 6182668.379999999888241 ], [ 713985.39000000001397, 6182667.389999999664724 ], [ 713984.040000000037253, 6182666.400000000372529 ], [ 713982.699999999953434, 6182665.42 ], [ 713981.349999999976717, 6182664.450000000186265 ], [ 713980.0, 6182663.46999999973923 ], [ 713978.76500000001397, 6182662.599000000394881 ], [ 713978.64000000001397, 6182662.509999999776483 ], [ 713977.28000000002794, 6182661.54 ], [ 713975.92000000004191, 6182660.58 ], [ 713975.46999999997206, 6182660.269999999552965 ], [ 713974.099999999976717, 6182659.309999999590218 ], [ 713972.74, 6182658.360000000335276 ], [ 713971.35999999998603, 6182657.42 ], [ 713969.99, 6182656.480000000447035 ], [ 713968.60999999998603, 6182655.54 ], [ 713967.229999999981374, 6182654.610000000335276 ], [ 713965.849999999976717, 6182653.690000000409782 ], [ 713964.459999999962747, 6182652.759999999776483 ], [ 713964.12, 6182652.54 ], [ 713962.729999999981374, 6182651.629999999888241 ], [ 713961.349999999976717, 6182650.730000000447035 ], [ 713959.959999999962747, 6182649.83 ], [ 713958.569999999948777, 6182648.929999999701977 ], [ 713957.180000000051223, 6182648.04 ], [ 713955.790000000037253, 6182647.160000000149012 ], [ 713955.439999999944121, 6182646.940000000409782 ], [ 713954.040000000037253, 6182646.059999999590218 ], [ 713952.64000000001397, 6182645.179999999701977 ], [ 713951.229999999981374, 6182644.309999999590218 ], [ 713949.819999999948777, 6182643.440000000409782 ], [ 713948.42000000004191, 6182642.58 ], [ 713947.0, 6182641.71999999973923 ], [ 713946.650000000023283, 6182641.509999999776483 ], [ 713945.24, 6182640.639999999664724 ], [ 713943.82999999995809, 6182639.78000000026077 ], [ 713942.42000000004191, 6182638.92 ], [ 713941.0, 6182638.070000000298023 ], [ 713939.57999999995809, 6182637.21999999973923 ], [ 713938.160000000032596, 6182636.370000000111759 ], [ 713937.800000000046566, 6182636.160000000149012 ], [ 713936.38, 6182635.320000000298023 ], [ 713934.949999999953434, 6182634.490000000223517 ], [ 713933.520000000018626, 6182633.660000000149012 ], [ 713932.089999999967404, 6182632.839999999850988 ], [ 713930.650000000023283, 6182632.019999999552965 ], [ 713929.209999999962747, 6182631.200000000186265 ], [ 713928.849999999976717, 6182631.0 ], [ 713927.400000000023283, 6182630.190000000409782 ], [ 713925.949999999953434, 6182629.400000000372529 ], [ 713924.5, 6182628.599999999627471 ], [ 713923.454000000027008, 6182628.034 ], [ 713923.040000000037253, 6182627.809999999590218 ], [ 713921.589999999967404, 6182627.03000000026077 ], [ 713920.13, 6182626.25 ], [ 713919.76, 6182626.049999999813735 ], [ 713918.300000000046566, 6182625.28000000026077 ], [ 713916.82999999995809, 6182624.509999999776483 ], [ 713915.35999999998603, 6182623.740000000223517 ], [ 713913.89000000001397, 6182622.980000000447035 ], [ 713912.42000000004191, 6182622.230000000447035 ], [ 713910.939999999944121, 6182621.480000000447035 ], [ 713910.42000000004191, 6182621.21 ], [ 713909.89000000001397, 6182620.950000000186265 ], [ 713908.430000000051223, 6182620.21999999973923 ], [ 713906.96999999997206, 6182619.5 ], [ 713905.5, 6182618.78000000026077 ], [ 713904.03000000002794, 6182618.059999999590218 ], [ 713902.560000000055879, 6182617.349999999627471 ], [ 713901.089999999967404, 6182616.639999999664724 ], [ 713899.62, 6182615.940000000409782 ], [ 713898.14000000001397, 6182615.25 ], [ 713896.660000000032596, 6182614.559999999590218 ], [ 713895.180000000051223, 6182613.870000000111759 ], [ 713893.699999999953434, 6182613.179999999701977 ], [ 713892.21999999997206, 6182612.509999999776483 ], [ 713890.729999999981374, 6182611.839999999850988 ], [ 713889.24, 6182611.17 ], [ 713887.75, 6182610.5 ], [ 713886.26, 6182609.839999999850988 ], [ 713884.76, 6182609.190000000409782 ], [ 713883.26, 6182608.54 ], [ 713881.76, 6182607.900000000372529 ], [ 713880.26, 6182607.259999999776483 ], [ 713878.76, 6182606.620000000111759 ], [ 713877.25, 6182605.990000000223517 ], [ 713875.74, 6182605.370000000111759 ], [ 713874.229999999981374, 6182604.75 ], [ 713872.71999999997206, 6182604.129999999888241 ], [ 713871.209999999962747, 6182603.519999999552965 ], [ 713869.689999999944121, 6182602.910000000149012 ], [ 713868.180000000051223, 6182602.309999999590218 ], [ 713867.145000000018626, 6182601.907999999821186 ], [ 713866.660000000032596, 6182601.71999999973923 ], [ 713865.14000000001397, 6182601.120000000111759 ], [ 713863.60999999998603, 6182600.54 ], [ 713862.089999999967404, 6182599.950000000186265 ], [ 713860.560000000055879, 6182599.379999999888241 ], [ 713859.03000000002794, 6182598.799999999813735 ], [ 713857.5, 6182598.240000000223517 ], [ 713855.96999999997206, 6182597.67 ], [ 713854.439999999944121, 6182597.120000000111759 ], [ 713852.900000000023283, 6182596.559999999590218 ], [ 713851.35999999998603, 6182596.019999999552965 ], [ 713849.819999999948777, 6182595.46999999973923 ], [ 713848.28000000002794, 6182594.929999999701977 ], [ 713846.74, 6182594.400000000372529 ], [ 713845.199999999953434, 6182593.870000000111759 ], [ 713843.650000000023283, 6182593.349999999627471 ], [ 713842.099999999976717, 6182592.83 ], [ 713840.550000000046566, 6182592.320000000298023 ], [ 713839.0, 6182591.809999999590218 ], [ 713837.449999999953434, 6182591.299999999813735 ], [ 713835.900000000023283, 6182590.799999999813735 ], [ 713834.339999999967404, 6182590.309999999590218 ], [ 713808.329000000027008, 6182582.007000000216067 ], [ 713804.39000000001397, 6182580.75 ], [ 713813.160000000032596, 6182550.940000000409782 ], [ 713810.07999999995809, 6182549.480000000447035 ], [ 713781.74, 6182539.400000000372529 ], [ 713759.24, 6182531.509999999776483 ], [ 713743.229999999981374, 6182526.389999999664724 ], [ 713732.76, 6182522.700000000186265 ], [ 713736.689000000013039, 6182515.129999999888241 ], [ 713737.104999999981374, 6182514.32799999974668 ], [ 713736.419699117308483, 6182513.99787656404078 ], [ 713744.326, 6182517.803999999538064 ], [ 713748.212999999988824, 6182519.144000000320375 ], [ 713760.045999999972992, 6182479.390999999828637 ], [ 713750.962000000057742, 6182476.781999999657273 ], [ 713723.427000000025146, 6182467.916000000201166 ], [ 713715.262559131719172, 6182501.411706087179482 ], [ 713715.26, 6182501.410000000149012 ], [ 713713.729999999981374, 6182499.96 ], [ 713712.430000000051223, 6182498.29 ], [ 713711.46999999997206, 6182496.54 ], [ 713710.819999999948777, 6182494.67 ], [ 713710.621000000042841, 6182493.521999999880791 ], [ 713710.479999999981374, 6182492.71 ], [ 713710.479999999981374, 6182490.71999999973923 ], [ 713710.800000000046566, 6182488.759999999776483 ], [ 713717.655999999959022, 6182461.281000000424683 ], [ 713728.483, 6182417.889000000432134 ], [ 713740.12699999997858, 6182371.225999999791384 ], [ 713752.895000000018626, 6182320.053000000305474 ], [ 713765.892, 6182267.967000000178814 ], [ 713778.616000000038184, 6182216.973000000230968 ], [ 713780.560000000055879, 6182209.179999999701977 ], [ 713781.229999999981374, 6182209.190000000409782 ], [ 713786.349999999976717, 6182209.71 ], [ 713786.351000000024214, 6182209.706000000238419 ], [ 713814.550999999977648, 6182213.096 ], [ 713814.554, 6182213.096 ], [ 713837.74800000002142, 6182215.875 ], [ 713837.751000000047497, 6182215.875 ], [ 713849.922999999951571, 6182217.353000000119209 ], [ 713857.910000000032596, 6182218.320000000298023 ], [ 713860.0, 6182218.620000000111759 ], [ 713877.01, 6182220.230000000447035 ], [ 713926.209999999962747, 6182224.92 ], [ 713958.12, 6182227.990000000223517 ], [ 713959.770000000018626, 6182228.08 ], [ 713997.569999999948777, 6182231.769999999552965 ], [ 714005.209999999962747, 6182232.42 ], [ 714013.550000000046566, 6182205.269999999552965 ], [ 714013.603, 6182205.082000000402331 ], [ 714019.76, 6182183.400000000372529 ], [ 714021.199999999953434, 6182178.25 ], [ 714022.660000000032596, 6182173.79 ], [ 714032.560000000055879, 6182145.309999999590218 ], [ 714036.365, 6182137.411999999545515 ], [ 714036.650000000023283, 6182136.820000000298023 ], [ 714040.949999999953434, 6182123.509999999776483 ], [ 714045.180000000051223, 6182109.679999999701977 ], [ 714046.189999999944121, 6182106.360000000335276 ], [ 714048.14000000001397, 6182101.150000000372529 ], [ 714051.290000000037253, 6182091.400000000372529 ], [ 714052.310000000055879, 6182088.21999999973923 ], [ 714054.300000000046566, 6182080.910000000149012 ], [ 714056.459999999962747, 6182073.0 ], [ 714060.689999999944121, 6182051.33 ], [ 714060.868000000016764, 6182050.451999999582767 ], [ 714062.410000000032596, 6182042.860000000335276 ], [ 714063.459999999962747, 6182035.28000000026077 ], [ 714062.07999999995809, 6182024.150000000372529 ], [ 714058.560000000055879, 6182013.739 ], [ 714058.300000000046566, 6182012.96999999973923 ], [ 714053.28000000002794, 6181995.92 ], [ 714046.910000000032596, 6181981.440000000409782 ], [ 714041.439999999944121, 6181967.320000000298023 ], [ 714065.63, 6181964.96 ], [ 714062.99, 6181952.429999999701977 ], [ 714057.949999999953434, 6181928.33 ], [ 714052.729999999981374, 6181902.950000000186265 ], [ 714048.319999999948777, 6181903.849999999627471 ], [ 714035.099999999976717, 6181906.570000000298023 ], [ 714036.540000000037253, 6181901.17 ], [ 714037.979999999981374, 6181895.769999999552965 ], [ 714038.297000000020489, 6181894.433000000193715 ], [ 714025.07999999995809, 6181897.150000000372529 ], [ 714024.589999999967404, 6181897.25 ], [ 714021.67000000004191, 6181897.848000000230968 ], [ 714020.599999999976717, 6181898.070000000298023 ], [ 714020.099999999976717, 6181898.17 ], [ 714009.964000000036322, 6181900.252999999560416 ], [ 713969.26300000003539, 6181908.619 ], [ 713963.03000000002794, 6181909.900000000372529 ], [ 713949.089999999967404, 6181913.259999999776483 ], [ 713940.939999999944121, 6181915.71999999973923 ], [ 713932.900000000023283, 6181918.509999999776483 ], [ 713924.979999999981374, 6181921.629999999888241 ], [ 713924.142, 6181922.0 ], [ 713917.189999999944121, 6181925.070000000298023 ], [ 713909.550000000046566, 6181928.839999999850988 ], [ 713902.07999999995809, 6181932.910000000149012 ], [ 713894.78000000002794, 6181937.29 ], [ 713887.67000000004191, 6181941.96999999973923 ], [ 713886.062000000034459, 6181943.125 ], [ 713880.75, 6181946.940000000409782 ], [ 713874.050000000046566, 6181952.190000000409782 ], [ 713867.569999999948777, 6181957.71 ], [ 713861.319999999948777, 6181963.480000000447035 ], [ 713859.807000000029802, 6181965.0 ], [ 713859.17000000004191, 6181965.639999999664724 ], [ 713858.0, 6181966.809999999590218 ], [ 713855.319999999948777, 6181969.5 ], [ 713850.35999999998603, 6181974.900000000372529 ], [ 713849.569999999948777, 6181975.759999999776483 ], [ 713849.03000000002794, 6181976.400000000372529 ], [ 713844.07999999995809, 6181982.259999999776483 ], [ 713839.5, 6181988.17 ], [ 713838.87, 6181988.980000000447035 ], [ 713834.685999999986961, 6181994.841 ], [ 713833.930000000051223, 6181995.900000000372529 ], [ 713830.508999999961816, 6182001.149000000208616 ], [ 713828.613000000012107, 6182004.157999999821186 ] ] ] ] } },
{ "type": "Feature", "properties": { "fid": 13, "Red_area_P": 4.579, "Bef_area_P": 5.724, "Area_PULS": 14.548, "PULS_Navn": 4601000, "Høj_Bolig_[Ha]": 0.0, "Ikke_bef_[Ha]": 0.17681015059208632, "Industri_[Ha]": 0.0, "Kunstgræs_[Ha]": 0.0, "Lav_bolig_[Ha]": 3.2961366415769398, "Losseplads_[Ha]": 0.0, "Parkering_[Ha]": 0.027621134905327069, "ÅDT<15000_[Ha]": 0.86985648274893868, "ÅDT>15000_[Ha]": 0.20681354087453055 }, "geometry": { "type": "MultiPolygon", "coordinates": [ [ [ [ 713778.995, 6182529.980000000447035 ], [ 713782.272, 6182530.894999999552965 ], [ 713805.658000000054017, 6182433.485000000335276 ], [ 713772.332999999984168, 6182425.494 ], [ 713760.657, 6182469.722 ], [ 713788.474999999976717, 6182478.233 ], [ 713776.435999999986961, 6182529.093999999575317 ], [ 713778.995, 6182529.980000000447035 ] ] ] ] } },
{ "type": "Feature", "properties": { "fid": 14, "Red_area_P": 7.905, "Bef_area_P": 9.882, "Area_PULS": 11.799, "PULS_Navn": 4306000, "Høj_Bolig_[Ha]": 0.0, "Ikke_bef_[Ha]": 0.082285236509053589, "Industri_[Ha]": 4.7590180186759605, "Kunstgræs_[Ha]": 0.0, "Lav_bolig_[Ha]": 0.033831999671224279, "Losseplads_[Ha]": 0.0, "Parkering_[Ha]": 0.0, "ÅDT<15000_[Ha]": 2.8272308247586451, "ÅDT>15000_[Ha]": 0.19980054372504258 }, "geometry": { "type": "MultiPolygon", "coordinates": [ [ [ [ 714558.13, 6180634.139999999664724 ], [ 714557.699999999953434, 6180636.559999999590218 ], [ 714557.020000000018626, 6180640.389999999664724 ], [ 714556.361000000033528, 6180644.089999999850988 ], [ 714555.979999999981374, 6180646.309999999590218 ], [ 714555.92000000004191, 6180646.56900000013411 ], [ 714555.900000000023283, 6180646.679999999701977 ], [ 714555.802999999956228, 6180647.06900000013411 ], [ 714555.709999999962747, 6180647.46999999973923 ], [ 714555.312999999965541, 6180649.041000000201166 ], [ 714555.069999999948777, 6180650.019999999552965 ], [ 714555.062999999965541, 6180650.032999999821186 ], [ 714554.709999999962747, 6180651.429999999701977 ], [ 714553.209999999962747, 6180654.589999999850988 ], [ 714551.28000000002794, 6180657.96 ], [ 714547.550000000046566, 6180661.070000000298023 ], [ 714544.28000000002794, 6180663.620000000111759 ], [ 714542.300000000046566, 6180665.429999999701977 ], [ 714534.479999999981374, 6180671.21999999973923 ], [ 714526.180000000051223, 6180680.58 ], [ 714524.709999999962747, 6180685.92 ], [ 714521.38, 6180693.25 ], [ 714520.008999999961816, 6180694.901999999769032 ], [ 714520.0, 6180694.92 ], [ 714518.819999999948777, 6180696.900000000372529 ], [ 714516.951, 6180698.589999999850988 ], [ 714515.349999999976717, 6180700.519999999552965 ], [ 714507.349999999976717, 6180706.019999999552965 ], [ 714506.449999999953434, 6180706.400000000372529 ], [ 714539.839999999967404, 6180705.910000000149012 ], [ 714540.71999999997206, 6180762.509999999776483 ], [ 714481.17000000004191, 6180766.379999999888241 ], [ 714456.091999999945983, 6180748.603000000119209 ], [ 714451.35999999998603, 6180753.200000000186265 ], [ 714439.209999999962747, 6180765.240000000223517 ], [ 714433.060000000055879, 6180773.099999999627471 ], [ 714431.78000000002794, 6180775.700000000186265 ], [ 714431.17000000004191, 6180777.620000000111759 ], [ 714430.85999999998603, 6180780.179999999701977 ], [ 714430.910000000032596, 6180784.379999999888241 ], [ 714431.26, 6180786.78000000026077 ], [ 714432.589999999967404, 6180792.96999999973923 ], [ 714432.82999999995809, 6180794.650000000372529 ], [ 714432.82999999995809, 6180797.440000000409782 ], [ 714432.180000000051223, 6180800.269999999552965 ], [ 714429.680000000051223, 6180804.099999999627471 ], [ 714429.28000000002794, 6180804.860000000335276 ], [ 714423.819999999948777, 6180812.17 ], [ 714418.849999999976717, 6180822.21 ], [ 714416.199999999953434, 6180831.54 ], [ 714414.67000000004191, 6180836.03000000026077 ], [ 714414.515999999945052, 6180836.529 ], [ 714436.770000000018626, 6180835.269999999552965 ], [ 714450.745, 6180834.412999999709427 ], [ 714461.834000000031665, 6180833.731999999843538 ], [ 714475.400000000023283, 6180832.900000000372529 ], [ 714492.78000000002794, 6180831.79 ], [ 714507.810000000055879, 6180830.810999999754131 ], [ 714512.783000000054017, 6180830.486999999731779 ], [ 714515.045999999972992, 6180830.338999999687076 ], [ 714515.947000000043772, 6180844.656000000424683 ], [ 714551.066, 6180842.54700000025332 ], [ 714580.180000000051223, 6180840.798999999649823 ], [ 714589.223, 6180840.256 ], [ 714609.900999999954365, 6180839.014999999664724 ], [ 714645.287999999942258, 6180836.889999999664724 ], [ 714673.381000000052154, 6180835.204 ], [ 714684.332999999984168, 6180834.546 ], [ 714711.689999999944121, 6180832.904 ], [ 714711.694999999948777, 6180832.96999999973923 ], [ 714750.849000000045635, 6180831.029 ], [ 714815.854999999981374, 6180827.80599999986589 ], [ 714821.616000000038184, 6180827.519999999552965 ], [ 714850.229000000050291, 6180823.889999999664724 ], [ 714858.332000000053085, 6180822.861999999731779 ], [ 714857.314999999944121, 6180804.127000000327826 ], [ 714867.339999999967404, 6180803.559999999590218 ], [ 714879.452000000048429, 6180804.009999999776483 ], [ 714888.849999999976717, 6180804.360000000335276 ], [ 714891.520000000018626, 6180804.339999999850988 ], [ 714922.770000000018626, 6180803.190000000409782 ], [ 714926.371999999973923, 6180803.025999999605119 ], [ 714945.650000000023283, 6180802.150000000372529 ], [ 714941.38, 6180745.160000000149012 ], [ 714939.35999999998603, 6180720.629999999888241 ], [ 714975.400000000023283, 6180719.33 ], [ 714973.67000000004191, 6180693.28000000026077 ], [ 714998.430000000051223, 6180691.700000000186265 ], [ 715041.959999999962747, 6180688.910000000149012 ], [ 715067.17000000004191, 6180688.110000000335276 ], [ 715065.560000000055879, 6180639.519999999552965 ], [ 715031.643999999971129, 6180640.060999999754131 ], [ 715032.197999999974854, 6180627.592000000178814 ], [ 715047.76, 6180627.450000000186265 ], [ 715046.680000000051223, 6180568.150000000372529 ], [ 714996.26, 6180568.589999999850988 ], [ 714898.099999999976717, 6180569.28000000026077 ], [ 714848.74, 6180569.610000000335276 ], [ 714798.689999999944121, 6180569.950000000186265 ], [ 714798.913937379955314, 6180603.721000991761684 ], [ 714788.374028124380857, 6180603.88799955509603 ], [ 714787.89000000001397, 6180567.71 ], [ 714756.900000000023283, 6180568.92 ], [ 714742.5, 6180569.46999999973923 ], [ 714726.900000000023283, 6180570.08 ], [ 714723.540000000037253, 6180564.33 ], [ 714717.790000000037253, 6180569.200000000186265 ], [ 714711.040000000037253, 6180573.740000000223517 ], [ 714704.040000000037253, 6180576.639999999664724 ], [ 714697.01, 6180578.429999999701977 ], [ 714692.699999999953434, 6180579.570000000298023 ], [ 714673.180000000051223, 6180584.089999999850988 ], [ 714667.12, 6180584.200000000186265 ], [ 714667.199999999953434, 6180631.660000000149012 ], [ 714654.071, 6180631.854000000283122 ], [ 714612.38, 6180632.46999999973923 ], [ 714608.993999999947846, 6180632.574 ], [ 714558.13, 6180634.139999999664724 ] ] ] ] } },
{ "type": "Feature", "properties": { "fid": 15, "Red_area_P": 1.022, "Bef_area_P": 1.277, "Area_PULS": 3.453, "PULS_Navn": 4319000, "Høj_Bolig_[Ha]": 0.0, "Ikke_bef_[Ha]": 0.037457522548326225, "Industri_[Ha]": 0.0, "Kunstgræs_[Ha]": 0.0, "Lav_bolig_[Ha]": 0.86866476411215698, "Losseplads_[Ha]": 0.0, "Parkering_[Ha]": 0.0, "ÅDT<15000_[Ha]": 0.11489527266189234, "ÅDT>15000_[Ha]": 0.0 }, "geometry": { "type": "MultiPolygon", "coordinates": [ [ [ [ 713950.74, 6181197.160000000149012 ], [ 713947.680000000051223, 6181198.801 ], [ 713943.924, 6181200.815000000409782 ], [ 713935.96999999997206, 6181207.83 ], [ 713934.930000000051223, 6181212.54 ], [ 713933.86199999996461, 6181217.326999999582767 ], [ 713933.589999999967404, 6181220.04 ], [ 713929.939999999944121, 6181230.690000000409782 ], [ 713919.520000000018626, 6181243.92 ], [ 713919.506999999983236, 6181243.933000000193715 ], [ 713917.060000000055879, 6181247.04 ], [ 713910.439999999944121, 6181256.46 ], [ 713900.99, 6181268.320000000298023 ], [ 713900.26300000003539, 6181269.322999999858439 ], [ 713896.17000000004191, 6181274.96999999973923 ], [ 713896.165000000037253, 6181274.975999999791384 ], [ 713890.508000000030734, 6181287.45299999974668 ], [ 713890.51, 6181287.46 ], [ 713892.540000000037253, 6181292.79 ], [ 713893.32999999995809, 6181299.509999999776483 ], [ 713893.331, 6181299.521999999880791 ], [ 713893.71999999997206, 6181300.879999999888241 ], [ 713894.189999999944121, 6181305.980000000447035 ], [ 713898.560000000055879, 6181317.650000000372529 ], [ 713898.939999999944121, 6181319.240000000223517 ], [ 713899.464999999967404, 6181321.451999999582767 ], [ 713900.28000000002794, 6181324.759999999776483 ], [ 713900.282, 6181324.774000000208616 ], [ 713902.520000000018626, 6181332.230000000447035 ], [ 713906.040000000037253, 6181336.509999999776483 ], [ 713918.63, 6181342.120000000111759 ], [ 713920.25, 6181343.764999999664724 ], [ 713921.900000000023283, 6181344.900000000372529 ], [ 713924.275999999954365, 6181347.853000000119209 ], [ 713927.07999999995809, 6181350.700000000186265 ], [ 713927.39000000001397, 6181351.269000000320375 ], [ 713927.400000000023283, 6181351.28000000026077 ], [ 713927.452000000048429, 6181351.38300000037998 ], [ 713937.699999999953434, 6181370.200000000186265 ], [ 713973.410000000032596, 6181356.92 ], [ 714001.32999999995809, 6181346.54 ], [ 714020.85999999998603, 6181339.28000000026077 ], [ 714024.770000000018626, 6181337.83 ], [ 714048.209999999962747, 6181329.120000000111759 ], [ 714056.0, 6181326.21999999973923 ], [ 714071.64000000001397, 6181320.410000000149012 ], [ 714089.199999999953434, 6181313.879999999888241 ], [ 714095.07999999995809, 6181311.700000000186265 ], [ 714118.520000000018626, 6181302.990000000223517 ], [ 714122.290000000037253, 6181301.58 ], [ 714155.319999999948777, 6181289.309999999590218 ], [ 714156.819999999948777, 6181281.96999999973923 ], [ 714158.569999999948777, 6181274.679999999701977 ], [ 714160.589916461380199, 6181267.460298588499427 ], [ 714160.591000000014901, 6181267.46 ], [ 714160.718, 6181267.051 ], [ 714160.846000000019558, 6181266.643000000156462 ], [ 714160.974000000045635, 6181266.235000000335276 ], [ 714161.104000000050291, 6181265.826999999582767 ], [ 714161.234000000054948, 6181265.418999999761581 ], [ 714161.365, 6181265.011 ], [ 714161.496999999973923, 6181264.604000000283122 ], [ 714161.63, 6181264.196999999694526 ], [ 714161.763999999966472, 6181263.791000000201166 ], [ 714161.898000000044703, 6181263.38399999961257 ], [ 714162.033000000054017, 6181262.978000000119209 ], [ 714162.169, 6181262.572999999858439 ], [ 714162.305999999982305, 6181262.167000000365078 ], [ 714162.444000000017695, 6181261.762000000104308 ], [ 714162.582999999984168, 6181261.356999999843538 ], [ 714162.72199999995064, 6181260.951999999582767 ], [ 714162.863000000012107, 6181260.548000000417233 ], [ 714163.003999999957159, 6181260.144000000320375 ], [ 714163.145999999949709, 6181259.740000000223517 ], [ 714163.288999999989755, 6181259.337000000290573 ], [ 714163.432000000029802, 6181258.933000000193715 ], [ 714163.577000000048429, 6181258.531000000424683 ], [ 714163.72199999995064, 6181258.127999999560416 ], [ 714163.868000000016764, 6181257.725999999791384 ], [ 714164.01500000001397, 6181257.324 ], [ 714164.162999999942258, 6181256.92200000025332 ], [ 714164.310999999986961, 6181256.520999999716878 ], [ 714164.461000000010245, 6181256.120000000111759 ], [ 714164.611000000033528, 6181255.718999999575317 ], [ 714164.761999999987893, 6181255.318 ], [ 714164.913999999989755, 6181254.917999999597669 ], [ 714165.067000000039116, 6181254.518000000156462 ], [ 714165.21999999997206, 6181254.119 ], [ 714165.375, 6181253.71999999973923 ], [ 714165.53000000002794, 6181253.321000000461936 ], [ 714165.685999999986961, 6181252.92200000025332 ], [ 714165.843, 6181252.524000000208616 ], [ 714166.0, 6181252.126000000163913 ], [ 714166.158999999985099, 6181251.729000000283122 ], [ 714166.317999999970198, 6181251.331000000238419 ], [ 714166.478, 6181250.934000000357628 ], [ 714166.638999999966472, 6181250.537999999709427 ], [ 714166.800999999977648, 6181250.140999999828637 ], [ 714166.964000000036322, 6181249.746000000275671 ], [ 714167.12699999997858, 6181249.349999999627471 ], [ 714167.290999999968335, 6181248.955 ], [ 714167.456, 6181248.559999999590218 ], [ 714167.621999999973923, 6181248.165 ], [ 714167.788999999989755, 6181247.770999999716878 ], [ 714167.956, 6181247.377000000327826 ], [ 714167.957000000053085, 6181247.376000000163913 ], [ 714167.983, 6181247.315000000409782 ], [ 714167.983, 6181247.314000000245869 ], [ 714167.984000000054948, 6181247.312 ], [ 714167.984000000054948, 6181247.310999999754131 ], [ 714167.98499999998603, 6181247.309000000357628 ], [ 714167.986000000033528, 6181247.308000000193715 ], [ 714167.986000000033528, 6181247.307 ], [ 714167.98699999996461, 6181247.304999999701977 ], [ 714167.98699999996461, 6181247.303999999538064 ], [ 714167.988000000012107, 6181247.302000000141561 ], [ 714167.988999999943189, 6181247.301 ], [ 714167.988999999943189, 6181247.299999999813735 ], [ 714167.99, 6181247.298000000417233 ], [ 714168.01500000001397, 6181247.239 ], [ 714168.01500000001397, 6181247.236999999731779 ], [ 714168.015999999945052, 6181247.235999999567866 ], [ 714171.38, 6181239.767 ], [ 714171.371238091727719, 6181239.746521326713264 ], [ 714175.099999999976717, 6181232.25 ], [ 714179.24, 6181224.740000000223517 ], [ 714176.770000000018626, 6181225.679999999701977 ], [ 714154.837000000057742, 6181181.440999999642372 ], [ 714152.38, 6181181.410000000149012 ], [ 714145.24, 6181180.889999999664724 ], [ 714141.319999999948777, 6181181.610000000335276 ], [ 714134.680000000051223, 6181183.53000000026077 ], [ 714126.587000000057742, 6181185.367999999783933 ], [ 714126.57999999995809, 6181185.370000000111759 ], [ 714123.319999999948777, 6181186.110000000335276 ], [ 714117.089999999967404, 6181188.570000000298023 ], [ 714109.400000000023283, 6181191.110000000335276 ], [ 714101.10999999998603, 6181191.110000000335276 ], [ 714098.13, 6181191.940000000409782 ], [ 714089.150000000023283, 6181194.21 ], [ 714083.660000000032596, 6181197.21 ], [ 714080.01, 6181199.230000000447035 ], [ 714071.14000000001397, 6181200.889999999664724 ], [ 714068.650000000023283, 6181201.349999999627471 ], [ 714066.849000000045635, 6181201.379999999888241 ], [ 714057.189999999944121, 6181201.54 ], [ 714053.099999999976717, 6181201.610000000335276 ], [ 714048.594000000040978, 6181201.684999999590218 ], [ 714048.57999999995809, 6181201.690000000409782 ], [ 714047.790999999968335, 6181202.100999999791384 ], [ 714044.800000000046566, 6181204.610000000335276 ], [ 714042.71999999997206, 6181205.96 ], [ 714036.199999999953434, 6181206.429999999701977 ], [ 714032.099999999976717, 6181205.389999999664724 ], [ 714026.87, 6181205.78000000026077 ], [ 714023.910000000032596, 6181205.679999999701977 ], [ 714019.560000000055879, 6181204.480000000447035 ], [ 714012.180000000051223, 6181201.809999999590218 ], [ 714004.599999999976717, 6181199.58 ], [ 713986.699999999953434, 6181189.089999999850988 ], [ 713981.849999999976717, 6181188.28000000026077 ], [ 713973.85999999998603, 6181188.46 ], [ 713968.050000000046566, 6181190.150000000372529 ], [ 713960.35999999998603, 6181192.660000000149012 ], [ 713954.849999999976717, 6181195.019999999552965 ], [ 713950.74, 6181197.160000000149012 ] ] ] ] } },
{ "type": "Feature", "properties": { "fid": 16, "Red_area_P": 3.086, "Bef_area_P": 3.857, "Area_PULS": 7.304, "PULS_Navn": 4308000, "Høj_Bolig_[Ha]": 0.0, "Ikke_bef_[Ha]": 0.00029401101764085633, "Industri_[Ha]": 0.63752363584833205, "Kunstgræs_[Ha]": 0.0, "Lav_bolig_[Ha]": 1.7964438830715252, "Losseplads_[Ha]": 0.0, "Parkering_[Ha]": 0.0, "ÅDT<15000_[Ha]": 0.64995554943495681, "ÅDT>15000_[Ha]": 0.0 }, "geometry": { "type": "MultiPolygon", "coordinates": [ [ [ [ 714402.229999999981374, 6180883.370000000111759 ], [ 714396.613999999943189, 6180896.599999999627471 ], [ 714396.60999999998603, 6180896.610000000335276 ], [ 714385.099999999976717, 6180904.33 ], [ 714375.660000000032596, 6180911.53000000026077 ], [ 714399.78000000002794, 6180909.379999999888241 ], [ 714402.959999999962747, 6180909.299999999813735 ], [ 714406.14000000001397, 6180909.480000000447035 ], [ 714410.905999999959022, 6180913.177000000141561 ], [ 714427.08357163076289, 6180911.829035692848265 ], [ 714426.900000000023283, 6180912.059999999590218 ], [ 714427.050000000046566, 6180933.78000000026077 ], [ 714427.044, 6180935.57799999974668 ], [ 714427.040000000037253, 6180936.849999999627471 ], [ 714452.78000000002794, 6180938.139999999664724 ], [ 714464.35999999998603, 6180938.71999999973923 ], [ 714467.599999999976717, 6180938.879999999888241 ], [ 714470.099999999976717, 6180939.0 ], [ 714480.209999999962747, 6180939.509999999776483 ], [ 714499.24, 6180940.450000000186265 ], [ 714506.17000000004191, 6180964.980000000447035 ], [ 714506.410000000032596, 6180965.83 ], [ 714518.540000000037253, 6181008.759999999776483 ], [ 714508.160000000032596, 6181008.21 ], [ 714509.449999999953434, 6181048.589999999850988 ], [ 714513.339999999967404, 6181050.599999999627471 ], [ 714517.069999999948777, 6181052.889999999664724 ], [ 714520.63, 6181055.450000000186265 ], [ 714529.53000000002794, 6181054.360000000335276 ], [ 714529.332999999984168, 6181061.434000000357628 ], [ 714530.116999999969266, 6181065.352 ], [ 714530.699999999953434, 6181072.770999999716878 ], [ 714532.12, 6181072.610000000335276 ], [ 714533.07999999995809, 6181077.700000000186265 ], [ 714534.14000000001397, 6181082.769999999552965 ], [ 714535.38, 6181088.110000000335276 ], [ 714536.74, 6181093.429999999701977 ], [ 714537.349999999976717, 6181095.727 ], [ 714538.589999999967404, 6181100.400000000372529 ], [ 714542.979999999981374, 6181116.889999999664724 ], [ 714530.939999999944121, 6181121.33 ], [ 714528.5, 6181114.759999999776483 ], [ 714518.729999999981374, 6181118.519999999552965 ], [ 714522.63, 6181152.809999999590218 ], [ 714524.599999999976717, 6181152.08 ], [ 714549.939999999944121, 6181142.660000000149012 ], [ 714554.805999999982305, 6181160.67200000025332 ], [ 714555.898999999975786, 6181164.717000000178814 ], [ 714557.449999999953434, 6181170.46 ], [ 714556.615, 6181172.00800000037998 ], [ 714557.667000000015832, 6181182.707999999634922 ], [ 714572.734000000054948, 6181180.066999999806285 ], [ 714570.900000000023283, 6181173.440000000409782 ], [ 714573.38, 6181169.099999999627471 ], [ 714594.118000000016764, 6181163.076999999582767 ], [ 714636.498999999952503, 6181150.767 ], [ 714664.645000000018626, 6181142.592000000178814 ], [ 714661.42000000004191, 6181143.529 ], [ 714662.910000000032596, 6181148.269000000320375 ], [ 714662.910000000032596, 6181148.269999999552965 ], [ 714675.067999999970198, 6181190.314000000245869 ], [ 714675.069999999948777, 6181190.320000000298023 ], [ 714677.557000000029802, 6181196.714999999850988 ], [ 714698.395999999949709, 6181190.65500000026077 ], [ 714706.398000000044703, 6181188.32799999974668 ], [ 714732.591999999945983, 6181171.659 ], [ 714728.14000000001397, 6181138.509999999776483 ], [ 714726.430000000051223, 6181124.648 ], [ 714770.020000000018626, 6181111.990000000223517 ], [ 714768.42000000004191, 6181103.53000000026077 ], [ 714765.199999999953434, 6181086.58 ], [ 714760.939999999944121, 6181064.089999999850988 ], [ 714757.5, 6181045.92 ], [ 714756.64000000001397, 6181041.370000000111759 ], [ 714753.17000000004191, 6181023.049999999813735 ], [ 714752.349999999976717, 6181018.71 ], [ 714748.790000000037253, 6180999.929999999701977 ], [ 714747.959999999962747, 6180995.549999999813735 ], [ 714744.53000000002794, 6180977.450000000186265 ], [ 714743.589999999967404, 6180972.480000000447035 ], [ 714740.14000000001397, 6180954.28000000026077 ], [ 714739.28000000002794, 6180949.78000000026077 ], [ 714735.790000000037253, 6180931.320000000298023 ], [ 714735.0, 6180927.179999999701977 ], [ 714731.339999999967404, 6180907.839999999850988 ], [ 714730.540000000037253, 6180903.660000000149012 ], [ 714726.24, 6180880.92 ], [ 714720.709999999962747, 6180851.769999999552965 ], [ 714717.540000000037253, 6180847.200000000186265 ], [ 714712.694000000017695, 6180847.514999999664724 ], [ 714695.550000000046566, 6180848.629999999888241 ], [ 714685.167999999946915, 6180849.304999999701977 ], [ 714675.400000000023283, 6180849.940000000409782 ], [ 714674.40300000004936, 6180850.004999999888241 ], [ 714657.069999999948777, 6180851.139999999664724 ], [ 714646.15300000004936, 6180851.853000000119209 ], [ 714610.893000000040047, 6180854.156000000424683 ], [ 714590.273999999975786, 6180855.502999999560416 ], [ 714581.267, 6180856.092000000178814 ], [ 714569.349999999976717, 6180856.870000000111759 ], [ 714581.38, 6180900.799999999813735 ], [ 714567.699999999953434, 6180901.04 ], [ 714565.628999999957159, 6180901.017 ], [ 714554.020000000018626, 6180900.889999999664724 ], [ 714540.349999999976717, 6180900.360000000335276 ], [ 714528.185999999986961, 6180899.54 ], [ 714526.699999999953434, 6180899.440000000409782 ], [ 714489.993000000016764, 6180897.33 ], [ 714487.03000000002794, 6180897.160000000149012 ], [ 714476.069999999948777, 6180896.269999999552965 ], [ 714464.660000000032596, 6180895.54 ], [ 714453.21999999997206, 6180895.08 ], [ 714450.356000000028871, 6180895.026999999769032 ], [ 714441.78000000002794, 6180894.870000000111759 ], [ 714430.339999999967404, 6180894.92 ], [ 714429.959999999962747, 6180894.548000000417233 ], [ 714426.770000000018626, 6180891.42 ], [ 714426.650000000023283, 6180869.339999999850988 ], [ 714429.427999999956228, 6180866.38399999961257 ], [ 714426.57999999995809, 6180865.890999999828637 ], [ 714407.089999999967404, 6180867.009999999776483 ], [ 714405.07999999995809, 6180867.129999999888241 ], [ 714402.229999999981374, 6180883.370000000111759 ] ] ] ] } },
{ "type": "Feature", "properties": { "fid": 17, "Red_area_P": 5.086, "Bef_area_P": 6.358, "Area_PULS": 7.619, "PULS_Navn": 4305000, "Høj_Bolig_[Ha]": 0.0, "Ikke_bef_[Ha]": 0.028353480357641611, "Industri_[Ha]": 3.199380563455255, "Kunstgræs_[Ha]": 0.0, "Lav_bolig_[Ha]": 0.0, "Losseplads_[Ha]": 0.0, "Parkering_[Ha]": 0.0, "ÅDT<15000_[Ha]": 1.8564754088719488, "ÅDT>15000_[Ha]": 0.0 }, "geometry": { "type": "MultiPolygon", "coordinates": [ [ [ [ 714983.400000000023283, 6180420.299999999813735 ], [ 714981.60999999998603, 6180420.42 ], [ 714965.930000000051223, 6180421.160000000149012 ], [ 714958.03000000002794, 6180421.78000000026077 ], [ 714936.469000000040978, 6180423.610000000335276 ], [ 714936.429, 6180423.612999999895692 ], [ 714895.810000000055879, 6180427.059999999590218 ], [ 714886.968, 6180429.063 ], [ 714886.929, 6180429.071999999694526 ], [ 714881.770000000018626, 6180430.240000000223517 ], [ 714870.819999999948777, 6180430.46 ], [ 714861.349999999976717, 6180426.349999999627471 ], [ 714856.020000000018626, 6180426.240000000223517 ], [ 714823.527, 6180425.575000000186265 ], [ 714823.486000000033528, 6180425.574 ], [ 714804.733, 6180425.190000000409782 ], [ 714804.692999999970198, 6180425.189000000245869 ], [ 714800.339999999967404, 6180425.099999999627471 ], [ 714786.101999999955297, 6180426.15500000026077 ], [ 714786.060999999986961, 6180426.156000000424683 ], [ 714760.199999999953434, 6180428.070000000298023 ], [ 714760.060000000055879, 6180433.42 ], [ 714757.51, 6180432.980000000447035 ], [ 714758.810000000055879, 6180442.690000000409782 ], [ 714755.28000000002794, 6180449.75 ], [ 714751.283999999985099, 6180453.554999999701977 ], [ 714750.819999999948777, 6180454.269999999552965 ], [ 714746.685000000055879, 6180458.225999999791384 ], [ 714742.92000000004191, 6180462.839999999850988 ], [ 714741.400000000023283, 6180464.690000000409782 ], [ 714734.71999999997206, 6180479.910000000149012 ], [ 714732.270000000018626, 6180489.809999999590218 ], [ 714730.189999999944121, 6180499.620000000111759 ], [ 714730.042000000015832, 6180501.197999999858439 ], [ 714730.466999999945983, 6180507.09499999973923 ], [ 714731.25, 6180510.820000000298023 ], [ 714731.939999999944121, 6180518.349999999627471 ], [ 714730.819999999948777, 6180532.889999999664724 ], [ 714729.28000000002794, 6180546.740000000223517 ], [ 714728.542000000015832, 6180549.468999999575317 ], [ 714728.339999999967404, 6180550.929999999701977 ], [ 714727.468, 6180553.435999999754131 ], [ 714726.57999999995809, 6180556.71999999973923 ], [ 714724.618999999947846, 6180561.627999999560416 ], [ 714724.569999999948777, 6180561.769999999552965 ], [ 714724.533999999985099, 6180561.843000000342727 ], [ 714723.540000000037253, 6180564.33 ], [ 714726.900000000023283, 6180570.08 ], [ 714742.5, 6180569.46999999973923 ], [ 714756.900000000023283, 6180568.92 ], [ 714787.89000000001397, 6180567.71 ], [ 714788.373999999952503, 6180603.888000000268221 ], [ 714798.913999999989755, 6180603.721 ], [ 714798.689999999944121, 6180569.950000000186265 ], [ 714848.74, 6180569.610000000335276 ], [ 714898.099999999976717, 6180569.28000000026077 ], [ 714996.26, 6180568.589999999850988 ], [ 715046.680000000051223, 6180568.150000000372529 ], [ 715095.35999999998603, 6180567.620000000111759 ], [ 715095.949999999953434, 6180577.940000000409782 ], [ 715099.050000000046566, 6180577.910000000149012 ], [ 715124.587000000057742, 6180577.399000000208616 ], [ 715124.62699999997858, 6180577.398 ], [ 715148.422000000020489, 6180576.92200000025332 ], [ 715148.461000000010245, 6180576.92200000025332 ], [ 715151.53000000002794, 6180576.860000000335276 ], [ 715182.809, 6180576.481999999843538 ], [ 715182.849000000045635, 6180576.481999999843538 ], [ 715206.189999999944121, 6180576.200000000186265 ], [ 715207.988000000012107, 6180610.440999999642372 ], [ 715217.927999999956228, 6180610.032999999821186 ], [ 715215.167000000015832, 6180547.036999999545515 ], [ 715214.317999999970198, 6180527.644000000320375 ], [ 715248.113999999943189, 6180526.179999999701977 ], [ 715248.153999999980442, 6180526.178000000305474 ], [ 715282.478, 6180524.691999999806285 ], [ 715282.478, 6180524.651999999769032 ], [ 715282.476999999955297, 6180524.324 ], [ 715282.459999999962747, 6180517.379999999888241 ], [ 715283.25, 6180494.46 ], [ 715283.270000000018626, 6180493.71100000012666 ], [ 715283.439999999944121, 6180487.5 ], [ 715285.290000000037253, 6180457.490000000223517 ], [ 715287.027, 6180441.75899999961257 ], [ 715287.689999999944121, 6180435.759999999776483 ], [ 715197.096000000019558, 6180436.907999999821186 ], [ 715197.055999999982305, 6180436.907999999821186 ], [ 715166.429, 6180437.296 ], [ 715166.39000000001397, 6180437.29700000025332 ], [ 715151.062999999965541, 6180437.49100000038743 ], [ 715151.023000000044703, 6180437.49100000038743 ], [ 715127.46999999997206, 6180437.79 ], [ 715127.150000000023283, 6180417.980000000447035 ], [ 715107.099999999976717, 6180418.269000000320375 ], [ 715107.07999999995809, 6180418.269999999552965 ], [ 715107.060000000055879, 6180418.276999999769032 ], [ 715105.64000000001397, 6180418.769999999552965 ], [ 715105.660000000032596, 6180419.96999999973923 ], [ 715101.64000000001397, 6180420.160000000149012 ], [ 715098.25, 6180419.799999999813735 ], [ 715087.569999999948777, 6180419.730999999679625 ], [ 715087.53000000002794, 6180419.730999999679625 ], [ 715053.26, 6180419.509999999776483 ], [ 715045.993999999947846, 6180419.667999999597669 ], [ 715045.954000000027008, 6180419.668999999761581 ], [ 715013.209999999962747, 6180420.379999999888241 ], [ 714983.400000000023283, 6180420.299999999813735 ] ] ] ] } },
{ "type": "Feature", "properties": { "fid": 18, "Red_area_P": 2.834, "Bef_area_P": 3.543, "Area_PULS": 6.012, "PULS_Navn": 4307000, "Høj_Bolig_[Ha]": 0.0, "Ikke_bef_[Ha]": 0.0078672141340120402, "Industri_[Ha]": 0.44346319719775312, "Kunstgræs_[Ha]": 0.0, "Lav_bolig_[Ha]": 1.4330706017865857, "Losseplads_[Ha]": 0.0, "Parkering_[Ha]": 0.0, "ÅDT<15000_[Ha]": 0.37791490169301395, "ÅDT>15000_[Ha]": 0.40421375026386719 }, "geometry": { "type": "MultiPolygon", "coordinates": [ [ [ [ 714971.233, 6180874.989 ], [ 714971.233, 6180874.980000000447035 ], [ 714971.232775830081664, 6180874.980011050589383 ], [ 714971.233, 6180874.989 ] ] ] ] } },
{ "type": "Feature", "properties": { "fid": 19, "Red_area_P": 2.834, "Bef_area_P": 3.543, "Area_PULS": 6.012, "PULS_Navn": 4307000, "Høj_Bolig_[Ha]": 0.0, "Ikke_bef_[Ha]": 0.0078672141340120402, "Industri_[Ha]": 0.44346319719775312, "Kunstgræs_[Ha]": 0.0, "Lav_bolig_[Ha]": 1.4330706017865857, "Losseplads_[Ha]": 0.0, "Parkering_[Ha]": 0.0, "ÅDT<15000_[Ha]": 0.37791490169301395, "ÅDT>15000_[Ha]": 0.40421375026386719 }, "geometry": { "type": "MultiPolygon", "coordinates": [ [ [ [ 714475.400000000023283, 6180832.900000000372529 ], [ 714461.834000000031665, 6180833.731999999843538 ], [ 714450.745, 6180834.412999999709427 ], [ 714436.770000000018626, 6180835.269999999552965 ], [ 714414.515999999945052, 6180836.529 ], [ 714410.050000000046566, 6180851.013000000268221 ], [ 714406.532, 6180862.421 ], [ 714405.07999999995809, 6180867.129999999888241 ], [ 714407.089999999967404, 6180867.009999999776483 ], [ 714426.57999999995809, 6180865.890999999828637 ], [ 714429.427999999956228, 6180866.38399999961257 ], [ 714426.650000000023283, 6180869.339999999850988 ], [ 714426.770000000018626, 6180891.42 ], [ 714429.959999999962747, 6180894.548000000417233 ], [ 714430.339999999967404, 6180894.92 ], [ 714441.78000000002794, 6180894.870000000111759 ], [ 714450.356000000028871, 6180895.026999999769032 ], [ 714453.21999999997206, 6180895.08 ], [ 714464.660000000032596, 6180895.54 ], [ 714476.069999999948777, 6180896.269999999552965 ], [ 714487.03000000002794, 6180897.160000000149012 ], [ 714489.993000000016764, 6180897.33 ], [ 714526.699999999953434, 6180899.440000000409782 ], [ 714528.185999999986961, 6180899.54 ], [ 714540.349999999976717, 6180900.360000000335276 ], [ 714554.020000000018626, 6180900.889999999664724 ], [ 714565.628999999957159, 6180901.017 ], [ 714567.699999999953434, 6180901.04 ], [ 714581.38, 6180900.799999999813735 ], [ 714569.349999999976717, 6180856.870000000111759 ], [ 714581.267, 6180856.092000000178814 ], [ 714590.273999999975786, 6180855.502999999560416 ], [ 714610.893000000040047, 6180854.156000000424683 ], [ 714646.15300000004936, 6180851.853000000119209 ], [ 714657.069999999948777, 6180851.139999999664724 ], [ 714674.40300000004936, 6180850.004999999888241 ], [ 714675.400000000023283, 6180849.940000000409782 ], [ 714685.167999999946915, 6180849.304999999701977 ], [ 714695.550000000046566, 6180848.629999999888241 ], [ 714712.694000000017695, 6180847.514999999664724 ], [ 714717.540000000037253, 6180847.200000000186265 ], [ 714720.709999999962747, 6180851.769999999552965 ], [ 714726.24, 6180880.92 ], [ 714730.540000000037253, 6180903.660000000149012 ], [ 714731.339999999967404, 6180907.839999999850988 ], [ 714735.0, 6180927.179999999701977 ], [ 714735.790000000037253, 6180931.320000000298023 ], [ 714739.28000000002794, 6180949.78000000026077 ], [ 714740.14000000001397, 6180954.28000000026077 ], [ 714743.589999999967404, 6180972.480000000447035 ], [ 714744.53000000002794, 6180977.450000000186265 ], [ 714747.959999999962747, 6180995.549999999813735 ], [ 714748.790000000037253, 6180999.929999999701977 ], [ 714752.349999999976717, 6181018.71 ], [ 714753.17000000004191, 6181023.049999999813735 ], [ 714756.64000000001397, 6181041.370000000111759 ], [ 714757.5, 6181045.92 ], [ 714760.939999999944121, 6181064.089999999850988 ], [ 714765.199999999953434, 6181086.58 ], [ 714768.42000000004191, 6181103.53000000026077 ], [ 714770.020000000018626, 6181111.990000000223517 ], [ 714771.790000000037253, 6181121.370000000111759 ], [ 714820.229999999981374, 6181112.190000000409782 ], [ 714817.410000000032596, 6181097.42 ], [ 714821.209999999962747, 6181096.21 ], [ 714859.800000000046566, 6181084.879999999888241 ], [ 714863.599999999976717, 6181104.370000000111759 ], [ 714864.939999999944121, 6181111.511 ], [ 714877.246999999973923, 6181109.270999999716878 ], [ 714875.680000000051223, 6181100.910000000149012 ], [ 714871.99, 6181081.25 ], [ 714905.78000000002794, 6181071.410000000149012 ], [ 714902.46999999997206, 6181054.96 ], [ 714902.060000000055879, 6181052.78000000026077 ], [ 714899.050000000046566, 6181036.78000000026077 ], [ 714898.82999999995809, 6181035.570000000298023 ], [ 714895.64000000001397, 6181018.589999999850988 ], [ 714892.38, 6181001.17 ], [ 714892.229999999981374, 6181000.410000000149012 ], [ 714889.150000000023283, 6180983.96999999973923 ], [ 714888.819999999948777, 6180982.21999999973923 ], [ 714885.910000000032596, 6180966.769999999552965 ], [ 714885.400000000023283, 6180964.03000000026077 ], [ 714882.67000000004191, 6180949.570000000298023 ], [ 714881.96999999997206, 6180945.839999999850988 ], [ 714878.76, 6180928.78000000026077 ], [ 714870.729999999981374, 6180929.142 ], [ 714870.366999999969266, 6180919.026999999769032 ], [ 714882.770000000018626, 6180918.490000000223517 ], [ 714880.51, 6180877.900000000372529 ], [ 714900.160000000032596, 6180876.509999999776483 ], [ 714900.165000000037253, 6180876.509999999776483 ], [ 714900.165000000037253, 6180876.507000000216067 ], [ 714902.15500000002794, 6180917.809999999590218 ], [ 714961.881999999983236, 6180915.400000000372529 ], [ 714960.216999999945983, 6180875.523 ], [ 714971.232775830081664, 6180874.980011050589383 ], [ 714970.13, 6180830.759999999776483 ], [ 714963.511000000056811, 6180831.191999999806285 ], [ 714957.064000000013039, 6180831.661999999545515 ], [ 714957.268999999971129, 6180816.637000000104308 ], [ 714951.397, 6180816.926 ], [ 714927.599000000045635, 6180818.474000000394881 ], [ 714926.371999999973923, 6180803.025999999605119 ], [ 714922.770000000018626, 6180803.190000000409782 ], [ 714891.520000000018626, 6180804.339999999850988 ], [ 714888.849999999976717, 6180804.360000000335276 ], [ 714879.452000000048429, 6180804.009999999776483 ], [ 714867.339999999967404, 6180803.559999999590218 ], [ 714857.314999999944121, 6180804.127000000327826 ], [ 714858.332000000053085, 6180822.861999999731779 ], [ 714850.229000000050291, 6180823.889999999664724 ], [ 714821.616000000038184, 6180827.519999999552965 ], [ 714815.854999999981374, 6180827.80599999986589 ], [ 714750.849000000045635, 6180831.029 ], [ 714711.694999999948777, 6180832.96999999973923 ], [ 714711.689999999944121, 6180832.904 ], [ 714684.332999999984168, 6180834.546 ], [ 714673.381000000052154, 6180835.204 ], [ 714645.287999999942258, 6180836.889999999664724 ], [ 714609.900999999954365, 6180839.014999999664724 ], [ 714589.223, 6180840.256 ], [ 714580.180000000051223, 6180840.798999999649823 ], [ 714551.066, 6180842.54700000025332 ], [ 714515.947000000043772, 6180844.656000000424683 ], [ 714515.045999999972992, 6180830.338999999687076 ], [ 714512.783000000054017, 6180830.486999999731779 ], [ 714507.810000000055879, 6180830.810999999754131 ], [ 714492.78000000002794, 6180831.79 ], [ 714475.400000000023283, 6180832.900000000372529 ] ] ] ] } },
{ "type": "Feature", "properties": { "fid": 20, "Red_area_P": 0.714, "Bef_area_P": 0.892, "Area_PULS": 2.208, "PULS_Navn": 4310000, "Høj_Bolig_[Ha]": 0.0, "Ikke_bef_[Ha]": 0.021870880570948679, "Industri_[Ha]": 0.0, "Kunstgræs_[Ha]": 0.0, "Lav_bolig_[Ha]": 0.57562556225370498, "Losseplads_[Ha]": 0.0, "Parkering_[Ha]": 0.0, "ÅDT<15000_[Ha]": 0.11612115533680706, "ÅDT>15000_[Ha]": 0.0 }, "geometry": { "type": "MultiPolygon", "coordinates": [ [ [ [ 714234.969000000040978, 6181086.490000000223517 ], [ 714234.949999999953434, 6181086.509999999776483 ], [ 714230.618999999947846, 6181092.25800000037998 ], [ 714230.60999999998603, 6181092.269999999552965 ], [ 714226.87, 6181097.570000000298023 ], [ 714226.199999999953434, 6181100.54 ], [ 714227.38, 6181106.129999999888241 ], [ 714225.849999999976717, 6181114.71 ], [ 714224.790000000037253, 6181117.5 ], [ 714220.479999999981374, 6181124.690000000409782 ], [ 714217.439999999944121, 6181127.679999999701977 ], [ 714217.381000000052154, 6181127.733 ], [ 714214.459999999962747, 6181130.599999999627471 ], [ 714210.57999999995809, 6181134.509999999776483 ], [ 714206.38, 6181139.389999999664724 ], [ 714205.160000000032596, 6181141.549999999813735 ], [ 714203.03000000002794, 6181144.570000000298023 ], [ 714198.569999999948777, 6181148.264000000432134 ], [ 714197.38, 6181149.25 ], [ 714195.479999999981374, 6181150.820000000298023 ], [ 714193.589999999967404, 6181152.79 ], [ 714187.332999999984168, 6181159.302000000141561 ], [ 714183.368000000016764, 6181164.610999999567866 ], [ 714183.099999999976717, 6181164.96999999973923 ], [ 714176.87, 6181172.21999999973923 ], [ 714171.25, 6181177.25 ], [ 714166.38, 6181179.639999999664724 ], [ 714164.522, 6181180.021999999880791 ], [ 714160.060000000055879, 6181180.940000000409782 ], [ 714156.39000000001397, 6181181.46 ], [ 714154.837000000057742, 6181181.440999999642372 ], [ 714176.770000000018626, 6181225.679999999701977 ], [ 714179.24, 6181224.740000000223517 ], [ 714175.099999999976717, 6181232.25 ], [ 714171.371000000042841, 6181239.747000000439584 ], [ 714171.38, 6181239.767 ], [ 714168.015999999945052, 6181247.235999999567866 ], [ 714168.01500000001397, 6181247.236999999731779 ], [ 714168.01500000001397, 6181247.239 ], [ 714167.99, 6181247.298000000417233 ], [ 714167.988999999943189, 6181247.299999999813735 ], [ 714167.988999999943189, 6181247.301 ], [ 714167.988000000012107, 6181247.302000000141561 ], [ 714167.98699999996461, 6181247.303999999538064 ], [ 714167.98699999996461, 6181247.304999999701977 ], [ 714167.986000000033528, 6181247.307 ], [ 714167.986000000033528, 6181247.308000000193715 ], [ 714167.98499999998603, 6181247.309000000357628 ], [ 714167.984000000054948, 6181247.310999999754131 ], [ 714167.984000000054948, 6181247.312 ], [ 714167.983, 6181247.314000000245869 ], [ 714167.983, 6181247.315000000409782 ], [ 714167.957000000053085, 6181247.376000000163913 ], [ 714167.956, 6181247.377000000327826 ], [ 714167.788999999989755, 6181247.770999999716878 ], [ 714167.621999999973923, 6181248.165 ], [ 714167.491999999969266, 6181248.474000000394881 ], [ 714165.422999999951571, 6181253.597 ], [ 714165.375, 6181253.71999999973923 ], [ 714165.21999999997206, 6181254.119 ], [ 714165.14000000001397, 6181254.326999999582767 ], [ 714162.883000000030734, 6181260.490000000223517 ], [ 714162.863000000012107, 6181260.548000000417233 ], [ 714162.756000000052154, 6181260.853000000119209 ], [ 714160.73699999996461, 6181267.011 ], [ 714160.609000000054948, 6181267.400999999605119 ], [ 714160.591000000014901, 6181267.46 ], [ 714160.589999999967404, 6181267.46 ], [ 714158.569999999948777, 6181274.679999999701977 ], [ 714156.819999999948777, 6181281.96999999973923 ], [ 714155.319999999948777, 6181289.309999999590218 ], [ 714171.214000000036322, 6181290.673000000417233 ], [ 714171.87, 6181287.450000000186265 ], [ 714172.92000000004191, 6181282.849999999627471 ], [ 714187.07999999995809, 6181277.509999999776483 ], [ 714207.71999999997206, 6181269.839999999850988 ], [ 714208.180000000051223, 6181269.67 ], [ 714229.270000000018626, 6181261.83 ], [ 714233.0, 6181260.440000000409782 ], [ 714250.37, 6181253.990000000223517 ], [ 714254.540000000037253, 6181252.440000000409782 ], [ 714271.459999999962747, 6181246.150000000372529 ], [ 714275.150000000023283, 6181244.78000000026077 ], [ 714292.560000000055879, 6181238.309999999590218 ], [ 714295.770000000018626, 6181237.120000000111759 ], [ 714313.650000000023283, 6181230.46999999973923 ], [ 714316.39000000001397, 6181229.450000000186265 ], [ 714334.75, 6181222.629999999888241 ], [ 714337.020000000018626, 6181221.79 ], [ 714333.13, 6181187.549999999813735 ], [ 714313.941, 6181194.674999999813735 ], [ 714310.559, 6181185.275999999605119 ], [ 714322.88, 6181180.700000000186265 ], [ 714313.92000000004191, 6181156.589999999850988 ], [ 714305.810000000055879, 6181137.900000000372529 ], [ 714293.01500000001397, 6181145.347 ], [ 714289.621999999973923, 6181128.813 ], [ 714304.709999999962747, 6181120.03000000026077 ], [ 714306.53000000002794, 6181118.96 ], [ 714295.85999999998603, 6181095.67 ], [ 714285.540000000037253, 6181073.120000000111759 ], [ 714285.25199999997858, 6181073.392 ], [ 714285.25, 6181073.400000000372529 ], [ 714284.78000000002794, 6181074.889999999664724 ], [ 714284.290000000037253, 6181075.799999999813735 ], [ 714282.89000000001397, 6181077.400000000372529 ], [ 714282.310000000055879, 6181077.929999999701977 ], [ 714281.790000000037253, 6181078.190000000409782 ], [ 714280.939999999944121, 6181078.269999999552965 ], [ 714280.13, 6181078.17 ], [ 714279.349999999976717, 6181077.889999999664724 ], [ 714275.270000000018626, 6181076.820000000298023 ], [ 714271.650000000023283, 6181075.29 ], [ 714268.75, 6181073.440000000409782 ], [ 714266.589999999967404, 6181071.519999999552965 ], [ 714265.14000000001397, 6181071.509999999776483 ], [ 714260.413999999989755, 6181071.480000000447035 ], [ 714260.410000000032596, 6181071.480000000447035 ], [ 714258.42000000004191, 6181071.46999999973923 ], [ 714252.150000000023283, 6181071.429999999701977 ], [ 714250.189999999944121, 6181071.42 ], [ 714242.800000000046566, 6181071.370000000111759 ], [ 714241.349999999976717, 6181078.92 ], [ 714241.241000000038184, 6181080.129999999888241 ], [ 714241.24, 6181080.139999999664724 ], [ 714240.979999999981374, 6181081.370000000111759 ], [ 714238.88, 6181083.370000000111759 ], [ 714234.969000000040978, 6181086.490000000223517 ] ] ] ] } },
{ "type": "Feature", "properties": { "fid": 21, "Red_area_P": 1.808, "Bef_area_P": 2.261, "Area_PULS": 5.232, "PULS_Navn": 4309000, "Høj_Bolig_[Ha]": 0.0, "Ikke_bef_[Ha]": 0.021984123908779366, "Industri_[Ha]": 0.0, "Kunstgræs_[Ha]": 0.0, "Lav_bolig_[Ha]": 1.523044072123461, "Losseplads_[Ha]": 0.0, "Parkering_[Ha]": 0.0, "ÅDT<15000_[Ha]": 0.26257186154940126, "ÅDT>15000_[Ha]": 0.0 }, "geometry": { "type": "MultiPolygon", "coordinates": [ [ [ [ 714348.53000000002794, 6180935.67 ], [ 714346.680000000051223, 6180938.099999999627471 ], [ 714342.24, 6180942.67 ], [ 714337.67000000004191, 6180946.589999999850988 ], [ 714333.449999999953434, 6180949.049999999813735 ], [ 714328.699999999953434, 6180951.809999999590218 ], [ 714323.495, 6180954.926 ], [ 714320.07999999995809, 6180959.120000000111759 ], [ 714319.770000000018626, 6180961.360000000335276 ], [ 714319.689999999944121, 6180965.599999999627471 ], [ 714320.290000000037253, 6180969.599999999627471 ], [ 714319.87, 6180972.769999999552965 ], [ 714319.150000000023283, 6180978.120000000111759 ], [ 714319.21999999997206, 6180980.21 ], [ 714319.37, 6180982.42 ], [ 714327.26, 6180988.900000000372529 ], [ 714338.310000000055879, 6181000.46999999973923 ], [ 714341.25, 6181004.900000000372529 ], [ 714341.959999999962747, 6181005.96999999973923 ], [ 714342.800000000046566, 6181007.599999999627471 ], [ 714345.020000000018626, 6181011.910000000149012 ], [ 714345.049, 6181011.980000000447035 ], [ 714346.040000000037253, 6181013.910000000149012 ], [ 714346.167999999946915, 6181014.682 ], [ 714346.180000000051223, 6181014.71 ], [ 714349.060000000055879, 6181023.320000000298023 ], [ 714349.209999999962747, 6181024.17 ], [ 714349.21999999997206, 6181025.049999999813735 ], [ 714348.520000000018626, 6181028.820000000298023 ], [ 714347.849999999976717, 6181030.769999999552965 ], [ 714346.63, 6181033.120000000111759 ], [ 714345.14000000001397, 6181034.690000000409782 ], [ 714345.07999999995809, 6181034.929999999701977 ], [ 714338.087999999988824, 6181040.031999999657273 ], [ 714338.07999999995809, 6181040.04 ], [ 714329.62, 6181046.21 ], [ 714328.300000000046566, 6181048.110000000335276 ], [ 714325.699999999953434, 6181050.940000000409782 ], [ 714322.530999999959022, 6181052.721 ], [ 714320.699999999953434, 6181053.75 ], [ 714315.35999999998603, 6181054.58 ], [ 714298.319999999948777, 6181059.740000000223517 ], [ 714292.319999999948777, 6181062.879999999888241 ], [ 714290.430999999982305, 6181064.75899999961257 ], [ 714285.785000000032596, 6181071.752999999560416 ], [ 714285.540000000037253, 6181073.120000000111759 ], [ 714295.85999999998603, 6181095.67 ], [ 714306.53000000002794, 6181118.96 ], [ 714304.709999999962747, 6181120.03000000026077 ], [ 714289.621999999973923, 6181128.813 ], [ 714293.01500000001397, 6181145.347 ], [ 714305.810000000055879, 6181137.900000000372529 ], [ 714313.92000000004191, 6181156.589999999850988 ], [ 714322.88, 6181180.700000000186265 ], [ 714310.559, 6181185.275999999605119 ], [ 714313.941, 6181194.674999999813735 ], [ 714333.13, 6181187.549999999813735 ], [ 714337.020000000018626, 6181221.79 ], [ 714355.839999999967404, 6181214.79 ], [ 714357.64000000001397, 6181214.120000000111759 ], [ 714376.939999999944121, 6181206.950000000186265 ], [ 714378.270000000018626, 6181206.46 ], [ 714398.03000000002794, 6181199.110000000335276 ], [ 714398.89000000001397, 6181198.799999999813735 ], [ 714419.13, 6181191.28000000026077 ], [ 714419.520000000018626, 6181191.129999999888241 ], [ 714440.21999999997206, 6181183.440000000409782 ], [ 714440.37, 6181183.379999999888241 ], [ 714460.76, 6181175.799999999813735 ], [ 714461.319999999948777, 6181175.599999999627471 ], [ 714481.39000000001397, 6181168.139999999664724 ], [ 714482.410000000032596, 6181167.759999999776483 ], [ 714502.01, 6181160.46999999973923 ], [ 714503.51, 6181159.92 ], [ 714522.63, 6181152.809999999590218 ], [ 714518.729999999981374, 6181118.519999999552965 ], [ 714528.5, 6181114.759999999776483 ], [ 714530.939999999944121, 6181121.33 ], [ 714542.979999999981374, 6181116.889999999664724 ], [ 714538.589999999967404, 6181100.400000000372529 ], [ 714537.349999999976717, 6181095.727 ], [ 714536.74, 6181093.429999999701977 ], [ 714535.38, 6181088.110000000335276 ], [ 714534.14000000001397, 6181082.769999999552965 ], [ 714533.07999999995809, 6181077.700000000186265 ], [ 714532.12, 6181072.610000000335276 ], [ 714530.699999999953434, 6181072.770999999716878 ], [ 714530.116999999969266, 6181065.352 ], [ 714529.332999999984168, 6181061.434000000357628 ], [ 714529.53000000002794, 6181054.360000000335276 ], [ 714520.63, 6181055.450000000186265 ], [ 714517.069999999948777, 6181052.889999999664724 ], [ 714513.339999999967404, 6181050.599999999627471 ], [ 714509.449999999953434, 6181048.589999999850988 ], [ 714508.160000000032596, 6181008.21 ], [ 714518.540000000037253, 6181008.759999999776483 ], [ 714506.410000000032596, 6180965.83 ], [ 714506.17000000004191, 6180964.980000000447035 ], [ 714499.24, 6180940.450000000186265 ], [ 714480.209999999962747, 6180939.509999999776483 ], [ 714470.099999999976717, 6180939.0 ], [ 714467.599999999976717, 6180938.879999999888241 ], [ 714464.35999999998603, 6180938.71999999973923 ], [ 714452.78000000002794, 6180938.139999999664724 ], [ 714427.040000000037253, 6180936.849999999627471 ], [ 714427.044, 6180935.57799999974668 ], [ 714427.050000000046566, 6180933.78000000026077 ], [ 714426.900000000023283, 6180912.059999999590218 ], [ 714427.084000000031665, 6180911.829 ], [ 714410.906119587132707, 6180913.176990035921335 ], [ 714406.14000000001397, 6180909.480000000447035 ], [ 714402.959999999962747, 6180909.299999999813735 ], [ 714399.78000000002794, 6180909.379999999888241 ], [ 714375.660000000032596, 6180911.53000000026077 ], [ 714370.800000000046566, 6180916.28000000026077 ], [ 714371.51, 6180916.559999999590218 ], [ 714368.35999999998603, 6180920.009999999776483 ], [ 714367.241000000038184, 6180920.890999999828637 ], [ 714362.10999999998603, 6180924.929999999701977 ], [ 714355.566, 6180926.563 ], [ 714355.550000000046566, 6180926.570000000298023 ], [ 714355.54500000004191, 6180926.571999999694526 ], [ 714354.07999999995809, 6180927.199 ], [ 714351.905999999959022, 6180929.773 ], [ 714349.837000000057742, 6180933.387000000104308 ], [ 714349.25, 6180934.42 ], [ 714348.53000000002794, 6180935.67 ] ] ] ] } },
{ "type": "Feature", "properties": { "fid": 22, "Red_area_P": 2.849, "Bef_area_P": 3.562, "Area_PULS": 8.457, "PULS_Navn": 2407001, "Høj_Bolig_[Ha]": 0.19035647093258515, "Ikke_bef_[Ha]": 0.0, "Industri_[Ha]": 0.0, "Kunstgræs_[Ha]": 0.0, "Lav_bolig_[Ha]": 2.1989079779624867, "Losseplads_[Ha]": 0.0, "Parkering_[Ha]": 0.01386340009946046, "ÅDT<15000_[Ha]": 0.44484451998150271, "ÅDT>15000_[Ha]": 0.0 }, "geometry": { "type": "MultiPolygon", "coordinates": [ [ [ [ 714968.692999999970198, 6180875.111999999731779 ], [ 714960.21999999997206, 6180875.523 ], [ 714961.216000000014901, 6180899.454 ], [ 714961.881999999983236, 6180915.407999999821186 ], [ 714961.88, 6180915.407999999821186 ], [ 714961.88, 6180915.410000000149012 ], [ 714932.542999999946915, 6180916.588999999687076 ], [ 714902.160000000032596, 6180917.809999999590218 ], [ 714902.15500000002794, 6180917.809999999590218 ], [ 714901.174, 6180897.454 ], [ 714900.160000000032596, 6180876.509999999776483 ], [ 714880.51, 6180877.900000000372529 ], [ 714882.770000000018626, 6180918.490000000223517 ], [ 714870.366999999969266, 6180919.026999999769032 ], [ 714870.729999999981374, 6180929.142 ], [ 714878.76, 6180928.78000000026077 ], [ 714881.96999999997206, 6180945.839999999850988 ], [ 714882.67000000004191, 6180949.570000000298023 ], [ 714885.400000000023283, 6180964.03000000026077 ], [ 714885.910000000032596, 6180966.769999999552965 ], [ 714888.819999999948777, 6180982.21999999973923 ], [ 714889.150000000023283, 6180983.96999999973923 ], [ 714892.229999999981374, 6181000.410000000149012 ], [ 714892.38, 6181001.17 ], [ 714895.64000000001397, 6181018.589999999850988 ], [ 714898.82999999995809, 6181035.570000000298023 ], [ 714899.050000000046566, 6181036.78000000026077 ], [ 714902.060000000055879, 6181052.78000000026077 ], [ 714902.46999999997206, 6181054.96 ], [ 714905.78000000002794, 6181071.410000000149012 ], [ 714939.560000000055879, 6181061.570000000298023 ], [ 714949.209999999962747, 6181058.759999999776483 ], [ 714969.25, 6181053.120000000111759 ], [ 714987.49, 6181047.79 ], [ 714992.900000000023283, 6181046.04 ], [ 715005.689999999944121, 6181042.320000000298023 ], [ 715023.920999999972992, 6181037.014999999664724 ], [ 715023.939999999944121, 6181037.009999999776483 ], [ 715023.959000000031665, 6181037.003999999724329 ], [ 715040.26, 6181032.259999999776483 ], [ 715059.71999999997206, 6181026.599999999627471 ], [ 715071.099999999976717, 6181023.287999999709427 ], [ 715071.13800000003539, 6181023.276999999769032 ], [ 715079.17000000004191, 6181020.940000000409782 ], [ 715098.63, 6181015.28000000026077 ], [ 715118.150000000023283, 6181009.599999999627471 ], [ 715138.189999999944121, 6181003.769999999552965 ], [ 715146.155999999959022, 6181001.449 ], [ 715146.194000000017695, 6181001.438 ], [ 715153.569999999948777, 6180999.29 ], [ 715172.790000000037253, 6180993.700000000186265 ], [ 715191.060000000055879, 6180988.379999999888241 ], [ 715189.0, 6180980.650000000372529 ], [ 715187.26, 6180972.839999999850988 ], [ 715185.85999999998603, 6180964.96 ], [ 715185.162000000011176, 6180959.786000000312924 ], [ 715195.133000000030734, 6180958.79700000025332 ], [ 715196.290000000037253, 6180965.980000000447035 ], [ 715197.589999999967404, 6180972.610000000335276 ], [ 715199.069999999948777, 6180979.200000000186265 ], [ 715200.74, 6180985.740000000223517 ], [ 715233.939999999944121, 6180975.910000000149012 ], [ 715275.839999999967404, 6180963.730000000447035 ], [ 715274.85999999998603, 6180945.099999999627471 ], [ 715293.14000000001397, 6180944.21 ], [ 715294.03000000002794, 6180958.440000000409782 ], [ 715309.24, 6180954.019999999552965 ], [ 715326.400000000023283, 6180949.019999999552965 ], [ 715342.88, 6180944.230000000447035 ], [ 715367.069999999948777, 6180937.190000000409782 ], [ 715386.63, 6180931.490000000223517 ], [ 715409.819999999948777, 6180924.740000000223517 ], [ 715434.680000000051223, 6180917.46 ], [ 715426.800000000046566, 6180893.349999999627471 ], [ 715428.810000000055879, 6180893.019999999552965 ], [ 715423.410000000032596, 6180881.230000000447035 ], [ 715423.371000000042841, 6180878.771999999880791 ], [ 715440.910999999963678, 6180879.918999999761581 ], [ 715439.90300000004936, 6180875.083999999798834 ], [ 715441.138999999966472, 6180881.011 ], [ 715442.62, 6180886.882000000216067 ], [ 715442.672000000020489, 6180887.071000000461936 ], [ 715442.775999999954365, 6180887.447999999858439 ], [ 715442.881999999983236, 6180887.824 ], [ 715442.988999999943189, 6180888.201000000350177 ], [ 715443.096000000019558, 6180888.576999999582767 ], [ 715443.20499999995809, 6180888.95299999974668 ], [ 715443.314000000013039, 6180889.32799999974668 ], [ 715443.425000000046566, 6180889.70299999974668 ], [ 715443.537000000011176, 6180890.07799999974668 ], [ 715443.648999999975786, 6180890.45299999974668 ], [ 715443.76300000003539, 6180890.826999999582767 ], [ 715443.87699999997858, 6180891.201000000350177 ], [ 715443.993000000016764, 6180891.575000000186265 ], [ 715444.050999999977648, 6180891.762000000104308 ], [ 715444.167999999946915, 6180892.134999999776483 ], [ 715444.285999999963678, 6180892.50800000037998 ], [ 715444.405999999959022, 6180892.881 ], [ 715444.525999999954365, 6180893.252999999560416 ], [ 715444.647, 6180893.625 ], [ 715444.768999999971129, 6180893.997000000439584 ], [ 715444.892, 6180894.367999999783933 ], [ 715445.015999999945052, 6180894.739 ], [ 715445.140999999945052, 6180895.110000000335276 ], [ 715445.267, 6180895.480000000447035 ], [ 715445.393999999971129, 6180895.849999999627471 ], [ 715445.522, 6180896.21999999973923 ], [ 715450.398999999975786, 6180911.611999999731779 ], [ 715482.091999999945983, 6180902.915 ], [ 715488.22199999995064, 6180899.014999999664724 ], [ 715487.957999999984168, 6180890.087000000290573 ], [ 715475.316, 6180890.457000000402331 ], [ 715475.25, 6180886.356999999843538 ], [ 715474.851000000024214, 6180861.396999999880791 ], [ 715466.074000000022352, 6180861.804999999701977 ], [ 715460.077999999979511, 6180862.083999999798834 ], [ 715454.07999999995809, 6180862.362999999895692 ], [ 715448.082999999984168, 6180862.640999999828637 ], [ 715438.174, 6180863.100999999791384 ], [ 715438.197289340780117, 6180863.290115741081536 ], [ 715438.17000000004191, 6180863.099999999627471 ], [ 715438.13, 6180862.629999999888241 ], [ 715438.07999999995809, 6180862.160000000149012 ], [ 715438.040000000037253, 6180861.679999999701977 ], [ 715437.99, 6180861.21 ], [ 715437.949999999953434, 6180860.740000000223517 ], [ 715437.910000000032596, 6180860.259999999776483 ], [ 715437.87, 6180859.79 ], [ 715437.839999999967404, 6180859.320000000298023 ], [ 715437.800000000046566, 6180858.839999999850988 ], [ 715437.770000000018626, 6180858.370000000111759 ], [ 715437.74, 6180857.900000000372529 ], [ 715437.699999999953434, 6180857.42 ], [ 715437.689999999944121, 6180857.179999999701977 ], [ 715437.687000000034459, 6180857.127999999560416 ], [ 715437.660000000032596, 6180856.71 ], [ 715437.63, 6180856.240000000223517 ], [ 715437.60999999998603, 6180855.759999999776483 ], [ 715437.57999999995809, 6180855.29 ], [ 715437.560000000055879, 6180854.809999999590218 ], [ 715437.540000000037253, 6180854.339999999850988 ], [ 715437.520000000018626, 6180853.870000000111759 ], [ 715437.5, 6180853.389999999664724 ], [ 715437.49, 6180852.92 ], [ 715437.46999999997206, 6180852.440000000409782 ], [ 715437.459999999962747, 6180851.96999999973923 ], [ 715437.449999999953434, 6180851.490000000223517 ], [ 715437.439999999944121, 6180851.259999999776483 ], [ 715473.60999999998603, 6180850.660000000149012 ], [ 715472.270000000018626, 6180810.660000000149012 ], [ 715441.699999999953434, 6180811.120000000111759 ], [ 715435.050000000046566, 6180811.309999999590218 ], [ 715418.180000000051223, 6180813.820000000298023 ], [ 715408.520000000018626, 6180814.160000000149012 ], [ 715407.13, 6180814.32799999974668 ], [ 715401.479999999981374, 6180815.009999999776483 ], [ 715389.46999999997206, 6180816.190000000409782 ], [ 715382.810000000055879, 6180816.690000000409782 ], [ 715376.14000000001397, 6180817.08 ], [ 715369.479999999981374, 6180817.370000000111759 ], [ 715362.810000000055879, 6180817.549999999813735 ], [ 715361.199999999953434, 6180817.58 ], [ 715356.14000000001397, 6180817.660000000149012 ], [ 715344.25, 6180817.860000000335276 ], [ 715340.310000000055879, 6180817.929999999701977 ], [ 715338.871999999973923, 6180817.955 ], [ 715267.327000000048429, 6180819.191999999806285 ], [ 715266.839999999967404, 6180819.200000000186265 ], [ 715259.974000000045635, 6180819.32799999974668 ], [ 715259.569000000017695, 6180819.335 ], [ 715242.62, 6180819.650000000372529 ], [ 715223.182999999960884, 6180820.002999999560416 ], [ 715218.96999999997206, 6180820.08 ], [ 715195.48499999998603, 6180820.532999999821186 ], [ 715194.10999999998603, 6180820.559999999590218 ], [ 715190.07999999995809, 6180820.629999999888241 ], [ 715172.01, 6180820.940000000409782 ], [ 715147.42000000004191, 6180821.429999999701977 ], [ 715142.92000000004191, 6180821.490000000223517 ], [ 715143.101000000024214, 6180833.190000000409782 ], [ 715143.78000000002794, 6180877.179999999701977 ], [ 715143.849999999976717, 6180880.041000000201166 ], [ 715140.88800000003539, 6180880.097 ], [ 715140.689999999944121, 6180867.910000000149012 ], [ 715140.128999999957159, 6180833.230999999679625 ], [ 715139.939999999944121, 6180821.549999999813735 ], [ 715125.552000000025146, 6180821.801 ], [ 715118.150000000023283, 6180821.929999999701977 ], [ 715119.050000000046566, 6180868.809999999590218 ], [ 715102.520000000018626, 6180869.5 ], [ 715097.60999999998603, 6180869.71 ], [ 715084.53000000002794, 6180870.25 ], [ 715075.949999999953434, 6180870.610000000335276 ], [ 715066.550000000046566, 6180871.0 ], [ 715055.37, 6180871.46999999973923 ], [ 715048.85999999998603, 6180871.740000000223517 ], [ 715034.24, 6180872.349999999627471 ], [ 715031.17000000004191, 6180872.480000000447035 ], [ 715013.49, 6180873.21999999973923 ], [ 714995.800000000046566, 6180873.96 ], [ 714991.89000000001397, 6180874.129999999888241 ], [ 714978.12, 6180874.700000000186265 ], [ 714971.229999999981374, 6180874.990000000223517 ], [ 714968.692999999970198, 6180875.111999999731779 ] ] ] ] } },
{ "type": "Feature", "properties": { "fid": 23, "Red_area_P": 5.246, "Bef_area_P": 6.557, "Area_PULS": 8.641, "PULS_Navn": 4304000, "Høj_Bolig_[Ha]": 0.0, "Ikke_bef_[Ha]": 0.00071505591888754811, "Industri_[Ha]": 3.3115681786806714, "Kunstgræs_[Ha]": 0.0, "Lav_bolig_[Ha]": 0.0, "Losseplads_[Ha]": 1.2070052586728356e-07, "Parkering_[Ha]": 0.0, "ÅDT<15000_[Ha]": 1.9316452934104411, "ÅDT>15000_[Ha]": 0.0 }, "geometry": { "type": "MultiPolygon", "coordinates": [ [ [ [ 715070.790000000037253, 6180137.480000000447035 ], [ 715068.14000000001397, 6180141.46999999973923 ], [ 714998.319999999948777, 6180221.099999999627471 ], [ 714928.660000000032596, 6180298.480000000447035 ], [ 714902.439999999944121, 6180298.870000000111759 ], [ 714900.67000000004191, 6180302.610000000335276 ], [ 714898.24, 6180305.799999999813735 ], [ 714894.26, 6180311.0 ], [ 714876.150000000023283, 6180326.639999999664724 ], [ 714818.939999999944121, 6180372.71 ], [ 714812.939999999944121, 6180373.639999999664724 ], [ 714818.53000000002794, 6180377.559999999590218 ], [ 714824.32999999995809, 6180381.179999999701977 ], [ 714830.310000000055879, 6180384.480000000447035 ], [ 714836.459999999962747, 6180387.46 ], [ 714842.76, 6180390.110000000335276 ], [ 714849.189999999944121, 6180392.410000000149012 ], [ 714855.729999999981374, 6180394.370000000111759 ], [ 714863.949999999953434, 6180396.5 ], [ 714876.810000000055879, 6180398.410000000149012 ], [ 714908.839999999967404, 6180399.860000000335276 ], [ 714939.310000000055879, 6180400.650000000372529 ], [ 714966.75, 6180401.370000000111759 ], [ 715004.849999999976717, 6180403.110000000335276 ], [ 715007.099999999976717, 6180403.21 ], [ 715050.569999999948777, 6180404.120000000111759 ], [ 715072.959999999962747, 6180403.429999999701977 ], [ 715088.319999999948777, 6180402.96 ], [ 715102.650000000023283, 6180403.009999999776483 ], [ 715106.07999999995809, 6180403.019999999552965 ], [ 715114.839999999967404, 6180402.92 ], [ 715115.10999999998603, 6180383.54 ], [ 715116.14000000001397, 6180307.639999999664724 ], [ 715133.770999999949709, 6180307.371000000275671 ], [ 715161.540000000037253, 6180306.946000000461936 ], [ 715162.468, 6180295.003999999724329 ], [ 715190.310000000055879, 6180294.589999999850988 ], [ 715201.900000000023283, 6180218.490000000223517 ], [ 715251.87, 6180217.849999999627471 ], [ 715263.78000000002794, 6180217.700000000186265 ], [ 715324.51, 6180213.339999999850988 ], [ 715327.506000000052154, 6180190.983 ], [ 715332.128999999957159, 6180156.481999999843538 ], [ 715334.650000000023283, 6180137.67 ], [ 715330.17000000004191, 6180132.599999999627471 ], [ 715314.223, 6180132.901999999769032 ], [ 715314.00199999997858, 6180120.898 ], [ 715332.01, 6180120.549999999813735 ], [ 715337.660000000032596, 6180115.5 ], [ 715338.116000000038184, 6180112.11600000038743 ], [ 715343.287999999942258, 6180073.696999999694526 ], [ 715347.53000000002794, 6180042.190000000409782 ], [ 715284.14000000001397, 6180042.25 ], [ 715227.71999999997206, 6180042.299999999813735 ], [ 715173.75, 6180042.349999999627471 ], [ 715170.38, 6180040.900000000372529 ], [ 715172.569999999948777, 6180123.570000000298023 ], [ 715160.280999999959022, 6180123.799999999813735 ], [ 715117.015999999945052, 6180124.608 ], [ 715109.96999999997206, 6180124.740000000223517 ], [ 715100.589000000036322, 6180117.338999999687076 ], [ 715090.17000000004191, 6180109.120000000111759 ], [ 715076.13, 6180128.46 ], [ 715073.979999999981374, 6180131.42 ], [ 715070.790000000037253, 6180137.480000000447035 ] ] ] ] } },
{ "type": "Feature", "properties": { "fid": 24, "Red_area_P": 15.25, "Bef_area_P": 19.062, "Area_PULS": 26.917, "PULS_Navn": 4301000, "Høj_Bolig_[Ha]": 0.0, "Ikke_bef_[Ha]": 1.3350857671454249e-05, "Industri_[Ha]": 10.029840081926178, "Kunstgræs_[Ha]": 0.0, "Lav_bolig_[Ha]": 1.0882738571062529, "Losseplads_[Ha]": 0.0, "Parkering_[Ha]": 0.0, "ÅDT<15000_[Ha]": 3.9199235401331949, "ÅDT>15000_[Ha]": 0.20549043710292283 }, "geometry": { "type": "MultiPolygon", "coordinates": [ [ [ [ 715184.523000000044703, 6179299.955 ], [ 715135.959999999962747, 6179325.386 ], [ 715144.913999999989755, 6179358.144000000320375 ], [ 715158.381000000052154, 6179416.536999999545515 ], [ 715168.297000000020489, 6179482.251000000163913 ], [ 715168.459016068954952, 6179482.241139352321625 ], [ 715168.520000000018626, 6179482.769999999552965 ], [ 715169.17000000004191, 6179492.519999999552965 ], [ 715170.01, 6179520.237999999895692 ], [ 715171.85999999998603, 6179534.370000000111759 ], [ 715172.949999999953434, 6179540.92 ], [ 715173.557999999960884, 6179543.88300000037998 ], [ 715173.75, 6179544.820000000298023 ], [ 715174.523999999975786, 6179547.559999999590218 ], [ 715191.900000000023283, 6179563.400000000372529 ], [ 715206.42000000004191, 6179591.21999999973923 ], [ 715210.699999999953434, 6179601.42 ], [ 715211.520000000018626, 6179610.509999999776483 ], [ 715214.560000000055879, 6179633.820000000298023 ], [ 715215.180000000051223, 6179641.940000000409782 ], [ 715215.71999999997206, 6179667.629999999888241 ], [ 715215.62, 6179674.261 ], [ 715214.834000000031665, 6179681.139999999664724 ], [ 715206.903999999980442, 6179736.115000000223517 ], [ 715390.743000000016764, 6179719.898 ], [ 715391.767, 6179712.257000000216067 ], [ 715393.174, 6179701.78899999987334 ], [ 715405.621999999973923, 6179703.512000000104308 ], [ 715403.88, 6179716.46999999973923 ], [ 715531.229999999981374, 6179716.660000000149012 ], [ 715533.033999999985099, 6179733.054999999701977 ], [ 715533.037000000011176, 6179733.09499999973923 ], [ 715533.35999999998603, 6179736.03000000026077 ], [ 715571.162999999942258, 6179733.372999999672174 ], [ 715571.202999999979511, 6179733.370000000111759 ], [ 715598.184, 6179731.473000000230968 ], [ 715598.224000000045635, 6179731.46999999973923 ], [ 715628.819999999948777, 6179729.320000000298023 ], [ 715626.599999999976717, 6179689.980000000447035 ], [ 715706.939999999944121, 6179646.679999999701977 ], [ 715723.476000000024214, 6179676.747999999672174 ], [ 715741.177000000025146, 6179708.933000000193715 ], [ 715759.79500000004191, 6179742.786999999545515 ], [ 715760.665000000037253, 6179744.36600000038743 ], [ 715760.684, 6179744.400999999605119 ], [ 715778.92000000004191, 6179777.560999999754131 ], [ 715796.628999999957159, 6179809.761 ], [ 715808.810000000055879, 6179831.910000000149012 ], [ 715811.229999999981374, 6179839.379999999888241 ], [ 715809.26, 6179842.333999999798834 ], [ 715832.746999999973923, 6179841.333999999798834 ], [ 715824.199999999953434, 6179827.92 ], [ 715817.17000000004191, 6179815.120000000111759 ], [ 715812.35999999998603, 6179806.339999999850988 ], [ 715809.228, 6179802.769999999552965 ], [ 715801.569000000017695, 6179794.042000000365078 ], [ 715861.118000000016764, 6179799.787999999709427 ], [ 715861.128000000026077, 6179799.762000000104308 ], [ 715861.136000000056811, 6179799.752999999560416 ], [ 715861.142, 6179799.75 ], [ 715861.148999999975786, 6179799.751000000163913 ], [ 715861.152, 6179799.752000000327826 ], [ 715861.15500000002794, 6179799.752999999560416 ], [ 715861.158000000054017, 6179799.754999999888241 ], [ 715861.160999999963678, 6179799.757000000216067 ], [ 715861.162999999942258, 6179799.759999999776483 ], [ 715861.163999999989755, 6179799.763000000268221 ], [ 715861.165999999968335, 6179799.765999999828637 ], [ 715861.165999999968335, 6179799.769000000320375 ], [ 715861.165999999968335, 6179799.773 ], [ 715861.165999999968335, 6179799.775999999605119 ], [ 715861.163999999989755, 6179799.779 ], [ 715861.162999999942258, 6179799.781999999657273 ], [ 715861.160999999963678, 6179799.785000000149012 ], [ 715903.785000000032596, 6179776.50800000037998 ], [ 715903.768000000040047, 6179776.472 ], [ 715902.160000000032596, 6179772.79 ], [ 715893.550000000046566, 6179754.759999999776483 ], [ 715884.430000000051223, 6179736.929999999701977 ], [ 715879.635, 6179727.70299999974668 ], [ 715879.616000000038184, 6179727.667999999597669 ], [ 715875.199999999953434, 6179719.17 ], [ 715873.589999999967404, 6179716.173999999649823 ], [ 715865.71999999997206, 6179701.53000000026077 ], [ 715861.099999999976717, 6179693.150000000372529 ], [ 715857.75199999997858, 6179687.122999999672174 ], [ 715848.069999999948777, 6179669.690000000409782 ], [ 715862.684, 6179660.882000000216067 ], [ 715868.680000000051223, 6179671.656000000424683 ], [ 715880.978, 6179662.855999999679625 ], [ 715884.449999999953434, 6179669.150000000372529 ], [ 715889.270000000018626, 6179677.860000000335276 ], [ 715889.42000000004191, 6179678.129999999888241 ], [ 715894.39000000001397, 6179687.120000000111759 ], [ 715895.209999999962747, 6179688.605000000447035 ], [ 715899.459999999962747, 6179696.299999999813735 ], [ 715903.35999999998603, 6179703.349999999627471 ], [ 715904.540000000037253, 6179705.480000000447035 ], [ 715909.459999999962747, 6179714.46999999973923 ], [ 715914.290000000037253, 6179723.46999999973923 ], [ 715915.400000000023283, 6179725.564000000245869 ], [ 715919.160000000032596, 6179732.660000000149012 ], [ 715922.99, 6179740.009999999776483 ], [ 715926.680000000051223, 6179747.190000000409782 ], [ 715930.32999999995809, 6179754.360000000335276 ], [ 715933.92000000004191, 6179761.54 ], [ 715936.71999999997206, 6179767.17 ], [ 715939.5, 6179772.809999999590218 ], [ 715943.300000000046566, 6179780.299999999813735 ], [ 715946.680000000051223, 6179787.75 ], [ 715950.39000000001397, 6179795.21999999973923 ], [ 716013.050000000046566, 6179794.820000000298023 ], [ 716013.410000000032596, 6179796.940000000409782 ], [ 716013.540000000037253, 6179799.089999999850988 ], [ 716013.560000000055879, 6179802.480000000447035 ], [ 716002.020000000018626, 6179802.549999999813735 ], [ 716002.17000000004191, 6179826.690000000409782 ], [ 716013.71999999997206, 6179826.629999999888241 ], [ 716013.728, 6179827.99199999962002 ], [ 716023.226999999955297, 6179827.877999999560416 ], [ 716023.081, 6179805.144000000320375 ], [ 716023.040000000037253, 6179798.799999999813735 ], [ 716023.02800000004936, 6179796.643000000156462 ], [ 716022.99, 6179789.679999999701977 ], [ 716022.65300000004936, 6179740.678999999538064 ], [ 716022.520000000018626, 6179721.400000000372529 ], [ 716022.37300000002142, 6179698.921 ], [ 716022.209999999962747, 6179673.92 ], [ 716022.011000000056811, 6179643.696000000461936 ], [ 716021.949999999953434, 6179634.429999999701977 ], [ 716021.85999999998603, 6179620.440000000409782 ], [ 716021.643000000040047, 6179587.907999999821186 ], [ 716021.550000000046566, 6179573.950000000186265 ], [ 716011.949999999953434, 6179570.889999999664724 ], [ 716005.569999999948777, 6179568.870000000111759 ], [ 715999.199999999953434, 6179566.839999999850988 ], [ 715992.819999999948777, 6179564.820000000298023 ], [ 715986.459999999962747, 6179562.79 ], [ 715979.839999999967404, 6179560.690000000409782 ], [ 715973.24, 6179558.589999999850988 ], [ 715966.87, 6179556.559999999590218 ], [ 715960.49, 6179554.54 ], [ 715954.12, 6179552.509999999776483 ], [ 715947.76, 6179550.480000000447035 ], [ 715944.13, 6179549.33 ], [ 715941.14000000001397, 6179548.299999999813735 ], [ 715934.53000000002794, 6179546.019999999552965 ], [ 715928.160000000032596, 6179543.83 ], [ 715921.790000000037253, 6179541.639999999664724 ], [ 715915.42000000004191, 6179539.440000000409782 ], [ 715905.400000000023283, 6179535.980000000447035 ], [ 715877.37, 6179526.309999999590218 ], [ 715788.64000000001397, 6179495.740000000223517 ], [ 715788.591999999945983, 6179495.723000000230968 ], [ 715766.424, 6179487.893000000156462 ], [ 715743.202000000048429, 6179479.690999999642372 ], [ 715742.868000000016764, 6179479.572999999858439 ], [ 715739.532, 6179478.40500000026077 ], [ 715737.336000000010245, 6179477.570000000298023 ], [ 715696.645999999949709, 6179462.105999999679625 ], [ 715696.523000000044703, 6179462.060999999754131 ], [ 715694.837000000057742, 6179464.911999999545515 ], [ 715696.520000000018626, 6179462.059999999590218 ], [ 715665.979999999981374, 6179451.190000000409782 ], [ 715619.60999999998603, 6179435.96999999973923 ], [ 715533.150000000023283, 6179406.429999999701977 ], [ 715518.589999999967404, 6179398.129999999888241 ], [ 715507.270000000018626, 6179387.96999999973923 ], [ 715496.599999999976717, 6179379.769999999552965 ], [ 715505.729581648483872, 6179462.496209176257253 ], [ 715505.728, 6179462.497000000439584 ], [ 715437.628000000026077, 6179465.860999999567866 ], [ 715437.425999999977648, 6179465.871000000275671 ], [ 715438.392, 6179460.176 ], [ 715439.743000000016764, 6179454.559000000357628 ], [ 715441.47199999995064, 6179449.048000000417233 ], [ 715458.974000000045635, 6179401.00800000037998 ], [ 715475.788999999989755, 6179354.855999999679625 ], [ 715477.888999999966472, 6179349.091 ], [ 715466.099000000045635, 6179344.808000000193715 ], [ 715443.368999999947846, 6179328.501000000163913 ], [ 715414.890999999945052, 6179291.894999999552965 ], [ 715390.378999999957159, 6179304.437 ], [ 715328.265999999945052, 6179224.68099999986589 ], [ 715184.523000000044703, 6179299.955 ] ] ] ] } },
{ "type": "Feature", "properties": { "fid": 25, "Red_area_P": 14.905, "Bef_area_P": 18.632, "Area_PULS": 23.175, "PULS_Navn": 4302000, "Høj_Bolig_[Ha]": 2.8188874420091565, "Ikke_bef_[Ha]": 0.015748950685258136, "Industri_[Ha]": 5.5888774762954343, "Kunstgræs_[Ha]": 0.0, "Lav_bolig_[Ha]": 0.0, "Losseplads_[Ha]": 0.33906402998196644, "Parkering_[Ha]": 2.184851915057505, "ÅDT<15000_[Ha]": 3.5463466091689737, "ÅDT>15000_[Ha]": 0.40554805433574115 }, "geometry": { "type": "MultiPolygon", "coordinates": [ [ [ [ 715390.74, 6179719.900000000372529 ], [ 715206.900000000023283, 6179736.120000000111759 ], [ 715202.410000000032596, 6179766.620000000111759 ], [ 715198.454000000027008, 6179792.343999999575317 ], [ 715198.447999999974854, 6179792.38399999961257 ], [ 715195.12, 6179814.019999999552965 ], [ 715193.439999999944121, 6179827.29 ], [ 715192.550000000046566, 6179834.820000000298023 ], [ 715192.13, 6179841.019999999552965 ], [ 715192.82999999995809, 6179846.349999999627471 ], [ 715194.020000000018626, 6179852.629999999888241 ], [ 715193.917000000015832, 6179852.605000000447035 ], [ 715194.07999999995809, 6179853.490000000223517 ], [ 715194.49, 6179855.549999999813735 ], [ 715195.39000000001397, 6179860.160000000149012 ], [ 715196.300000000046566, 6179865.450000000186265 ], [ 715196.866999999969266, 6179868.440999999642372 ], [ 715197.189999999944121, 6179868.5 ], [ 715197.699999999953434, 6179873.009999999776483 ], [ 715198.800000000046566, 6179881.660000000149012 ], [ 715198.85999999998603, 6179888.990000000223517 ], [ 715197.89000000001397, 6179898.620000000111759 ], [ 715195.699999999953434, 6179906.410000000149012 ], [ 715183.800000000046566, 6179936.059999999590218 ], [ 715177.949999999953434, 6179947.099999999627471 ], [ 715173.270000000018626, 6179954.900000000372529 ], [ 715168.74, 6179961.71999999973923 ], [ 715160.900000000023283, 6179972.46 ], [ 715151.709999999962747, 6179985.889999999664724 ], [ 715239.560000000055879, 6179985.799999999813735 ], [ 715239.555999999982305, 6179959.656000000424683 ], [ 715239.555999999982305, 6179959.61600000038743 ], [ 715239.555999999982305, 6179939.548000000417233 ], [ 715360.804, 6179942.751000000163913 ], [ 715360.809, 6179942.71100000012666 ], [ 715361.518999999971129, 6179937.400999999605119 ], [ 715374.885, 6179939.342000000178814 ], [ 715377.819999999948777, 6179932.849999999627471 ], [ 715379.14000000001397, 6179923.009999999776483 ], [ 715466.25, 6179921.730000000447035 ], [ 715477.069999999948777, 6179921.679999999701977 ], [ 715526.636000000056811, 6179921.377999999560416 ], [ 715526.675999999977648, 6179921.377999999560416 ], [ 715554.26, 6179921.21 ], [ 715554.184, 6179920.484000000171363 ], [ 715566.060999999986961, 6179919.398 ], [ 715562.147, 6179881.83600000012666 ], [ 715561.57999999995809, 6179876.389999999664724 ], [ 715568.199999999953434, 6179868.889999999664724 ], [ 715576.01300000003539, 6179868.808000000193715 ], [ 715610.339000000036322, 6179868.445000000298023 ], [ 715633.51, 6179868.200000000186265 ], [ 715643.652, 6179868.096 ], [ 715677.035999999963678, 6179867.752999999560416 ], [ 715692.92000000004191, 6179867.589999999850988 ], [ 715712.336000000010245, 6179867.382000000216067 ], [ 715748.734000000054948, 6179866.992999999783933 ], [ 715776.07999999995809, 6179866.700000000186265 ], [ 715752.128999999957159, 6179874.199 ], [ 715752.091000000014901, 6179874.21100000012666 ], [ 715697.67000000004191, 6179891.25 ], [ 715699.07999999995809, 6179899.099999999627471 ], [ 715709.57999999995809, 6179964.480000000447035 ], [ 715716.13, 6180006.33 ], [ 715726.849999999976717, 6180073.570000000298023 ], [ 715732.01, 6180105.96999999973923 ], [ 715732.39000000001397, 6180108.349999999627471 ], [ 715733.64000000001397, 6180115.33 ], [ 715735.180000000051223, 6180122.25 ], [ 715736.979999999981374, 6180129.099999999627471 ], [ 715739.050000000046566, 6180135.879999999888241 ], [ 715741.38, 6180142.58 ], [ 715743.949999999953434, 6180150.200000000186265 ], [ 715746.88, 6180157.700000000186265 ], [ 715750.160000000032596, 6180165.049999999813735 ], [ 715753.78000000002794, 6180172.230000000447035 ], [ 715757.75, 6180179.230000000447035 ], [ 715762.040000000037253, 6180186.04 ], [ 715766.650000000023283, 6180192.639999999664724 ], [ 715771.569999999948777, 6180199.0 ], [ 715776.78000000002794, 6180205.129999999888241 ], [ 715782.28000000002794, 6180211.0 ], [ 715815.24, 6180238.53000000026077 ], [ 715825.67000000004191, 6180237.379999999888241 ], [ 715829.327000000048429, 6180236.873999999836087 ], [ 715885.378000000026077, 6180229.123999999836087 ], [ 715895.03000000002794, 6180227.79 ], [ 715904.099999999976717, 6180219.099999999627471 ], [ 715905.155999999959022, 6180211.276999999769032 ], [ 715916.731000000028871, 6180213.001000000163913 ], [ 715916.050999999977648, 6180217.861999999731779 ], [ 715920.152, 6180217.438 ], [ 715922.03000000002794, 6180203.980000000447035 ], [ 715922.069999999948777, 6180203.559999999590218 ], [ 715948.800000000046566, 6180199.71999999973923 ], [ 715950.890999999945052, 6180214.253999999724329 ], [ 715955.865, 6180213.739 ], [ 715953.75, 6180199.009999999776483 ], [ 715987.410000000032596, 6180194.179999999701977 ], [ 715989.719000000040978, 6180210.233 ], [ 715994.697999999974854, 6180209.717000000178814 ], [ 715992.35999999998603, 6180193.46 ], [ 716011.17000000004191, 6180190.759999999776483 ], [ 716013.615, 6180207.75800000037998 ], [ 716042.180000000051223, 6180204.799999999813735 ], [ 716042.25, 6180205.21999999973923 ], [ 716045.88, 6180230.25 ], [ 716047.900000000023283, 6180245.240000000223517 ], [ 716048.841999999945983, 6180250.313 ], [ 716050.21999999997206, 6180257.730000000447035 ], [ 716050.060999999986961, 6180257.807 ], [ 716052.883000000030734, 6180276.462000000290573 ], [ 716068.702000000048429, 6180269.286999999545515 ], [ 716068.868000000016764, 6180269.212000000290573 ], [ 716067.37699999997858, 6180249.479000000283122 ], [ 716067.775000000023283, 6180249.287999999709427 ], [ 716052.98699999996461, 6180154.387000000104308 ], [ 716041.158000000054017, 6180112.053999999538064 ], [ 716018.650999999954365, 6180031.5 ], [ 716012.449999999953434, 6180009.30599999986589 ], [ 716007.427000000025146, 6179993.498999999836087 ], [ 715993.273000000044703, 6179948.957000000402331 ], [ 715976.180000000051223, 6179895.162999999709427 ], [ 715975.576, 6179893.852 ], [ 715966.822000000043772, 6179874.847 ], [ 715955.952999999979511, 6179851.248999999836087 ], [ 715946.756999999983236, 6179831.285000000149012 ], [ 715943.841000000014901, 6179824.95299999974668 ], [ 715934.559, 6179804.803000000305474 ], [ 715929.753999999957159, 6179794.371000000275671 ], [ 715918.496999999973923, 6179769.93099999986589 ], [ 715901.927000000025146, 6179733.955 ], [ 715895.104999999981374, 6179719.145999999716878 ], [ 715888.915000000037253, 6179708.021999999880791 ], [ 715881.432000000029802, 6179694.572999999858439 ], [ 715871.974999999976717, 6179677.576999999582767 ], [ 715868.680000000051223, 6179671.656000000424683 ], [ 715862.684, 6179660.882000000216067 ], [ 715848.069999999948777, 6179669.690000000409782 ], [ 715857.75199999997858, 6179687.122999999672174 ], [ 715861.099999999976717, 6179693.150000000372529 ], [ 715865.71999999997206, 6179701.53000000026077 ], [ 715873.589999999967404, 6179716.173999999649823 ], [ 715875.199999999953434, 6179719.17 ], [ 715879.616999999969266, 6179727.667000000365078 ], [ 715879.635, 6179727.70299999974668 ], [ 715884.430000000051223, 6179736.929999999701977 ], [ 715893.550000000046566, 6179754.759999999776483 ], [ 715902.160000000032596, 6179772.79 ], [ 715903.768999999971129, 6179776.471 ], [ 715903.785999999963678, 6179776.50800000037998 ], [ 715904.23499999998603, 6179777.537999999709427 ], [ 715903.785000000032596, 6179776.50800000037998 ], [ 715861.160999999963678, 6179799.785000000149012 ], [ 715861.162999999942258, 6179799.781999999657273 ], [ 715861.163999999989755, 6179799.779 ], [ 715861.165999999968335, 6179799.775999999605119 ], [ 715861.165999999968335, 6179799.773 ], [ 715861.165999999968335, 6179799.769000000320375 ], [ 715861.165999999968335, 6179799.765999999828637 ], [ 715861.163999999989755, 6179799.763000000268221 ], [ 715861.162999999942258, 6179799.759999999776483 ], [ 715861.160999999963678, 6179799.757000000216067 ], [ 715861.158000000054017, 6179799.754999999888241 ], [ 715861.15500000002794, 6179799.752999999560416 ], [ 715861.152, 6179799.752000000327826 ], [ 715861.148999999975786, 6179799.751000000163913 ], [ 715861.142, 6179799.75 ], [ 715861.136000000056811, 6179799.752999999560416 ], [ 715861.128000000026077, 6179799.762000000104308 ], [ 715861.118000000016764, 6179799.787999999709427 ], [ 715801.569000000017695, 6179794.042000000365078 ], [ 715809.228, 6179802.769999999552965 ], [ 715812.35999999998603, 6179806.339999999850988 ], [ 715817.17000000004191, 6179815.120000000111759 ], [ 715824.199999999953434, 6179827.92 ], [ 715832.746409595478326, 6179841.334025137126446 ], [ 715809.26, 6179842.333999999798834 ], [ 715811.229999999981374, 6179839.379999999888241 ], [ 715808.810000000055879, 6179831.910000000149012 ], [ 715796.628999999957159, 6179809.761 ], [ 715778.92000000004191, 6179777.560999999754131 ], [ 715760.682999999960884, 6179744.400999999605119 ], [ 715760.663999999989755, 6179744.36600000038743 ], [ 715759.79500000004191, 6179742.786999999545515 ], [ 715741.177000000025146, 6179708.933000000193715 ], [ 715723.476000000024214, 6179676.747999999672174 ], [ 715706.939999999944121, 6179646.679999999701977 ], [ 715626.599999999976717, 6179689.980000000447035 ], [ 715628.819999999948777, 6179729.320000000298023 ], [ 715598.224000000045635, 6179731.46999999973923 ], [ 715598.184, 6179731.473000000230968 ], [ 715571.202999999979511, 6179733.370000000111759 ], [ 715571.162999999942258, 6179733.372999999672174 ], [ 715533.35999999998603, 6179736.03000000026077 ], [ 715533.037000000011176, 6179733.09499999973923 ], [ 715533.033000000054017, 6179733.054999999701977 ], [ 715531.229999999981374, 6179716.660000000149012 ], [ 715403.88, 6179716.46999999973923 ], [ 715405.621999999973923, 6179703.512000000104308 ], [ 715393.174, 6179701.78899999987334 ], [ 715391.770000000018626, 6179712.259999999776483 ], [ 715391.199000000022352, 6179716.497000000439584 ], [ 715390.743000000016764, 6179719.898 ], [ 715390.74, 6179719.898 ], [ 715390.74, 6179719.900000000372529 ] ] ] ] } },
{ "type": "Feature", "properties": { "fid": 26, "Red_area_P": 1.019, "Bef_area_P": 1.273, "Area_PULS": 1.652, "PULS_Navn": 7010000, "Høj_Bolig_[Ha]": 0.0, "Ikke_bef_[Ha]": 0.026728259047160342, "Industri_[Ha]": 0.29506404119072477, "Kunstgræs_[Ha]": 0.0, "Lav_bolig_[Ha]": 0.26187050843486515, "Losseplads_[Ha]": 0.0, "Parkering_[Ha]": 0.0, "ÅDT<15000_[Ha]": 0.075119048118785739, "ÅDT>15000_[Ha]": 0.35957771844755282 }, "geometry": { "type": "MultiPolygon", "coordinates": [ [ [ [ 715884.449999999953434, 6179669.150000000372529 ], [ 715880.978, 6179662.855999999679625 ], [ 715868.680000000051223, 6179671.656000000424683 ], [ 715871.974999999976717, 6179677.576999999582767 ], [ 715881.432000000029802, 6179694.572999999858439 ], [ 715888.915000000037253, 6179708.021999999880791 ], [ 715895.104999999981374, 6179719.145999999716878 ], [ 715901.927000000025146, 6179733.955 ], [ 715918.496999999973923, 6179769.93099999986589 ], [ 715929.753999999957159, 6179794.371000000275671 ], [ 715934.559, 6179804.803000000305474 ], [ 715943.841000000014901, 6179824.95299999974668 ], [ 715946.756999999983236, 6179831.285000000149012 ], [ 715955.952999999979511, 6179851.248999999836087 ], [ 715966.822000000043772, 6179874.847 ], [ 715975.576, 6179893.852 ], [ 715976.180000000051223, 6179895.162999999709427 ], [ 715993.273000000044703, 6179948.957000000402331 ], [ 716007.427000000025146, 6179993.498999999836087 ], [ 716012.449999999953434, 6180009.30599999986589 ], [ 716018.650999999954365, 6180031.5 ], [ 716041.158000000054017, 6180112.053999999538064 ], [ 716052.98699999996461, 6180154.387000000104308 ], [ 716067.775000000023283, 6180249.287999999709427 ], [ 716067.37699999997858, 6180249.479000000283122 ], [ 716068.868000000016764, 6180269.212000000290573 ], [ 716083.11199999996461, 6180262.752000000327826 ], [ 716092.618999999947846, 6180258.440000000409782 ], [ 716092.618000000016764, 6180258.439000000245869 ], [ 716088.351999999955297, 6180236.989 ], [ 716088.349999999976717, 6180236.990000000223517 ], [ 716088.339999999967404, 6180227.360000000335276 ], [ 716085.21999999997206, 6180207.139999999664724 ], [ 716084.569999999948777, 6180203.67 ], [ 716081.449999999953434, 6180187.099999999627471 ], [ 716081.277, 6180186.278 ], [ 716077.300000000046566, 6180167.349999999627471 ], [ 716072.599999999976717, 6180147.46 ], [ 716072.001000000047497, 6180145.035000000149012 ], [ 716069.930000000051223, 6180136.650000000372529 ], [ 716063.0, 6180138.379999999888241 ], [ 716061.199999999953434, 6180129.570000000298023 ], [ 716052.38, 6180090.03000000026077 ], [ 716042.53000000002794, 6180050.950000000186265 ], [ 716037.439999999944121, 6180031.25 ], [ 716035.718, 6180025.076000000350177 ], [ 716032.479999999981374, 6180013.46999999973923 ], [ 716026.03000000002794, 6179991.96999999973923 ], [ 716020.67000000004191, 6179974.389999999664724 ], [ 716016.85999999998603, 6179962.96 ], [ 716023.49, 6179960.980000000447035 ], [ 716023.410000000032596, 6179955.179999999701977 ], [ 716023.819999999948777, 6179936.990000000223517 ], [ 716024.01, 6179917.92 ], [ 716023.839999999967404, 6179900.21999999973923 ], [ 716031.03000000002794, 6179900.139999999664724 ], [ 716030.849999999976717, 6179882.440000000409782 ], [ 716030.650000000023283, 6179864.150000000372529 ], [ 716035.501000000047497, 6179864.114 ], [ 716035.334000000031665, 6179851.61600000038743 ], [ 716023.38, 6179851.71 ], [ 716023.226999999955297, 6179827.877999999560416 ], [ 716013.728, 6179827.99199999962002 ], [ 716013.85999999998603, 6179849.67 ], [ 716011.76, 6179851.799999999813735 ], [ 716000.62, 6179851.882000000216067 ], [ 715995.38, 6179851.92 ], [ 715988.300000000046566, 6179850.75 ], [ 715968.12, 6179835.120000000111759 ], [ 715962.047999999951571, 6179821.291000000201166 ], [ 715961.020000000018626, 6179818.950000000186265 ], [ 715953.729999999981374, 6179802.860000000335276 ], [ 715958.62, 6179802.83 ], [ 715976.599999999976717, 6179826.870000000111759 ], [ 715985.560000000055879, 6179826.809999999590218 ], [ 715993.87, 6179826.75 ], [ 716002.17000000004191, 6179826.690000000409782 ], [ 716002.020000000018626, 6179802.549999999813735 ], [ 716013.560000000055879, 6179802.480000000447035 ], [ 716013.540000000037253, 6179799.089999999850988 ], [ 716013.410000000032596, 6179796.940000000409782 ], [ 716013.050000000046566, 6179794.820000000298023 ], [ 715950.39000000001397, 6179795.21999999973923 ], [ 715946.680000000051223, 6179787.75 ], [ 715943.300000000046566, 6179780.299999999813735 ], [ 715939.5, 6179772.809999999590218 ], [ 715936.71999999997206, 6179767.17 ], [ 715933.92000000004191, 6179761.54 ], [ 715930.32999999995809, 6179754.360000000335276 ], [ 715926.680000000051223, 6179747.190000000409782 ], [ 715922.99, 6179740.009999999776483 ], [ 715919.160000000032596, 6179732.660000000149012 ], [ 715915.400000000023283, 6179725.564000000245869 ], [ 715914.290000000037253, 6179723.46999999973923 ], [ 715909.459999999962747, 6179714.46999999973923 ], [ 715904.540000000037253, 6179705.480000000447035 ], [ 715903.35999999998603, 6179703.349999999627471 ], [ 715899.459999999962747, 6179696.299999999813735 ], [ 715895.209999999962747, 6179688.605000000447035 ], [ 715894.39000000001397, 6179687.120000000111759 ], [ 715889.42000000004191, 6179678.129999999888241 ], [ 715889.270000000018626, 6179677.860000000335276 ], [ 715884.449999999953434, 6179669.150000000372529 ] ] ] ] } },
{ "type": "Feature", "properties": { "fid": 27, "Red_area_P": 2.111, "Bef_area_P": 2.639, "Area_PULS": 6.462, "PULS_Navn": 1104000, "Høj_Bolig_[Ha]": 0.0, "Ikke_bef_[Ha]": 0.020644350033729022, "Industri_[Ha]": 0.0, "Kunstgræs_[Ha]": 0.0, "Lav_bolig_[Ha]": 1.6788798119545232, "Losseplads_[Ha]": 0.0, "Parkering_[Ha]": 0.010843501357277284, "ÅDT<15000_[Ha]": 0.396641605508679, "ÅDT>15000_[Ha]": 0.0029168762828051262 }, "geometry": { "type": "MultiPolygon", "coordinates": [ [ [ [ 717022.439999999944121, 6180154.42 ], [ 717022.729999999981374, 6180165.04 ], [ 717021.930000000051223, 6180177.309999999590218 ], [ 717014.959999999962747, 6180181.509999999776483 ], [ 717015.74, 6180188.29 ], [ 717019.349999999976717, 6180188.519999999552965 ], [ 717025.069999999948777, 6180224.839999999850988 ], [ 717024.599999999976717, 6180225.349999999627471 ], [ 717026.21999999997206, 6180236.58 ], [ 717029.85999999998603, 6180261.610000000335276 ], [ 717029.01, 6180261.129999999888241 ], [ 717036.53000000002794, 6180296.730000000447035 ], [ 717037.398999999975786, 6180296.389999999664724 ], [ 717037.398000000044703, 6180296.392 ], [ 717037.403317192336544, 6180296.397869483567774 ], [ 717041.800000000046566, 6180308.450000000186265 ], [ 717049.0, 6180324.589999999850988 ], [ 717063.89000000001397, 6180337.309999999590218 ], [ 717067.790000000037253, 6180335.58 ], [ 717069.28000000002794, 6180336.679999999701977 ], [ 717071.21999999997206, 6180332.860000000335276 ], [ 717071.258000000030734, 6180332.803999999538064 ], [ 717075.248999999952503, 6180325.88300000037998 ], [ 717075.78000000002794, 6180326.157999999821186 ], [ 717085.809, 6180311.40500000026077 ], [ 717090.797999999951571, 6180304.065000000409782 ], [ 717094.731999999959953, 6180295.971 ], [ 717102.466999999945983, 6180280.057 ], [ 717110.687000000034459, 6180263.142 ], [ 717118.506000000052154, 6180247.05599999986589 ], [ 717130.75, 6180233.815000000409782 ], [ 717134.12699999997858, 6180230.16399999987334 ], [ 717139.552999999956228, 6180216.799999999813735 ], [ 717138.827347102458589, 6180216.404587728902698 ], [ 717149.49, 6180203.740000000223517 ], [ 717150.204000000027008, 6180202.359000000171363 ], [ 717151.790000000037253, 6180199.29 ], [ 717157.689999999944121, 6180186.620000000111759 ], [ 717157.881000000052154, 6180186.224999999627471 ], [ 717158.714000000036322, 6180186.690000000409782 ], [ 717166.506000000052154, 6180170.939000000245869 ], [ 717165.520000000018626, 6180170.386 ], [ 717166.020000000018626, 6180169.349999999627471 ], [ 717170.810000000055879, 6180160.480000000447035 ], [ 717174.479999999981374, 6180154.29 ], [ 717174.535000000032596, 6180154.138000000268221 ], [ 717131.35999999998603, 6180130.809999999590218 ], [ 717125.594000000040978, 6180141.28899999987334 ], [ 717112.689000000013039, 6180117.677000000141561 ], [ 717114.979999999981374, 6180116.231999999843538 ], [ 717115.569999999948777, 6180115.860000000335276 ], [ 717093.5, 6180081.120000000111759 ], [ 717081.319999999948777, 6180087.700000000186265 ], [ 717075.82999999995809, 6180090.660000000149012 ], [ 717064.229999999981374, 6180096.92 ], [ 717058.25, 6180100.160000000149012 ], [ 717046.42000000004191, 6180106.549999999813735 ], [ 717041.410000000032596, 6180109.259999999776483 ], [ 717025.99, 6180117.58 ], [ 717016.60999999998603, 6180122.610000000335276 ], [ 717022.439999999944121, 6180154.42 ] ] ] ] } },
{ "type": "Feature", "properties": { "fid": 28, "Red_area_P": 2.111, "Bef_area_P": 2.639, "Area_PULS": 6.462, "PULS_Navn": 1104000, "Høj_Bolig_[Ha]": 0.0, "Ikke_bef_[Ha]": 0.020644350033729022, "Industri_[Ha]": 0.0, "Kunstgræs_[Ha]": 0.0, "Lav_bolig_[Ha]": 1.6788798119545232, "Losseplads_[Ha]": 0.0, "Parkering_[Ha]": 0.010843501357277284, "ÅDT<15000_[Ha]": 0.396641605508679, "ÅDT>15000_[Ha]": 0.0029168762828051262 }, "geometry": { "type": "MultiPolygon", "coordinates": [ [ [ [ 716830.349999999976717, 6180202.79 ], [ 716832.270000000018626, 6180205.839999999850988 ], [ 716852.910000000032596, 6180233.92 ], [ 716857.020000000018626, 6180238.660000000149012 ], [ 716841.839999999967404, 6180257.690000000409782 ], [ 716838.82999999995809, 6180258.849999999627471 ], [ 716823.410000000032596, 6180265.240000000223517 ], [ 716821.10999999998603, 6180266.179999999701977 ], [ 716803.939999999944121, 6180273.190000000409782 ], [ 716801.42000000004191, 6180274.21999999973923 ], [ 716774.75, 6180285.110000000335276 ], [ 716771.339999999967404, 6180306.799999999813735 ], [ 716738.800000000046566, 6180301.370000000111759 ], [ 716732.959999999962747, 6180293.25 ], [ 716735.28000000002794, 6180278.769999999552965 ], [ 716728.520000000018626, 6180268.21999999973923 ], [ 716728.150000000023283, 6180267.650000000372529 ], [ 716703.939999999944121, 6180284.009999999776483 ], [ 716704.709999999962747, 6180285.740000000223517 ], [ 716705.85999999998603, 6180287.379999999888241 ], [ 716699.062999999965541, 6180292.034 ], [ 716683.689999999944121, 6180302.559999999590218 ], [ 716678.770000000018626, 6180301.759999999776483 ], [ 716651.775999999954365, 6180320.028 ], [ 716625.189999999944121, 6180338.019999999552965 ], [ 716622.459999999962747, 6180343.03000000026077 ], [ 716622.76, 6180371.509999999776483 ], [ 716667.839999999967404, 6180370.549999999813735 ], [ 716668.560000000055879, 6180366.29 ], [ 716676.75, 6180359.820000000298023 ], [ 716689.60999999998603, 6180353.839999999850988 ], [ 716689.658194658812135, 6180353.555611682124436 ], [ 716689.611000000033528, 6180353.83600000012666 ], [ 716686.334000000031665, 6180373.326999999582767 ], [ 716715.067999999970198, 6180378.46999999973923 ], [ 716715.505, 6180376.13399999961257 ], [ 716719.603, 6180354.352 ], [ 716719.797000000020489, 6180354.384999999776483 ], [ 716737.54500000004191, 6180357.400999999605119 ], [ 716746.172999999951571, 6180358.86699999962002 ], [ 716755.837999999988824, 6180359.861999999731779 ], [ 716755.839999999967404, 6180359.860000000335276 ], [ 716764.35999999998603, 6180361.259999999776483 ], [ 716773.589999999967404, 6180362.78000000026077 ], [ 716783.07999999995809, 6180364.339999999850988 ], [ 716791.339999999967404, 6180365.700000000186265 ], [ 716801.520000000018626, 6180367.379999999888241 ], [ 716809.099999999976717, 6180368.620000000111759 ], [ 716820.21999999997206, 6180370.450000000186265 ], [ 716826.849999999976717, 6180371.54 ], [ 716838.57999999995809, 6180373.46999999973923 ], [ 716844.599999999976717, 6180374.46 ], [ 716857.099999999976717, 6180376.519999999552965 ], [ 716862.35999999998603, 6180377.389999999664724 ], [ 716880.12, 6180380.33 ], [ 716894.270000000018626, 6180382.650000000372529 ], [ 716907.92000000004191, 6180384.929999999701977 ], [ 716907.936955084791407, 6180384.813309122808278 ], [ 716912.354999999981374, 6180385.545 ], [ 716925.207999999984168, 6180387.673000000417233 ], [ 716925.495, 6180387.729000000283122 ], [ 716931.14000000001397, 6180388.83 ], [ 716943.310000000055879, 6180390.79 ], [ 716949.689999999944121, 6180391.820000000298023 ], [ 716960.680000000051223, 6180393.53000000026077 ], [ 716968.310000000055879, 6180394.71999999973923 ], [ 716983.53000000002794, 6180397.150000000372529 ], [ 716984.810000000055879, 6180397.150000000372529 ], [ 716984.42000000004191, 6180390.269999999552965 ], [ 716981.626159491133876, 6180361.233 ], [ 716986.310000000055879, 6180361.233 ], [ 716984.03000000002794, 6180338.769999999552965 ], [ 716977.87, 6180301.559999999590218 ], [ 716976.898999999975786, 6180295.332000000402331 ], [ 716975.439999999944121, 6180285.96999999973923 ], [ 716972.51, 6180263.900000000372529 ], [ 716968.53000000002794, 6180236.839999999850988 ], [ 716966.42000000004191, 6180229.58 ], [ 716964.939999999944121, 6180224.299999999813735 ], [ 716965.290000000037253, 6180222.910000000149012 ], [ 716965.560000000055879, 6180221.809999999590218 ], [ 716968.229999999981374, 6180218.42 ], [ 716967.020000000018626, 6180212.870000000111759 ], [ 716963.76, 6180214.360000000335276 ], [ 716960.99, 6180214.019999999552965 ], [ 716960.900000000023283, 6180213.839999999850988 ], [ 716951.21999999997206, 6180196.099999999627471 ], [ 716949.28000000002794, 6180186.370000000111759 ], [ 716947.900000000023283, 6180167.129999999888241 ], [ 716947.53000000002794, 6180161.929999999701977 ], [ 716945.10999999998603, 6180127.360000000335276 ], [ 716927.349999999976717, 6180138.990000000223517 ], [ 716920.0, 6180143.809999999590218 ], [ 716914.667000000015832, 6180147.378999999724329 ], [ 716910.050000000046566, 6180150.46999999973923 ], [ 716930.540000000037253, 6180178.589999999850988 ], [ 716916.839999999967404, 6180188.96 ], [ 716914.339999999967404, 6180190.860000000335276 ], [ 716903.10999999998603, 6180199.440000000409782 ], [ 716898.650000000023283, 6180202.839999999850988 ], [ 716888.21999999997206, 6180210.759999999776483 ], [ 716882.82999999995809, 6180214.910000000149012 ], [ 716867.319999999948777, 6180226.910000000149012 ], [ 716864.07999999995809, 6180230.92 ], [ 716860.790000000037253, 6180226.839999999850988 ], [ 716846.25, 6180206.429999999701977 ], [ 716839.35999999998603, 6180197.019999999552965 ], [ 716830.349999999976717, 6180202.79 ] ] ] ] } },
{ "type": "Feature", "properties": { "fid": 29, "Red_area_P": 55.356, "Bef_area_P": 69.194, "Area_PULS": 119.235, "PULS_Navn": 1101000, "Høj_Bolig_[Ha]": 17.826243173071536, "Ikke_bef_[Ha]": 1.3889721098311485, "Industri_[Ha]": 3.824748555843235, "Kunstgræs_[Ha]": 0.0, "Lav_bolig_[Ha]": 16.338161417058654, "Losseplads_[Ha]": 0.0, "Parkering_[Ha]": 4.9952602320531065, "ÅDT<15000_[Ha]": 8.1329505028997975, "ÅDT>15000_[Ha]": 2.8237174409866586 }, "geometry": { "type": "MultiPolygon", "coordinates": [ [ [ [ 716920.282, 6179657.098000000230968 ], [ 716921.03000000002794, 6179660.139999999664724 ], [ 716930.040000000037253, 6179689.58 ], [ 716937.35999999998603, 6179715.78000000026077 ], [ 716938.532, 6179722.571000000461936 ], [ 716938.660000000032596, 6179723.309999999590218 ], [ 716939.5, 6179726.04 ], [ 716940.319999999948777, 6179731.910000000149012 ], [ 716943.770000000018626, 6179739.820000000298023 ], [ 716957.900000000023283, 6179807.259999999776483 ], [ 716965.910000000032596, 6179802.78000000026077 ], [ 717004.599999999976717, 6179781.179999999701977 ], [ 717022.599999999976717, 6179770.370000000111759 ], [ 717051.01, 6179752.570000000298023 ], [ 717061.229999999981374, 6179746.110000000335276 ], [ 717102.24, 6179718.46999999973923 ], [ 717122.88, 6179703.519999999552965 ], [ 717121.319999999948777, 6179701.049999999813735 ], [ 717120.0, 6179698.450000000186265 ], [ 717118.900000000023283, 6179695.75 ], [ 717118.050000000046566, 6179692.96999999973923 ], [ 717117.339999999967404, 6179690.0 ], [ 717116.910000000032596, 6179686.990000000223517 ], [ 717116.76, 6179683.940000000409782 ], [ 717116.89000000001397, 6179680.900000000372529 ], [ 717116.92000000004191, 6179680.67 ], [ 717116.959999999962747, 6179680.440000000409782 ], [ 717117.0, 6179680.200000000186265 ], [ 717117.040000000037253, 6179679.96999999973923 ], [ 717117.07999999995809, 6179679.740000000223517 ], [ 717117.12, 6179679.509999999776483 ], [ 717117.12, 6179679.450000000186265 ], [ 717117.160000000032596, 6179679.21999999973923 ], [ 717117.209999999962747, 6179678.990000000223517 ], [ 717117.25, 6179678.759999999776483 ], [ 717117.290000000037253, 6179678.519999999552965 ], [ 717117.32999999995809, 6179678.29 ], [ 717117.38, 6179678.059999999590218 ], [ 717117.39000000001397, 6179678.009999999776483 ], [ 717097.88, 6179671.5 ], [ 717091.160000000032596, 6179671.809999999590218 ], [ 717074.400000000023283, 6179681.950000000186265 ], [ 717061.96999999997206, 6179693.5 ], [ 717049.569999999948777, 6179709.820000000298023 ], [ 717043.74, 6179713.78000000026077 ], [ 717028.074142885277979, 6179719.763140846043825 ], [ 717028.03000000002794, 6179719.700000000186265 ], [ 717028.03000000002794, 6179719.78000000026077 ], [ 717010.782937896903604, 6179720.317850570194423 ], [ 716993.74, 6179679.309999999590218 ], [ 716969.74, 6179685.71 ], [ 716952.14000000001397, 6179653.71 ], [ 716920.282, 6179657.098000000230968 ] ] ] ] } },
{ "type": "Feature", "properties": { "fid": 30, "Red_area_P": 55.356, "Bef_area_P": 69.194, "Area_PULS": 119.235, "PULS_Navn": 1101000, "Høj_Bolig_[Ha]": 17.826243173071536, "Ikke_bef_[Ha]": 1.3889721098311485, "Industri_[Ha]": 3.824748555843235, "Kunstgræs_[Ha]": 0.0, "Lav_bolig_[Ha]": 16.338161417058654, "Losseplads_[Ha]": 0.0, "Parkering_[Ha]": 4.9952602320531065, "ÅDT<15000_[Ha]": 8.1329505028997975, "ÅDT>15000_[Ha]": 2.8237174409866586 }, "geometry": { "type": "MultiPolygon", "coordinates": [ [ [ [ 716791.10999999998603, 6179920.179999999701977 ], [ 716774.650000000023283, 6179927.71 ], [ 716741.64000000001397, 6179943.71999999973923 ], [ 716738.71999999997206, 6179945.08 ], [ 716733.99, 6179947.099999999627471 ], [ 716729.150000000023283, 6179955.870000000111759 ], [ 716680.14000000001397, 6179984.139999999664724 ], [ 716674.099999999976717, 6180000.230000000447035 ], [ 716675.680000000051223, 6180002.200000000186265 ], [ 716592.430000000051223, 6180046.820000000298023 ], [ 716512.25, 6180083.070000000298023 ], [ 716500.270000000018626, 6180058.990000000223517 ], [ 716378.21999999997206, 6180119.759999999776483 ], [ 716301.03000000002794, 6180158.200000000186265 ], [ 716255.28000000002794, 6180180.629999999888241 ], [ 716252.32999999995809, 6180182.099999999627471 ], [ 716244.520000000018626, 6180185.889999999664724 ], [ 716241.28000000002794, 6180188.360000000335276 ], [ 716220.76, 6180198.42 ], [ 716215.900000000023283, 6180201.230000000447035 ], [ 716210.020000000018626, 6180204.0 ], [ 716183.837999999988824, 6180216.316999999806285 ], [ 716161.64000000001397, 6180226.759999999776483 ], [ 716140.39000000001397, 6180236.673999999649823 ], [ 716132.810000000055879, 6180240.21 ], [ 716127.270000000018626, 6180242.820000000298023 ], [ 716125.53000000002794, 6180243.839999999850988 ], [ 716123.900000000023283, 6180244.96 ], [ 716122.21999999997206, 6180246.240000000223517 ], [ 716120.62, 6180247.339999999850988 ], [ 716120.709999999962747, 6180247.53000000026077 ], [ 716101.89000000001397, 6180254.230000000447035 ], [ 716094.839000000036322, 6180257.432 ], [ 716092.62, 6180258.440000000409782 ], [ 716083.11199999996461, 6180262.752000000327826 ], [ 716068.868000000016764, 6180269.212000000290573 ], [ 716068.702000000048429, 6180269.286999999545515 ], [ 716052.883000000030734, 6180276.462000000290573 ], [ 716044.75, 6180280.150000000372529 ], [ 716005.59699999995064, 6180297.911000000312924 ], [ 715982.998999999952503, 6180308.161999999545515 ], [ 715960.209999999962747, 6180318.5 ], [ 715960.160000000032596, 6180318.33 ], [ 715945.709999999962747, 6180324.910000000149012 ], [ 715945.381000000052154, 6180325.057 ], [ 715932.03000000002794, 6180331.009999999776483 ], [ 715916.25, 6180338.179999999701977 ], [ 715909.64000000001397, 6180341.21999999973923 ], [ 715904.569000000017695, 6180343.614 ], [ 715885.189999999944121, 6180352.759999999776483 ], [ 715880.089000000036322, 6180355.281999999657273 ], [ 715891.285000000032596, 6180368.052000000141561 ], [ 715891.050000000046566, 6180368.549999999813735 ], [ 715897.778999999980442, 6180398.184999999590218 ], [ 715904.768999999971129, 6180428.96999999973923 ], [ 715904.777, 6180429.00899999961257 ], [ 715909.868000000016764, 6180451.433000000193715 ], [ 715910.540000000037253, 6180454.389999999664724 ], [ 715912.290000000037253, 6180462.71999999973923 ], [ 715913.770000000018626, 6180471.089999999850988 ], [ 715914.979999999981374, 6180479.509999999776483 ], [ 715915.772, 6180486.628999999724329 ], [ 715915.92000000004191, 6180487.96 ], [ 715918.540000000037253, 6180515.639999999664724 ], [ 715925.32999999995809, 6180520.940000000409782 ], [ 715938.211000000010245, 6180518.96999999973923 ], [ 715966.337999999988824, 6180514.667999999597669 ], [ 715966.952000000048429, 6180524.678999999538064 ], [ 715939.569000000017695, 6180528.861999999731779 ], [ 715926.03000000002794, 6180530.929999999701977 ], [ 715920.64000000001397, 6180537.79 ], [ 715921.866999999969266, 6180550.650999999605119 ], [ 715925.189000000013039, 6180585.458999999798834 ], [ 715925.57999999995809, 6180589.559999999590218 ], [ 715925.910000000032596, 6180592.839999999850988 ], [ 715926.400000000023283, 6180596.110000000335276 ], [ 715930.439999999944121, 6180599.03000000026077 ], [ 715936.424, 6180598.174999999813735 ], [ 715940.162000000011176, 6180597.640999999828637 ], [ 715968.310000000055879, 6180593.620000000111759 ], [ 715975.868000000016764, 6180592.541000000201166 ], [ 715979.062000000034459, 6180612.695000000298023 ], [ 715981.822000000043772, 6180630.105999999679625 ], [ 715979.88, 6180630.179999999701977 ], [ 715973.939999999944121, 6180630.259999999776483 ], [ 715967.99, 6180630.429999999701977 ], [ 715963.300000000046566, 6180630.75 ], [ 715970.21999999997206, 6180636.259999999776483 ], [ 715972.51, 6180643.690000000409782 ], [ 715972.46999999997206, 6180654.83 ], [ 715959.209999999962747, 6180654.589999999850988 ], [ 715947.900000000023283, 6180653.379999999888241 ], [ 715947.680000000051223, 6180667.21999999973923 ], [ 715920.13, 6180665.599999999627471 ], [ 715913.069999999948777, 6180673.820000000298023 ], [ 715904.699999999953434, 6180683.549999999813735 ], [ 715901.53000000002794, 6180687.25 ], [ 715908.0, 6180733.549999999813735 ], [ 715866.07999999995809, 6180730.660000000149012 ], [ 715839.729999999981374, 6180728.826000000350177 ], [ 715818.802000000025146, 6180727.373999999836087 ], [ 715818.910999999963678, 6180732.998999999836087 ], [ 715819.199999999953434, 6180747.639999999664724 ], [ 715819.96999999997206, 6180759.900000000372529 ], [ 715820.160000000032596, 6180760.909 ], [ 715820.505, 6180762.706000000238419 ], [ 715821.25199999997858, 6180764.949 ], [ 715821.410000000032596, 6180765.42 ], [ 715822.38, 6180767.870000000111759 ], [ 715823.540000000037253, 6180770.240000000223517 ], [ 715824.87, 6180772.519999999552965 ], [ 715826.96999999997206, 6180772.148 ], [ 715827.172000000020489, 6180773.467000000178814 ], [ 715827.172000000020489, 6180773.46999999973923 ], [ 715828.280999999959022, 6180780.551 ], [ 715830.150000000023283, 6180792.46999999973923 ], [ 715834.800000000046566, 6180816.690000000409782 ], [ 715843.46999999997206, 6180816.339999999850988 ], [ 715843.540000000037253, 6180817.849999999627471 ], [ 715845.180000000051223, 6180817.78000000026077 ], [ 715845.25, 6180819.42 ], [ 715847.089999999967404, 6180819.320000000298023 ], [ 715847.03000000002794, 6180817.679999999701977 ], [ 715848.699999999953434, 6180817.629999999888241 ], [ 715848.63, 6180816.120000000111759 ], [ 715854.810000000055879, 6180816.370000000111759 ], [ 715857.560000000055879, 6180816.179999999701977 ], [ 715862.169, 6180815.871000000275671 ], [ 715860.446, 6180831.349999999627471 ], [ 715875.131000000052154, 6180830.843999999575317 ], [ 715875.76300000003539, 6180841.208999999798834 ], [ 715876.51500000001397, 6180853.526999999769032 ], [ 715872.569999999948777, 6180853.570000000298023 ], [ 715873.270000000018626, 6180860.696999999694526 ], [ 715873.459999999962747, 6180862.629999999888241 ], [ 715875.479999999981374, 6180862.429999999701977 ], [ 715876.170999999972992, 6180868.899000000208616 ], [ 715878.24, 6180888.259999999776483 ], [ 715875.060000000055879, 6180889.320000000298023 ], [ 715875.60999999998603, 6180894.379999999888241 ], [ 715878.939999999944121, 6180894.589999999850988 ], [ 715879.689999999944121, 6180901.483 ], [ 715879.900000000023283, 6180903.410000000149012 ], [ 715880.483, 6180905.468999999575317 ], [ 715882.01, 6180910.860000000335276 ], [ 715883.569999999948777, 6180926.339999999850988 ], [ 715883.810000000055879, 6180928.33 ], [ 715884.85999999998603, 6180937.240000000223517 ], [ 715885.883999999961816, 6180945.894000000320375 ], [ 715886.800000000046566, 6180953.639999999664724 ], [ 715888.349999999976717, 6180967.96999999973923 ], [ 715889.810000000055879, 6180980.870000000111759 ], [ 715890.136999999987893, 6180983.759999999776483 ], [ 715891.60999999998603, 6180996.769999999552965 ], [ 715892.589999999967404, 6181007.910000000149012 ], [ 715892.768999999971129, 6181013.877000000327826 ], [ 715892.76500000001397, 6181013.877000000327826 ], [ 715890.020000000018626, 6181000.509999999776483 ], [ 715886.10999999998603, 6180997.400000000372529 ], [ 715859.209999999962747, 6181000.519999999552965 ], [ 715839.0, 6181002.849999999627471 ], [ 715831.77800000004936, 6181003.691999999806285 ], [ 715824.32999999995809, 6181004.559999999590218 ], [ 715822.599999999976717, 6181004.92 ], [ 715820.979999999981374, 6181005.599999999627471 ], [ 715819.5, 6181006.559999999590218 ], [ 715818.229999999981374, 6181007.78000000026077 ], [ 715817.199999999953434, 6181009.21 ], [ 715816.459999999962747, 6181010.809999999590218 ], [ 715814.689999999944121, 6181015.78000000026077 ], [ 715811.339999999967404, 6181025.21999999973923 ], [ 715809.184, 6181031.291000000201166 ], [ 715786.21999999997206, 6181095.96 ], [ 715811.189999999944121, 6181105.04 ], [ 715806.131999999983236, 6181118.696999999694526 ], [ 715806.118000000016764, 6181118.735000000335276 ], [ 715792.040000000037253, 6181156.75 ], [ 715827.930000000051223, 6181169.309999999590218 ], [ 715828.78000000002794, 6181166.96 ], [ 715847.62, 6181173.700000000186265 ], [ 715845.761999999987893, 6181178.782999999821186 ], [ 715843.810000000055879, 6181184.120000000111759 ], [ 715832.88, 6181208.650000000372529 ], [ 715827.520000000018626, 6181216.950000000186265 ], [ 715817.64000000001397, 6181228.110000000335276 ], [ 715807.020000000018626, 6181260.610000000335276 ], [ 715810.300000000046566, 6181266.019999999552965 ], [ 715821.979000000050291, 6181273.707000000402331 ], [ 715816.386999999987893, 6181288.661999999545515 ], [ 715810.258000000030734, 6181305.048999999649823 ], [ 715822.964000000036322, 6181309.704 ], [ 715827.098, 6181300.843999999575317 ], [ 715827.099999999976717, 6181300.839999999850988 ], [ 715830.386000000056811, 6181293.763000000268221 ], [ 715835.547999999951571, 6181282.644000000320375 ], [ 715835.549, 6181282.643000000156462 ], [ 715835.550000000046566, 6181282.639999999664724 ], [ 715837.39000000001397, 6181278.690000000409782 ], [ 715841.21999999997206, 6181273.599999999627471 ], [ 715845.229999999981374, 6181268.650000000372529 ], [ 715848.810000000055879, 6181264.610000000335276 ], [ 715852.650000000023283, 6181260.480000000447035 ], [ 715856.63, 6181256.480000000447035 ], [ 715860.24, 6181253.089999999850988 ], [ 715863.949999999953434, 6181249.799999999813735 ], [ 715869.055000000051223, 6181212.809000000357628 ], [ 715870.0, 6181205.96 ], [ 715879.540000000037253, 6181206.54 ], [ 715880.020000000018626, 6181207.71999999973923 ], [ 715892.444000000017695, 6181202.596 ], [ 715910.400000000023283, 6181195.190000000409782 ], [ 715904.62, 6181184.679999999701977 ], [ 715911.75, 6181163.820000000298023 ], [ 715919.38, 6181143.700000000186265 ], [ 715920.67000000004191, 6181140.759999999776483 ], [ 715965.599999999976717, 6181152.17 ], [ 715965.07999999995809, 6181167.67 ], [ 715962.229999999981374, 6181171.519999999552965 ], [ 715973.589999999967404, 6181165.650000000372529 ], [ 715970.290000000037253, 6181161.910000000149012 ], [ 715973.060000000055879, 6181078.730000000447035 ], [ 716012.589999999967404, 6181080.259999999776483 ], [ 716017.900000000023283, 6181080.519999999552965 ], [ 716020.42000000004191, 6181023.799999999813735 ], [ 716021.51, 6181013.259999999776483 ], [ 716025.229999999981374, 6181015.700000000186265 ], [ 716026.680000000051223, 6181013.549999999813735 ], [ 716028.410000000032596, 6181011.620000000111759 ], [ 716030.400000000023283, 6181009.96 ], [ 716032.599999999976717, 6181008.599999999627471 ], [ 716034.979999999981374, 6181007.570000000298023 ], [ 716037.46999999997206, 6181006.879999999888241 ], [ 716040.040000000037253, 6181006.559999999590218 ], [ 716064.300000000046566, 6181005.190000000409782 ], [ 716101.74, 6181002.21999999973923 ], [ 716098.300000000046566, 6180961.730000000447035 ], [ 716094.49, 6180943.940000000409782 ], [ 716136.150000000023283, 6180943.589999999850988 ], [ 716137.506000000052154, 6180956.014999999664724 ], [ 716138.550000000046566, 6180965.58 ], [ 716140.699999999953434, 6180987.58 ], [ 716142.540000000037253, 6181007.019999999552965 ], [ 716143.439999999944121, 6181015.58 ], [ 716144.09499999997206, 6181021.183000000193715 ], [ 716144.439999999944121, 6181024.129999999888241 ], [ 716146.339999999967404, 6181038.21999999973923 ], [ 716148.51, 6181052.269999999552965 ], [ 716150.478, 6181063.433000000193715 ], [ 716165.897, 6181060.71999999973923 ], [ 716184.873999999952503, 6181057.382000000216067 ], [ 716184.569999999948777, 6181055.92 ], [ 716182.560000000055879, 6181045.58 ], [ 716180.680000000051223, 6181035.21999999973923 ], [ 716178.209999999962747, 6181019.75 ], [ 716177.897, 6181017.535000000149012 ], [ 716176.020000000018626, 6181004.240000000223517 ], [ 716174.49, 6180993.54 ], [ 716174.189000000013039, 6180991.251000000163913 ], [ 716173.07999999995809, 6180982.83 ], [ 716168.344000000040978, 6180944.773 ], [ 716167.273999999975786, 6180936.171 ], [ 716216.672999999951571, 6180930.593000000342727 ], [ 716218.15300000004936, 6180942.492999999783933 ], [ 716228.167999999946915, 6180941.269999999552965 ], [ 716221.937999999965541, 6180891.475999999791384 ], [ 716215.75, 6180842.021999999880791 ], [ 716212.82999999995809, 6180818.679999999701977 ], [ 716212.400000000023283, 6180814.839999999850988 ], [ 716211.74, 6180807.990000000223517 ], [ 716294.209999999962747, 6180807.059999999590218 ], [ 716343.930000000051223, 6180806.490000000223517 ], [ 716353.88, 6180806.519999999552965 ], [ 716410.810000000055879, 6180805.46999999973923 ], [ 716410.62, 6180791.410000000149012 ], [ 716410.569999999948777, 6180787.700000000186265 ], [ 716410.32999999995809, 6180770.67 ], [ 716353.5, 6180771.700000000186265 ], [ 716353.400000000023283, 6180761.884999999776483 ], [ 716353.29500000004191, 6180752.052000000141561 ], [ 716353.505, 6180771.699 ], [ 716410.332000000053085, 6180770.668999999761581 ], [ 716410.060999999986961, 6180750.93099999986589 ], [ 716398.978, 6180750.921 ], [ 716376.060999999986961, 6180751.153 ], [ 716376.78000000002794, 6180728.571999999694526 ], [ 716377.055999999982305, 6180719.926 ], [ 716352.952000000048429, 6180720.05599999986589 ], [ 716353.021964257699437, 6180726.5824617696926 ], [ 716353.011999999987893, 6180725.689000000245869 ], [ 716352.949999999953434, 6180720.059999999590218 ], [ 716352.650000000023283, 6180691.120000000111759 ], [ 716350.106999999959953, 6180677.890999999828637 ], [ 716361.74, 6180678.42 ], [ 716363.290000000037253, 6180644.610000000335276 ], [ 716363.559980362071656, 6180638.741426871158183 ], [ 716363.564000000013039, 6180638.739 ], [ 716364.474999999976717, 6180618.853000000119209 ], [ 716364.496336961281486, 6180618.361831518821418 ], [ 716364.5, 6180618.360000000335276 ], [ 716364.800000000046566, 6180611.839999999850988 ], [ 716383.10999999998603, 6180612.240000000223517 ], [ 716382.979999999981374, 6180615.820000000298023 ], [ 716382.63, 6180625.700000000186265 ], [ 716400.660000000032596, 6180626.059999999590218 ], [ 716425.540000000037253, 6180625.849999999627471 ], [ 716425.24, 6180607.610000000335276 ], [ 716401.87, 6180607.820000000298023 ], [ 716402.07999999995809, 6180602.78000000026077 ], [ 716403.82999999995809, 6180602.450000000186265 ], [ 716405.49, 6180601.809999999590218 ], [ 716407.020000000018626, 6180600.879999999888241 ], [ 716408.349999999976717, 6180599.700000000186265 ], [ 716409.439999999944121, 6180598.29 ], [ 716410.26, 6180596.700000000186265 ], [ 716410.78000000002794, 6180595.0 ], [ 716410.99, 6180593.230000000447035 ], [ 716410.87, 6180591.450000000186265 ], [ 716465.290000000037253, 6180586.92 ], [ 716465.26, 6180584.410000000149012 ], [ 716410.189999999944121, 6180589.0 ], [ 716409.46999999997206, 6180587.629999999888241 ], [ 716408.540000000037253, 6180586.389999999664724 ], [ 716407.42000000004191, 6180585.309999999590218 ], [ 716437.099999999976717, 6180567.769999999552965 ], [ 716427.650000000023283, 6180551.46 ], [ 716453.020000000018626, 6180536.54 ], [ 716443.398000000044703, 6180519.49100000038743 ], [ 716443.397, 6180519.489 ], [ 716459.419, 6180509.987999999895692 ], [ 716475.547999999951571, 6180500.515999999828637 ], [ 716475.591999999945983, 6180500.593000000342727 ], [ 716476.040000000037253, 6180500.33 ], [ 716479.25, 6180498.440000000409782 ], [ 716496.300000000046566, 6180488.42 ], [ 716498.160000000032596, 6180487.33 ], [ 716516.439999999944121, 6180476.589999999850988 ], [ 716536.49, 6180464.799999999813735 ], [ 716556.104000000050291, 6180453.304999999701977 ], [ 716556.074999999953434, 6180453.253999999724329 ], [ 716572.64000000001397, 6180443.535000000149012 ], [ 716593.020000000018626, 6180431.576000000350177 ], [ 716614.047999999951571, 6180419.235999999567866 ], [ 716613.287000000011176, 6180380.831000000238419 ], [ 716613.040000000037253, 6180368.379999999888241 ], [ 716594.46999999997206, 6180358.71 ], [ 716622.300999999977648, 6180343.119 ], [ 716622.459999999962747, 6180343.03000000026077 ], [ 716625.189999999944121, 6180338.019999999552965 ], [ 716651.775999999954365, 6180320.028 ], [ 716678.770000000018626, 6180301.759999999776483 ], [ 716683.689999999944121, 6180302.559999999590218 ], [ 716699.062999999965541, 6180292.034 ], [ 716705.85999999998603, 6180287.379999999888241 ], [ 716704.709999999962747, 6180285.740000000223517 ], [ 716703.939999999944121, 6180284.009999999776483 ], [ 716728.150000000023283, 6180267.650000000372529 ], [ 716728.520000000018626, 6180268.21999999973923 ], [ 716735.28000000002794, 6180278.769999999552965 ], [ 716732.959999999962747, 6180293.25 ], [ 716738.800000000046566, 6180301.370000000111759 ], [ 716771.339999999967404, 6180306.799999999813735 ], [ 716774.75, 6180285.110000000335276 ], [ 716801.42000000004191, 6180274.21999999973923 ], [ 716803.939999999944121, 6180273.190000000409782 ], [ 716821.10999999998603, 6180266.179999999701977 ], [ 716823.410000000032596, 6180265.240000000223517 ], [ 716838.82999999995809, 6180258.849999999627471 ], [ 716841.839999999967404, 6180257.690000000409782 ], [ 716857.020000000018626, 6180238.660000000149012 ], [ 716852.910000000032596, 6180233.92 ], [ 716832.270000000018626, 6180205.839999999850988 ], [ 716807.96999999997206, 6180214.519999999552965 ], [ 716827.14000000001397, 6180201.549999999813735 ], [ 716830.040000000037253, 6180202.299999999813735 ], [ 716830.349999999976717, 6180202.79 ], [ 716839.35999999998603, 6180197.019999999552965 ], [ 716851.142, 6180189.468000000342727 ], [ 716859.96999999997206, 6180183.809999999590218 ], [ 716876.699999999953434, 6180172.71999999973923 ], [ 716877.88, 6180174.349999999627471 ], [ 716863.64000000001397, 6180188.799999999813735 ], [ 716846.25, 6180206.429999999701977 ], [ 716860.790000000037253, 6180226.839999999850988 ], [ 716864.07999999995809, 6180230.92 ], [ 716867.319999999948777, 6180226.910000000149012 ], [ 716882.82999999995809, 6180214.910000000149012 ], [ 716888.21999999997206, 6180210.759999999776483 ], [ 716898.650000000023283, 6180202.839999999850988 ], [ 716903.10999999998603, 6180199.440000000409782 ], [ 716914.339999999967404, 6180190.860000000335276 ], [ 716916.839999999967404, 6180188.96 ], [ 716930.540000000037253, 6180178.589999999850988 ], [ 716910.050000000046566, 6180150.46999999973923 ], [ 716914.667000000015832, 6180147.378999999724329 ], [ 716920.0, 6180143.809999999590218 ], [ 716927.349999999976717, 6180138.990000000223517 ], [ 716945.10999999998603, 6180127.360000000335276 ], [ 716956.180000000051223, 6180120.78000000026077 ], [ 716953.02800000004936, 6180098.45299999974668 ], [ 716925.758000000030734, 6180116.298999999649823 ], [ 716908.636000000056811, 6180128.512000000104308 ], [ 716904.64000000001397, 6180131.361999999731779 ], [ 716891.729999999981374, 6180140.571999999694526 ], [ 716873.888999999966472, 6180152.423000000417233 ], [ 716840.662000000011176, 6180174.496000000275671 ], [ 716837.49800000002142, 6180176.598000000230968 ], [ 716828.212000000057742, 6180182.765999999828637 ], [ 716788.125, 6180209.370000000111759 ], [ 716756.444000000017695, 6180230.394999999552965 ], [ 716747.459000000031665, 6180216.773 ], [ 716772.040000000037253, 6180200.139999999664724 ], [ 716777.777, 6180195.473000000230968 ], [ 716779.17000000004191, 6180194.339999999850988 ], [ 716802.75, 6180175.240000000223517 ], [ 716826.51500000001397, 6180159.208999999798834 ], [ 716831.849999999976717, 6180155.610000000335276 ], [ 716831.46999999997206, 6180155.08 ], [ 716832.979999999981374, 6180154.08 ], [ 716833.35999999998603, 6180154.610000000335276 ], [ 716858.21999999997206, 6180137.769999999552965 ], [ 716866.640999999945052, 6180132.049999999813735 ], [ 716868.819999999948777, 6180130.570000000298023 ], [ 716872.439999999944121, 6180113.92 ], [ 716853.040000000037253, 6180084.71999999973923 ], [ 716847.10999999998603, 6180072.740000000223517 ], [ 716844.459999999962747, 6180060.759999999776483 ], [ 716844.270000000018626, 6180049.730000000447035 ], [ 716846.050000000046566, 6180037.809999999590218 ], [ 716849.99, 6180026.809999999590218 ], [ 716852.680000000051223, 6180022.299999999813735 ], [ 716855.979999999981374, 6180016.769999999552965 ], [ 716863.14000000001397, 6180008.139999999664724 ], [ 716876.14000000001397, 6179995.940000000409782 ], [ 716889.26, 6179984.570000000298023 ], [ 716905.78000000002794, 6179969.67 ], [ 716914.459999999962747, 6179958.379999999888241 ], [ 716917.63, 6179948.730000000447035 ], [ 716921.339999999967404, 6179926.429999999701977 ], [ 716916.64000000001397, 6179925.04 ], [ 716880.988000000012107, 6179914.995000000111759 ], [ 716884.461000000010245, 6179902.812 ], [ 716850.71999999997206, 6179893.08 ], [ 716833.24, 6179900.849999999627471 ], [ 716791.10999999998603, 6179920.179999999701977 ] ] ] ] } },
{ "type": "Feature", "properties": { "fid": 31, "Red_area_P": 55.356, "Bef_area_P": 69.194, "Area_PULS": 119.235, "PULS_Navn": 1101000, "Høj_Bolig_[Ha]": 17.826243173071536, "Ikke_bef_[Ha]": 1.3889721098311485, "Industri_[Ha]": 3.824748555843235, "Kunstgræs_[Ha]": 0.0, "Lav_bolig_[Ha]": 16.338161417058654, "Losseplads_[Ha]": 0.0, "Parkering_[Ha]": 4.9952602320531065, "ÅDT<15000_[Ha]": 8.1329505028997975, "ÅDT>15000_[Ha]": 2.8237174409866586 }, "geometry": { "type": "MultiPolygon", "coordinates": [ [ [ [ 716036.21999999997206, 6179586.370000000111759 ], [ 716030.28000000002794, 6179586.410000000149012 ], [ 716023.160000000032596, 6179586.450000000186265 ], [ 716023.169, 6179587.900999999605119 ], [ 716021.643000000040047, 6179587.907999999821186 ], [ 716021.85999999998603, 6179620.440000000409782 ], [ 716021.949999999953434, 6179634.429999999701977 ], [ 716022.011000000056811, 6179643.696000000461936 ], [ 716022.209999999962747, 6179673.92 ], [ 716022.37300000002142, 6179698.921 ], [ 716022.520000000018626, 6179721.400000000372529 ], [ 716022.65300000004936, 6179740.678999999538064 ], [ 716022.99, 6179789.679999999701977 ], [ 716023.02800000004936, 6179796.643000000156462 ], [ 716026.140999999945052, 6179798.775999999605119 ], [ 716025.540000000037253, 6179798.78000000026077 ], [ 716025.589999999967404, 6179806.450000000186265 ], [ 716025.63, 6179812.75 ], [ 716025.680000000051223, 6179819.049999999813735 ], [ 716025.71999999997206, 6179825.349999999627471 ], [ 716025.76, 6179831.650000000372529 ], [ 716025.800000000046566, 6179837.950000000186265 ], [ 716025.849999999976717, 6179845.610000000335276 ], [ 716066.0, 6179845.349999999627471 ], [ 716066.01, 6179845.629999999888241 ], [ 716060.28000000002794, 6179851.42 ], [ 716035.334000000031665, 6179851.61600000038743 ], [ 716035.501000000047497, 6179864.114 ], [ 716030.650000000023283, 6179864.150000000372529 ], [ 716030.849999999976717, 6179882.440000000409782 ], [ 716031.03000000002794, 6179900.139999999664724 ], [ 716023.839999999967404, 6179900.21999999973923 ], [ 716024.01, 6179917.92 ], [ 716023.819999999948777, 6179936.990000000223517 ], [ 716023.410000000032596, 6179955.179999999701977 ], [ 716023.49, 6179960.980000000447035 ], [ 716016.85999999998603, 6179962.96 ], [ 716020.67000000004191, 6179974.389999999664724 ], [ 716026.03000000002794, 6179991.96999999973923 ], [ 716032.479999999981374, 6180013.46999999973923 ], [ 716035.718, 6180025.076000000350177 ], [ 716037.439999999944121, 6180031.25 ], [ 716042.53000000002794, 6180050.950000000186265 ], [ 716052.38, 6180090.03000000026077 ], [ 716061.199999999953434, 6180129.570000000298023 ], [ 716063.0, 6180138.379999999888241 ], [ 716069.930000000051223, 6180136.650000000372529 ], [ 716072.001000000047497, 6180145.035000000149012 ], [ 716072.599999999976717, 6180147.46 ], [ 716077.300000000046566, 6180167.349999999627471 ], [ 716081.277, 6180186.278 ], [ 716081.449999999953434, 6180187.099999999627471 ], [ 716084.569999999948777, 6180203.67 ], [ 716085.21999999997206, 6180207.139999999664724 ], [ 716088.339999999967404, 6180227.360000000335276 ], [ 716088.349999999976717, 6180236.990000000223517 ], [ 716088.351999999955297, 6180236.989 ], [ 716107.07999999995809, 6180227.96999999973923 ], [ 716129.479999999981374, 6180217.179999999701977 ], [ 716146.400000000023283, 6180209.04 ], [ 716164.099999999976717, 6180200.509999999776483 ], [ 716181.050000000046566, 6180192.349999999627471 ], [ 716182.099999999976717, 6180194.29 ], [ 716196.770000000018626, 6180189.360000000335276 ], [ 716213.790000000037253, 6180181.120000000111759 ], [ 716213.75, 6180178.179999999701977 ], [ 716227.520000000018626, 6180171.58 ], [ 716227.680000000051223, 6180171.910000000149012 ], [ 716230.520000000018626, 6180170.490000000223517 ], [ 716231.67000000004191, 6180172.769999999552965 ], [ 716237.67000000004191, 6180169.759999999776483 ], [ 716237.430000000051223, 6180169.299999999813735 ], [ 716264.17000000004191, 6180155.990000000223517 ], [ 716263.87, 6180155.379999999888241 ], [ 716343.800000000046566, 6180117.54 ], [ 716372.050000000046566, 6180104.480000000447035 ], [ 716393.459999999962747, 6180093.990000000223517 ], [ 716398.040000000037253, 6180091.75 ], [ 716403.680000000051223, 6180085.690000000409782 ], [ 716416.71999999997206, 6180079.570000000298023 ], [ 716432.540000000037253, 6180071.67 ], [ 716449.560000000055879, 6180063.230000000447035 ], [ 716467.020000000018626, 6180054.519999999552965 ], [ 716473.959999999962747, 6180051.120000000111759 ], [ 716493.37, 6180041.160000000149012 ], [ 716520.28000000002794, 6180027.349999999627471 ], [ 716533.709999999962747, 6180020.46 ], [ 716537.51, 6180016.759999999776483 ], [ 716553.979999999981374, 6180008.96 ], [ 716560.020000000018626, 6180006.099999999627471 ], [ 716565.349999999976717, 6180005.360000000335276 ], [ 716581.88, 6179997.910000000149012 ], [ 716600.800000000046566, 6179989.379999999888241 ], [ 716611.479999999981374, 6179984.28000000026077 ], [ 716643.339999999967404, 6179969.120000000111759 ], [ 716657.660000000032596, 6179962.299999999813735 ], [ 716675.32999999995809, 6179954.660000000149012 ], [ 716706.540000000037253, 6179941.160000000149012 ], [ 716710.949999999953434, 6179939.259999999776483 ], [ 716736.67000000004191, 6179925.339999999850988 ], [ 716789.050000000046566, 6179897.0 ], [ 716822.35999999998603, 6179878.78000000026077 ], [ 716824.339999999967404, 6179877.42 ], [ 716829.819999999948777, 6179874.440000000409782 ], [ 716859.39000000001397, 6179858.379999999888241 ], [ 716870.069999999948777, 6179853.089999999850988 ], [ 716899.099999999976717, 6179838.700000000186265 ], [ 716905.189999999944121, 6179835.53000000026077 ], [ 716899.349999999976717, 6179804.799999999813735 ], [ 716897.459999999962747, 6179801.309999999590218 ], [ 716893.42000000004191, 6179782.740000000223517 ], [ 716884.96999999997206, 6179752.620000000111759 ], [ 716885.589999999967404, 6179746.370000000111759 ], [ 716891.37, 6179744.950000000186265 ], [ 716889.180000000051223, 6179737.570000000298023 ], [ 716887.17000000004191, 6179738.320000000298023 ], [ 716881.62, 6179733.820000000298023 ], [ 716881.018999999971129, 6179731.315999999642372 ], [ 716875.810000000055879, 6179709.599999999627471 ], [ 716871.439999999944121, 6179691.379999999888241 ], [ 716870.077999999979511, 6179701.416000000201166 ], [ 716870.069999999948777, 6179701.480000000447035 ], [ 716868.849999999976717, 6179710.46999999973923 ], [ 716867.839999999967404, 6179716.740000000223517 ], [ 716864.910000000032596, 6179735.179999999701977 ], [ 716863.410000000032596, 6179744.139999999664724 ], [ 716861.910000000032596, 6179750.820000000298023 ], [ 716858.39000000001397, 6179755.46 ], [ 716853.60999999998603, 6179758.870000000111759 ], [ 716838.85999999998603, 6179758.019999999552965 ], [ 716808.060000000055879, 6179756.25 ], [ 716793.99, 6179755.440000000409782 ], [ 716778.35999999998603, 6179754.620000000111759 ], [ 716766.040000000037253, 6179753.980000000447035 ], [ 716752.569999999948777, 6179752.759999999776483 ], [ 716750.290000000037253, 6179752.559999999590218 ], [ 716735.209999999962747, 6179746.509999999776483 ], [ 716732.57999999995809, 6179745.410000000149012 ], [ 716723.939999999944121, 6179749.71999999973923 ], [ 716718.275000000023283, 6179749.332000000402331 ], [ 716711.660000000032596, 6179748.879999999888241 ], [ 716710.371999999973923, 6179748.803999999538064 ], [ 716708.761999999987893, 6179748.707999999634922 ], [ 716704.25, 6179748.440000000409782 ], [ 716682.446, 6179746.945000000298023 ], [ 716672.900000000023283, 6179746.29 ], [ 716668.560000000055879, 6179745.990000000223517 ], [ 716639.770000000018626, 6179744.269999999552965 ], [ 716639.449999999953434, 6179744.251000000163913 ], [ 716636.060000000055879, 6179744.048999999649823 ], [ 716633.050999999977648, 6179743.872000000439584 ], [ 716606.209999999962747, 6179742.28000000026077 ], [ 716600.170999999972992, 6179741.917000000365078 ], [ 716594.966000000014901, 6179741.605000000447035 ], [ 716588.39000000001397, 6179741.21 ], [ 716573.099999999976717, 6179740.070000000298023 ], [ 716568.37, 6179739.71999999973923 ], [ 716559.660000000032596, 6179739.519000000320375 ], [ 716539.38, 6179739.059999999590218 ], [ 716528.60999999998603, 6179738.820000000298023 ], [ 716512.099999999976717, 6179737.179999999701977 ], [ 716501.949999999953434, 6179735.56900000013411 ], [ 716499.689999999944121, 6179735.21 ], [ 716496.189999999944121, 6179734.610999999567866 ], [ 716489.819999999948777, 6179733.519999999552965 ], [ 716488.596000000019558, 6179733.196999999694526 ], [ 716482.400000000023283, 6179731.559999999590218 ], [ 716465.75, 6179727.179999999701977 ], [ 716462.729999999981374, 6179726.099999999627471 ], [ 716447.78000000002794, 6179720.71 ], [ 716443.25, 6179718.910000000149012 ], [ 716430.089999999967404, 6179713.679999999701977 ], [ 716422.040000000037253, 6179710.79 ], [ 716412.71999999997206, 6179707.410000000149012 ], [ 716412.39000000001397, 6179707.29 ], [ 716402.35999999998603, 6179703.639999999664724 ], [ 716394.21999999997206, 6179700.679999999701977 ], [ 716382.63, 6179696.480000000447035 ], [ 716376.14000000001397, 6179694.120000000111759 ], [ 716362.290000000037253, 6179689.089999999850988 ], [ 716358.319999999948777, 6179687.660000000149012 ], [ 716352.459999999962747, 6179685.54 ], [ 716341.290000000037253, 6179681.320000000298023 ], [ 716323.51, 6179674.599999999627471 ], [ 716317.319999999948777, 6179672.259999999776483 ], [ 716306.75, 6179668.199 ], [ 716299.39000000001397, 6179665.370000000111759 ], [ 716289.040000000037253, 6179661.429999999701977 ], [ 716288.888999999966472, 6179661.372000000439584 ], [ 716274.32999999995809, 6179655.820000000298023 ], [ 716248.85999999998603, 6179646.129999999888241 ], [ 716243.150000000023283, 6179644.42 ], [ 716239.03000000002794, 6179643.179999999701977 ], [ 716207.32999999995809, 6179632.360000000335276 ], [ 716195.939999999944121, 6179627.990000000223517 ], [ 716187.229999999981374, 6179624.650000000372529 ], [ 716175.67000000004191, 6179620.42 ], [ 716167.57999999995809, 6179617.46 ], [ 716154.680000000051223, 6179613.190000000409782 ], [ 716149.540000000037253, 6179611.5 ], [ 716133.439999999944121, 6179606.179999999701977 ], [ 716131.5, 6179605.54 ], [ 716113.459999999962747, 6179599.570000000298023 ], [ 716112.87, 6179599.379999999888241 ], [ 716095.410000000032596, 6179593.610000000335276 ], [ 716092.060000000055879, 6179592.509999999776483 ], [ 716077.388999999966472, 6179587.656000000424683 ], [ 716070.479999999981374, 6179585.370000000111759 ], [ 716068.17000000004191, 6179584.610000000335276 ], [ 716064.32999999995809, 6179583.049999999813735 ], [ 716064.359000000054948, 6179587.714999999850988 ], [ 716061.17000000004191, 6179587.729000000283122 ], [ 716061.160000000032596, 6179586.21 ], [ 716054.040000000037253, 6179586.25 ], [ 716048.099999999976717, 6179586.29 ], [ 716042.160000000032596, 6179586.33 ], [ 716036.21999999997206, 6179586.370000000111759 ] ] ] ] } },
{ "type": "Feature", "properties": { "fid": 32, "Red_area_P": 55.356, "Bef_area_P": 69.194, "Area_PULS": 119.235, "PULS_Navn": 1101000, "Høj_Bolig_[Ha]": 17.826243173071536, "Ikke_bef_[Ha]": 1.3889721098311485, "Industri_[Ha]": 3.824748555843235, "Kunstgræs_[Ha]": 0.0, "Lav_bolig_[Ha]": 16.338161417058654, "Losseplads_[Ha]": 0.0, "Parkering_[Ha]": 4.9952602320531065, "ÅDT<15000_[Ha]": 8.1329505028997975, "ÅDT>15000_[Ha]": 2.8237174409866586 }, "geometry": { "type": "MultiPolygon", "coordinates": [ [ [ [ 717275.589999999967404, 6179809.96999999973923 ], [ 717277.53000000002794, 6179708.759999999776483 ], [ 717276.699999999953434, 6179704.120000000111759 ], [ 717275.770000000018626, 6179698.950000000186265 ], [ 717276.199999999953434, 6179698.870000000111759 ], [ 717287.439999999944121, 6179697.03000000026077 ], [ 717290.810000000055879, 6179696.599999999627471 ], [ 717300.21999999997206, 6179695.870000000111759 ], [ 717309.650000000023283, 6179695.860000000335276 ], [ 717309.680000000051223, 6179695.860000000335276 ], [ 717319.07999999995809, 6179696.58 ], [ 717326.790000000037253, 6179629.17 ], [ 717327.13, 6179612.009999999776483 ], [ 717323.133000000030734, 6179631.191999999806285 ], [ 717323.12300000002142, 6179631.237999999895692 ], [ 717190.5, 6179709.409 ], [ 717199.199999999953434, 6179721.21 ], [ 717203.38, 6179730.92 ], [ 717206.310000000055879, 6179742.509999999776483 ], [ 717217.680000000051223, 6179797.46 ], [ 717224.089999999967404, 6179829.190000000409782 ], [ 717237.5, 6179829.42 ], [ 717237.949999999953434, 6179809.099999999627471 ], [ 717275.589999999967404, 6179809.96999999973923 ] ] ] ] } },
{ "type": "Feature", "properties": { "fid": 33, "Red_area_P": 55.356, "Bef_area_P": 69.194, "Area_PULS": 119.235, "PULS_Navn": 1101000, "Høj_Bolig_[Ha]": 17.826243173071536, "Ikke_bef_[Ha]": 1.3889721098311485, "Industri_[Ha]": 3.824748555843235, "Kunstgræs_[Ha]": 0.0, "Lav_bolig_[Ha]": 16.338161417058654, "Losseplads_[Ha]": 0.0, "Parkering_[Ha]": 4.9952602320531065, "ÅDT<15000_[Ha]": 8.1329505028997975, "ÅDT>15000_[Ha]": 2.8237174409866586 }, "geometry": { "type": "MultiPolygon", "coordinates": [ [ [ [ 717017.099999999976717, 6179819.679999999701977 ], [ 717009.349999999976717, 6179824.610000000335276 ], [ 717001.300000000046566, 6179829.200000000186265 ], [ 716985.459999999962747, 6179838.360000000335276 ], [ 716969.60999999998603, 6179847.5 ], [ 716960.32999999995809, 6179852.690000000409782 ], [ 716961.560000000055879, 6179859.200000000186265 ], [ 716966.42000000004191, 6179889.519999999552965 ], [ 716968.160000000032596, 6179899.110000000335276 ], [ 716968.32999999995809, 6179900.099999999627471 ], [ 716973.199999999953434, 6179926.929999999701977 ], [ 716975.439999999944121, 6179939.78000000026077 ], [ 716978.21999999997206, 6179955.320000000298023 ], [ 716980.37, 6179967.990000000223517 ], [ 716983.62, 6179987.110000000335276 ], [ 716984.479999999981374, 6179992.179999999701977 ], [ 716987.020000000018626, 6180007.21999999973923 ], [ 716990.400000000023283, 6180027.299999999813735 ], [ 716991.949999999953434, 6180036.46 ], [ 716994.17000000004191, 6180050.440000000409782 ], [ 716994.74, 6180052.389999999664724 ], [ 717052.660000000032596, 6180022.559999999590218 ], [ 717080.10999999998603, 6180006.889999999664724 ], [ 717101.51, 6179994.92 ], [ 717107.366999999969266, 6179991.678999999538064 ], [ 717122.959999999962747, 6179983.049999999813735 ], [ 717155.650999999954365, 6179965.674999999813735 ], [ 717178.520000000018626, 6179953.519999999552965 ], [ 717185.057000000029802, 6179950.765999999828637 ], [ 717185.582000000053085, 6179950.545 ], [ 717200.098, 6179943.193 ], [ 717219.993000000016764, 6179933.11600000038743 ], [ 717235.253999999957159, 6179925.384999999776483 ], [ 717235.246999999973923, 6179925.343999999575317 ], [ 717229.49, 6179893.879999999888241 ], [ 717225.60999999998603, 6179872.410000000149012 ], [ 717222.13, 6179854.759999999776483 ], [ 717218.57999999995809, 6179837.150000000372529 ], [ 717215.060000000055879, 6179819.5 ], [ 717211.540000000037253, 6179801.860000000335276 ], [ 717207.99, 6179784.21999999973923 ], [ 717199.10999999998603, 6179739.660000000149012 ], [ 717196.020000000018626, 6179729.620000000111759 ], [ 717195.189999999944121, 6179726.03000000026077 ], [ 717170.089999999967404, 6179693.339999999850988 ], [ 717160.439999999944121, 6179700.839999999850988 ], [ 717154.209999999962747, 6179703.950000000186265 ], [ 717145.199999999953434, 6179710.53000000026077 ], [ 717131.51, 6179720.519999999552965 ], [ 717116.040000000037253, 6179731.370000000111759 ], [ 717105.53000000002794, 6179738.730000000447035 ], [ 717100.51, 6179742.08 ], [ 717086.0, 6179751.75 ], [ 717070.819999999948777, 6179761.940000000409782 ], [ 717055.900000000023283, 6179772.019999999552965 ], [ 717064.770000000018626, 6179788.620000000111759 ], [ 717047.520000000018626, 6179799.400000000372529 ], [ 717032.430000000051223, 6179809.660000000149012 ], [ 717026.560000000055879, 6179813.509999999776483 ], [ 717017.099999999976717, 6179819.679999999701977 ] ] ] ] } },
{ "type": "Feature", "properties": { "fid": 34, "Red_area_P": 55.356, "Bef_area_P": 69.194, "Area_PULS": 119.235, "PULS_Navn": 1101000, "Høj_Bolig_[Ha]": 17.826243173071536, "Ikke_bef_[Ha]": 1.3889721098311485, "Industri_[Ha]": 3.824748555843235, "Kunstgræs_[Ha]": 0.0, "Lav_bolig_[Ha]": 16.338161417058654, "Losseplads_[Ha]": 0.0, "Parkering_[Ha]": 4.9952602320531065, "ÅDT<15000_[Ha]": 8.1329505028997975, "ÅDT>15000_[Ha]": 2.8237174409866586 }, "geometry": { "type": "MultiPolygon", "coordinates": [ [ [ [ 717319.03000000002794, 6179701.690000000409782 ], [ 717316.32999999995809, 6179714.67 ], [ 717297.569999999948777, 6179790.400000000372529 ], [ 717322.819999999948777, 6179790.849999999627471 ], [ 717346.729999999981374, 6179791.349999999627471 ], [ 717346.839999999967404, 6179791.349999999627471 ], [ 717360.49, 6179791.639999999664724 ], [ 717359.37, 6179853.849999999627471 ], [ 717348.022, 6179860.486999999731779 ], [ 717347.988000000012107, 6179860.507000000216067 ], [ 717345.64000000001397, 6179861.879999999888241 ], [ 717321.229999999981374, 6179876.099999999627471 ], [ 717289.474000000045635, 6179894.600999999791384 ], [ 717289.439999999944121, 6179894.622000000439584 ], [ 717268.88, 6179906.599999999627471 ], [ 717256.689999999944121, 6179913.71 ], [ 717256.547000000020489, 6179913.791000000201166 ], [ 717256.53000000002794, 6179913.799999999813735 ], [ 717256.511999999987893, 6179913.809999999590218 ], [ 717250.290000000037253, 6179917.322999999858439 ], [ 717250.253999999957159, 6179917.343000000342727 ], [ 717242.978, 6179921.450000000186265 ], [ 717242.959999999962747, 6179921.46 ], [ 717242.964000000036322, 6179921.480000000447035 ], [ 717246.709000000031665, 6179940.706000000238419 ], [ 717246.716999999945983, 6179940.745000000111759 ], [ 717244.341000000014901, 6179941.792999999597669 ], [ 717244.297999999951571, 6179941.813 ], [ 717231.87, 6179947.298000000417233 ], [ 717231.77800000004936, 6179947.338999999687076 ], [ 717226.85999999998603, 6179949.509999999776483 ], [ 717226.76300000003539, 6179949.553000000305474 ], [ 717188.059, 6179966.638000000268221 ], [ 717193.63, 6179976.81900000013411 ], [ 717193.648999999975786, 6179976.855000000447035 ], [ 717193.63, 6179976.864 ], [ 717193.62699999997858, 6179976.865000000223517 ], [ 717193.62300000002142, 6179976.86600000038743 ], [ 717193.62, 6179976.86600000038743 ], [ 717193.616000000038184, 6179976.865000000223517 ], [ 717193.613000000012107, 6179976.864 ], [ 717193.60999999998603, 6179976.861999999731779 ], [ 717193.606999999959953, 6179976.860000000335276 ], [ 717197.172000000020489, 6179983.377000000327826 ], [ 717197.73699999996461, 6179984.433000000193715 ], [ 717220.75, 6179972.58 ], [ 717223.680000000051223, 6179971.03000000026077 ], [ 717232.560000000055879, 6179966.309999999590218 ], [ 717240.964999999967404, 6179961.765999999828637 ], [ 717241.307999999960884, 6179961.581000000238419 ], [ 717241.790000000037253, 6179961.320000000298023 ], [ 717241.799, 6179961.292999999597669 ], [ 717242.449999999953434, 6179959.389999999664724 ], [ 717243.535000000032596, 6179960.434999999590218 ], [ 717243.550000000046566, 6179960.450000000186265 ], [ 717243.567999999970198, 6179960.440999999642372 ], [ 717255.36199999996461, 6179954.25899999961257 ], [ 717255.38, 6179954.25 ], [ 717255.398999999975786, 6179954.254999999888241 ], [ 717266.128000000026077, 6179957.083999999798834 ], [ 717266.150000000023283, 6179957.089999999850988 ], [ 717266.160000000032596, 6179957.106999999843538 ], [ 717268.086000000010245, 6179960.455 ], [ 717268.143999999971129, 6179960.554999999701977 ], [ 717269.24, 6179962.46 ], [ 717270.300000000046566, 6179972.389999999664724 ], [ 717264.01, 6179993.08 ], [ 717264.38, 6179993.200000000186265 ], [ 717269.792000000015832, 6179994.964999999850988 ], [ 717284.209999999962747, 6179999.660000000149012 ], [ 717291.800000000046566, 6180002.129999999888241 ], [ 717342.060000000055879, 6180018.509999999776483 ], [ 717348.89000000001397, 6180020.730000000447035 ], [ 717361.680000000051223, 6180024.900000000372529 ], [ 717374.28000000002794, 6180029.009999999776483 ], [ 717387.020000000018626, 6180033.160000000149012 ], [ 717399.64000000001397, 6180037.28000000026077 ], [ 717412.439999999944121, 6180041.450000000186265 ], [ 717425.099999999976717, 6180045.58 ], [ 717437.82999999995809, 6180049.730000000447035 ], [ 717443.790000000037253, 6180051.67 ], [ 717456.51, 6180056.25 ], [ 717469.569999999948777, 6180061.099999999627471 ], [ 717472.59699999995064, 6180062.316999999806285 ], [ 717474.459999999962747, 6180063.019999999552965 ], [ 717477.071, 6180064.11600000038743 ], [ 717482.5, 6180066.299999999813735 ], [ 717489.294, 6180069.251000000163913 ], [ 717492.150000000023283, 6180070.450000000186265 ], [ 717493.442000000039116, 6180071.052000000141561 ], [ 717495.28000000002794, 6180071.849999999627471 ], [ 717507.900000000023283, 6180077.75 ], [ 717508.25199999997858, 6180077.950000000186265 ], [ 717509.540000000037253, 6180078.549999999813735 ], [ 717526.62, 6180087.29 ], [ 717543.349999999976717, 6180096.67 ], [ 717559.729999999981374, 6180106.67 ], [ 717575.709999999962747, 6180117.28000000026077 ], [ 717591.290000000037253, 6180128.480000000447035 ], [ 717606.439999999944121, 6180140.25 ], [ 717621.13, 6180152.589999999850988 ], [ 717635.349999999976717, 6180165.46 ], [ 717649.07999999995809, 6180178.870000000111759 ], [ 717662.290000000037253, 6180192.78000000026077 ], [ 717672.689999999944121, 6180204.5 ], [ 717681.400000000023283, 6180214.900000000372529 ], [ 717698.089999999967404, 6180235.360000000335276 ], [ 717699.01, 6180232.429999999701977 ], [ 717699.079000000027008, 6180232.434000000357628 ], [ 717699.07999999995809, 6180232.429999999701977 ], [ 717725.78000000002794, 6180233.929999999701977 ], [ 717737.03000000002794, 6180234.559999999590218 ], [ 717916.589999999967404, 6180244.639999999664724 ], [ 717964.439999999944121, 6180247.320000000298023 ], [ 717985.71999999997206, 6180248.519999999552965 ], [ 718010.63, 6180249.820000000298023 ], [ 718116.24, 6180255.360000000335276 ], [ 718130.35999999998603, 6180279.549999999813735 ], [ 718137.42000000004191, 6180291.67 ], [ 718142.550000000046566, 6180299.339999999850988 ], [ 718212.680000000051223, 6180195.03000000026077 ], [ 718171.069999999948777, 6180172.730000000447035 ], [ 718120.87, 6180165.660000000149012 ], [ 718091.60999999998603, 6180128.5 ], [ 718024.520000000018626, 6180092.240000000223517 ], [ 717987.78000000002794, 6180109.740000000223517 ], [ 717962.359000000054948, 6180122.46100000012666 ], [ 717962.339999999967404, 6180122.46999999973923 ], [ 717962.322000000043772, 6180122.479000000283122 ], [ 717962.322000000043772, 6180122.478000000119209 ], [ 717962.319999999948777, 6180122.474000000394881 ], [ 717947.319000000017695, 6180044.441999999806285 ], [ 717947.310999999986961, 6180044.401999999769032 ], [ 717939.922999999951571, 6180005.971 ], [ 717939.957000000053085, 6180005.937 ], [ 717937.300000000046566, 6179992.114 ], [ 717937.299, 6179992.117999999783933 ], [ 717937.297999999951571, 6179992.121000000275671 ], [ 717937.295999999972992, 6179992.123999999836087 ], [ 717937.294, 6179992.126000000163913 ], [ 717937.292000000015832, 6179992.128999999724329 ], [ 717937.288999999989755, 6179992.129999999888241 ], [ 717937.285999999963678, 6179992.132000000216067 ], [ 717937.282, 6179992.13300000037998 ], [ 717937.26300000003539, 6179992.134999999776483 ], [ 717917.532, 6179995.093000000342727 ], [ 717922.888999999966472, 6180022.877000000327826 ], [ 717922.854999999981374, 6180022.910000000149012 ], [ 717927.621999999973923, 6180047.629999999888241 ], [ 717927.62300000002142, 6180047.626000000163913 ], [ 717927.625, 6180047.622999999672174 ], [ 717927.62699999997858, 6180047.620000000111759 ], [ 717927.628999999957159, 6180047.617999999783933 ], [ 717927.631999999983236, 6180047.61600000038743 ], [ 717927.635, 6180047.615000000223517 ], [ 717927.638999999966472, 6180047.614 ], [ 717927.658000000054017, 6180047.610000000335276 ], [ 717927.665999999968335, 6180047.650000000372529 ], [ 717927.645000000018626, 6180047.653 ], [ 717927.642, 6180047.653 ], [ 717927.638999999966472, 6180047.653 ], [ 717927.635, 6180047.651999999769032 ], [ 717927.631999999983236, 6180047.650999999605119 ], [ 717927.628999999957159, 6180047.649000000208616 ], [ 717927.62699999997858, 6180047.645999999716878 ], [ 717927.623999999952503, 6180047.643000000156462 ], [ 717942.777, 6180126.237999999895692 ], [ 717861.077999999979511, 6180084.248999999836087 ], [ 717861.060000000055879, 6180084.240000000223517 ], [ 717861.040999999968335, 6180084.230999999679625 ], [ 717804.63, 6180056.910000000149012 ], [ 717773.199999999953434, 6180042.429999999701977 ], [ 717770.392, 6180041.17200000025332 ], [ 717770.354999999981374, 6180041.15500000026077 ], [ 717720.699999999953434, 6180018.910000000149012 ], [ 717705.300000000046566, 6180013.929999999701977 ], [ 717704.189999999944121, 6180017.78000000026077 ], [ 717690.790000000037253, 6180013.417000000365078 ], [ 717690.75199999997858, 6180013.404 ], [ 717679.959999999962747, 6180009.889999999664724 ], [ 717674.12, 6179999.990000000223517 ], [ 717670.868000000016764, 6179994.468999999575317 ], [ 717670.848, 6179994.434000000357628 ], [ 717665.17000000004191, 6179984.79 ], [ 717670.849000000045635, 6179994.434000000357628 ], [ 717674.466000000014901, 6179992.690999999642372 ], [ 717669.21999999997206, 6179983.79 ], [ 717669.719000000040978, 6179973.075000000186265 ], [ 717669.721000000019558, 6179973.034 ], [ 717659.378000000026077, 6179968.310999999754131 ], [ 717659.37300000002142, 6179968.309999999590218 ], [ 717659.37, 6179968.309999999590218 ], [ 717659.366999999969266, 6179968.309999999590218 ], [ 717659.363999999943189, 6179968.310999999754131 ], [ 717659.35999999998603, 6179968.313 ], [ 717656.729999999981374, 6179963.78000000026077 ], [ 717659.310000000055879, 6179962.29 ], [ 717656.67000000004191, 6179957.71999999973923 ], [ 717659.63, 6179956.009999999776483 ], [ 717657.0, 6179951.46 ], [ 717659.503000000026077, 6179950.019999999552965 ], [ 717659.520000000018626, 6179950.009999999776483 ], [ 717659.51, 6179949.992999999783933 ], [ 717659.51300000003539, 6179949.99100000038743 ], [ 717659.517, 6179949.990000000223517 ], [ 717659.520000000018626, 6179949.990000000223517 ], [ 717659.523999999975786, 6179949.990000000223517 ], [ 717659.527, 6179949.99100000038743 ], [ 717670.587999999988824, 6179954.412999999709427 ], [ 717671.42000000004191, 6179936.559999999590218 ], [ 717673.718, 6179930.216 ], [ 717673.731999999959953, 6179930.178999999538064 ], [ 717680.294, 6179912.065999999642372 ], [ 717680.307000000029802, 6179912.028 ], [ 717695.952999999979511, 6179868.841 ], [ 717695.959999999962747, 6179868.820000000298023 ], [ 717695.946, 6179868.801 ], [ 717686.077000000048429, 6179869.650000000372529 ], [ 717686.074000000022352, 6179869.650999999605119 ], [ 717686.071, 6179869.651999999769032 ], [ 717686.069000000017695, 6179869.654 ], [ 717681.439999999944121, 6179862.950000000186265 ], [ 717678.449999999953434, 6179858.610000000335276 ], [ 717675.459999999962747, 6179854.28000000026077 ], [ 717672.46999999997206, 6179849.950000000186265 ], [ 717669.479999999981374, 6179845.610000000335276 ], [ 717666.300000000046566, 6179841.009999999776483 ], [ 717663.680000000051223, 6179837.21999999973923 ], [ 717658.76, 6179830.089999999850988 ], [ 717653.267, 6179833.877999999560416 ], [ 717652.359000000054948, 6179831.572999999858439 ], [ 717652.356999999959953, 6179831.570000000298023 ], [ 717652.354999999981374, 6179831.566999999806285 ], [ 717652.353, 6179831.565000000409782 ], [ 717652.349999999976717, 6179831.563 ], [ 717652.34699999995064, 6179831.560999999754131 ], [ 717652.343, 6179831.559999999590218 ], [ 717652.339999999967404, 6179831.559999999590218 ], [ 717652.337000000057742, 6179831.559999999590218 ], [ 717652.334000000031665, 6179831.560999999754131 ], [ 717652.32999999995809, 6179831.563 ], [ 717652.339999999967404, 6179831.58 ], [ 717652.329000000027008, 6179831.563 ], [ 717643.069999999948777, 6179815.566999999806285 ], [ 717643.060000000055879, 6179815.549999999813735 ], [ 717643.037000000011176, 6179815.563 ], [ 717640.87300000002142, 6179814.838999999687076 ], [ 717640.87, 6179814.838000000454485 ], [ 717640.868000000016764, 6179814.83600000012666 ], [ 717640.865, 6179814.832999999634922 ], [ 717640.863000000012107, 6179814.83 ], [ 717640.86199999996461, 6179814.829 ], [ 717640.88, 6179814.820000000298023 ], [ 717640.868999999947846, 6179814.803000000305474 ], [ 717636.680000000051223, 6179807.599999999627471 ], [ 717635.900000000023283, 6179808.049999999813735 ], [ 717633.268999999971129, 6179803.518000000156462 ], [ 717633.26, 6179803.5 ], [ 717633.270000000018626, 6179803.517 ], [ 717633.273999999975786, 6179803.514999999664724 ], [ 717641.270999999949709, 6179795.570000000298023 ], [ 717641.241999999969266, 6179795.542000000365078 ], [ 717597.96999999997206, 6179755.759999999776483 ], [ 717602.709999999962747, 6179747.25 ], [ 717632.501000000047497, 6179729.934000000357628 ], [ 717632.535999999963678, 6179729.91399999987334 ], [ 717622.101999999955297, 6179706.946999999694526 ], [ 717622.067000000039116, 6179706.967000000178814 ], [ 717590.13, 6179725.53000000026077 ], [ 717581.300000000046566, 6179724.929999999701977 ], [ 717544.601000000024214, 6179746.264000000432134 ], [ 717544.566, 6179746.284 ], [ 717518.770000000018626, 6179761.28000000026077 ], [ 717505.51, 6179750.059999999590218 ], [ 717498.92000000004191, 6179704.53000000026077 ], [ 717506.63, 6179704.320000000298023 ], [ 717506.459999999962747, 6179699.53000000026077 ], [ 717519.71999999997206, 6179697.700000000186265 ], [ 717531.699999999953434, 6179651.190000000409782 ], [ 717494.949999999953434, 6179600.75 ], [ 717463.12, 6179563.29 ], [ 717465.508999999961816, 6179621.843000000342727 ], [ 717417.848, 6179623.224000000394881 ], [ 717417.807999999960884, 6179623.224999999627471 ], [ 717417.807000000029802, 6179623.244 ], [ 717417.807000000029802, 6179623.247999999672174 ], [ 717417.807999999960884, 6179623.251000000163913 ], [ 717417.809, 6179623.253999999724329 ], [ 717417.810999999986961, 6179623.257000000216067 ], [ 717417.812999999965541, 6179623.25899999961257 ], [ 717417.816, 6179623.262000000104308 ], [ 717417.819000000017695, 6179623.263000000268221 ], [ 717417.822000000043772, 6179623.264999999664724 ], [ 717393.60999999998603, 6179623.967000000178814 ], [ 717393.547000000020489, 6179624.684000000357628 ], [ 717393.545999999972992, 6179624.679999999701977 ], [ 717393.544, 6179624.677000000141561 ], [ 717393.542000000015832, 6179624.673999999649823 ], [ 717393.540000000037253, 6179624.67200000025332 ], [ 717393.537000000011176, 6179624.67 ], [ 717393.533999999985099, 6179624.667999999597669 ], [ 717393.530999999959022, 6179624.667000000365078 ], [ 717393.527, 6179624.667000000365078 ], [ 717393.508000000030734, 6179624.667000000365078 ], [ 717335.305999999982305, 6179623.458999999798834 ], [ 717335.297999999951571, 6179623.497999999672174 ], [ 717327.85999999998603, 6179659.25 ], [ 717320.069999999948777, 6179696.690000000409782 ], [ 717320.060000000055879, 6179696.75 ], [ 717319.03000000002794, 6179701.690000000409782 ] ] ] ] } },
{ "type": "Feature", "properties": { "fid": 35, "Red_area_P": 55.356, "Bef_area_P": 69.194, "Area_PULS": 119.235, "PULS_Navn": 1101000, "Høj_Bolig_[Ha]": 17.826243173071536, "Ikke_bef_[Ha]": 1.3889721098311485, "Industri_[Ha]": 3.824748555843235, "Kunstgræs_[Ha]": 0.0, "Lav_bolig_[Ha]": 16.338161417058654, "Losseplads_[Ha]": 0.0, "Parkering_[Ha]": 4.9952602320531065, "ÅDT<15000_[Ha]": 8.1329505028997975, "ÅDT>15000_[Ha]": 2.8237174409866586 }, "geometry": { "type": "MultiPolygon", "coordinates": [ [ [ [ 717131.35999999998603, 6180130.809999999590218 ], [ 717174.535000000032596, 6180154.138000000268221 ], [ 717177.290000000037253, 6180146.46999999973923 ], [ 717181.74, 6180135.78899999987334 ], [ 717182.819999999948777, 6180132.929999999701977 ], [ 717186.400000000023283, 6180123.58 ], [ 717190.400000000023283, 6180112.53000000026077 ], [ 717192.699999999953434, 6180106.21 ], [ 717195.839999999967404, 6180097.78000000026077 ], [ 717196.439999999944121, 6180095.96999999973923 ], [ 717202.270000000018626, 6180078.29 ], [ 717208.050000000046566, 6180060.940000000409782 ], [ 717208.46999999997206, 6180059.660000000149012 ], [ 717213.310000000055879, 6180043.980000000447035 ], [ 717168.650000000023283, 6180029.900000000372529 ], [ 717174.589999999967404, 6180010.429999999701977 ], [ 717176.339999999967404, 6180005.0 ], [ 717194.53000000002794, 6179995.96 ], [ 717196.050000000046566, 6179985.29 ], [ 717172.39000000001397, 6179996.809999999590218 ], [ 717146.790000000037253, 6180010.179999999701977 ], [ 717124.17000000004191, 6180022.099999999627471 ], [ 717108.680000000051223, 6180030.269999999552965 ], [ 717101.680000000051223, 6180033.980000000447035 ], [ 717081.349999999976717, 6180044.900000000372529 ], [ 717063.560000000055879, 6180054.660000000149012 ], [ 717047.0, 6180063.92 ], [ 717028.87, 6180074.240000000223517 ], [ 717024.599999999976717, 6180076.700000000186265 ], [ 717004.660000000032596, 6180090.08 ], [ 717009.03000000002794, 6180098.370000000111759 ], [ 717014.660000000032596, 6180107.71999999973923 ], [ 717016.60999999998603, 6180122.610000000335276 ], [ 717025.99, 6180117.58 ], [ 717041.410000000032596, 6180109.259999999776483 ], [ 717046.42000000004191, 6180106.549999999813735 ], [ 717058.25, 6180100.160000000149012 ], [ 717064.229999999981374, 6180096.92 ], [ 717075.82999999995809, 6180090.660000000149012 ], [ 717081.319999999948777, 6180087.700000000186265 ], [ 717093.5, 6180081.120000000111759 ], [ 717115.569999999948777, 6180115.860000000335276 ], [ 717114.979999999981374, 6180116.231999999843538 ], [ 717112.689000000013039, 6180117.677000000141561 ], [ 717125.594000000040978, 6180141.28899999987334 ], [ 717131.35999999998603, 6180130.809999999590218 ] ] ] ] } },
{ "type": "Feature", "properties": { "fid": 36, "Red_area_P": 0.878, "Bef_area_P": 1.098, "Area_PULS": 1.35, "PULS_Navn": 1103500, "Høj_Bolig_[Ha]": 0.0, "Ikke_bef_[Ha]": 0.0067835881133278975, "Industri_[Ha]": 0.099459686704397629, "Kunstgræs_[Ha]": 0.0, "Lav_bolig_[Ha]": 0.36897598559594003, "Losseplads_[Ha]": 0.0, "Parkering_[Ha]": 0.0, "ÅDT<15000_[Ha]": 0.0011203694885843368, "ÅDT>15000_[Ha]": 0.40159987897036142 }, "geometry": { "type": "MultiPolygon", "coordinates": [ [ [ [ 717231.77800000004936, 6179947.338999999687076 ], [ 717231.87, 6179947.298000000417233 ], [ 717244.297999999951571, 6179941.813 ], [ 717244.341000000014901, 6179941.792999999597669 ], [ 717246.716999999945983, 6179940.745000000111759 ], [ 717246.709000000031665, 6179940.706000000238419 ], [ 717242.964000000036322, 6179921.480000000447035 ], [ 717242.959999999962747, 6179921.46 ], [ 717242.229000000050291, 6179921.853000000119209 ], [ 717235.253999999957159, 6179925.384999999776483 ], [ 717219.993000000016764, 6179933.11600000038743 ], [ 717200.098, 6179943.193 ], [ 717185.582000000053085, 6179950.545 ], [ 717185.057000000029802, 6179950.765999999828637 ], [ 717178.520000000018626, 6179953.519999999552965 ], [ 717155.650999999954365, 6179965.674999999813735 ], [ 717122.959999999962747, 6179983.049999999813735 ], [ 717107.366999999969266, 6179991.678999999538064 ], [ 717101.51, 6179994.92 ], [ 717080.10999999998603, 6180006.889999999664724 ], [ 717052.660000000032596, 6180022.559999999590218 ], [ 716994.74, 6180052.389999999664724 ], [ 716992.67000000004191, 6180053.429999999701977 ], [ 716998.51, 6180094.660000000149012 ], [ 717003.46999999997206, 6180091.339999999850988 ], [ 717004.660000000032596, 6180090.08 ], [ 717024.599999999976717, 6180076.700000000186265 ], [ 717028.87, 6180074.240000000223517 ], [ 717047.0, 6180063.92 ], [ 717063.560000000055879, 6180054.660000000149012 ], [ 717081.349999999976717, 6180044.900000000372529 ], [ 717101.680000000051223, 6180033.980000000447035 ], [ 717108.680000000051223, 6180030.269999999552965 ], [ 717124.17000000004191, 6180022.099999999627471 ], [ 717146.790000000037253, 6180010.179999999701977 ], [ 717172.39000000001397, 6179996.809999999590218 ], [ 717196.050000000046566, 6179985.29 ], [ 717196.82999999995809, 6179984.900000000372529 ], [ 717197.73699999996461, 6179984.433000000193715 ], [ 717197.172000000020489, 6179983.377000000327826 ], [ 717193.606999999959953, 6179976.860000000335276 ], [ 717193.60999999998603, 6179976.861999999731779 ], [ 717193.613000000012107, 6179976.864 ], [ 717193.616000000038184, 6179976.865000000223517 ], [ 717193.62, 6179976.86600000038743 ], [ 717193.62300000002142, 6179976.86600000038743 ], [ 717193.62699999997858, 6179976.865000000223517 ], [ 717193.63, 6179976.864 ], [ 717193.648999999975786, 6179976.855000000447035 ], [ 717193.63, 6179976.81900000013411 ], [ 717188.059, 6179966.638000000268221 ], [ 717226.76300000003539, 6179949.553000000305474 ], [ 717226.85999999998603, 6179949.509999999776483 ], [ 717231.77800000004936, 6179947.338999999687076 ] ] ] ] } },
{ "type": "Feature", "properties": { "fid": 37, "Red_area_P": 0.878, "Bef_area_P": 1.098, "Area_PULS": 1.35, "PULS_Navn": 1103500, "Høj_Bolig_[Ha]": 0.0, "Ikke_bef_[Ha]": 0.0067835881133278975, "Industri_[Ha]": 0.099459686704397629, "Kunstgræs_[Ha]": 0.0, "Lav_bolig_[Ha]": 0.36897598559594003, "Losseplads_[Ha]": 0.0, "Parkering_[Ha]": 0.0, "ÅDT<15000_[Ha]": 0.0011203694885843368, "ÅDT>15000_[Ha]": 0.40159987897036142 }, "geometry": { "type": "MultiPolygon", "coordinates": [ [ [ [ 716899.498999999952503, 6180110.615000000223517 ], [ 716892.270000000018626, 6180115.150000000372529 ], [ 716868.819999999948777, 6180130.570000000298023 ], [ 716866.640999999945052, 6180132.049999999813735 ], [ 716858.21999999997206, 6180137.769999999552965 ], [ 716833.35999999998603, 6180154.610000000335276 ], [ 716832.979999999981374, 6180154.08 ], [ 716831.46999999997206, 6180155.08 ], [ 716831.849999999976717, 6180155.610000000335276 ], [ 716826.51500000001397, 6180159.208999999798834 ], [ 716802.75, 6180175.240000000223517 ], [ 716779.17000000004191, 6180194.339999999850988 ], [ 716777.777, 6180195.473000000230968 ], [ 716772.040000000037253, 6180200.139999999664724 ], [ 716747.459000000031665, 6180216.773 ], [ 716756.444000000017695, 6180230.394999999552965 ], [ 716788.125, 6180209.370000000111759 ], [ 716828.212000000057742, 6180182.765999999828637 ], [ 716837.49800000002142, 6180176.598000000230968 ], [ 716840.662000000011176, 6180174.496000000275671 ], [ 716873.888999999966472, 6180152.423000000417233 ], [ 716891.729999999981374, 6180140.571999999694526 ], [ 716904.64000000001397, 6180131.361999999731779 ], [ 716908.636000000056811, 6180128.512000000104308 ], [ 716925.758000000030734, 6180116.298999999649823 ], [ 716953.02800000004936, 6180098.45299999974668 ], [ 716950.28000000002794, 6180078.990000000223517 ], [ 716933.020000000018626, 6180089.429999999701977 ], [ 716910.87, 6180103.480000000447035 ], [ 716899.498999999952503, 6180110.615000000223517 ] ] ] ] } },
{ "type": "Feature", "properties": { "fid": 38, "Red_area_P": 4.618, "Bef_area_P": 5.773, "Area_PULS": 13.576, "PULS_Navn": 1105000, "Høj_Bolig_[Ha]": 0.0073936213267471488, "Ikke_bef_[Ha]": 0.033217562977990882, "Industri_[Ha]": 0.0, "Kunstgræs_[Ha]": 0.0, "Lav_bolig_[Ha]": 3.9036515446871256, "Losseplads_[Ha]": 0.0, "Parkering_[Ha]": 0.00097346740912047805, "ÅDT<15000_[Ha]": 0.66908594516421038, "ÅDT>15000_[Ha]": 0.001502747286716158 }, "geometry": { "type": "MultiPolygon", "coordinates": [ [ [ [ 716622.459999999962747, 6180343.03000000026077 ], [ 716622.300999999977648, 6180343.119 ], [ 716594.46999999997206, 6180358.71 ], [ 716613.040000000037253, 6180368.379999999888241 ], [ 716613.287000000011176, 6180380.831000000238419 ], [ 716614.047999999951571, 6180419.235999999567866 ], [ 716614.079000000027008, 6180419.218000000342727 ], [ 716593.020000000018626, 6180431.576000000350177 ], [ 716572.64000000001397, 6180443.535000000149012 ], [ 716556.074999999953434, 6180453.253999999724329 ], [ 716556.104000000050291, 6180453.304999999701977 ], [ 716536.49, 6180464.799999999813735 ], [ 716516.439999999944121, 6180476.589999999850988 ], [ 716498.160000000032596, 6180487.33 ], [ 716496.300000000046566, 6180488.42 ], [ 716479.25, 6180498.440000000409782 ], [ 716476.040000000037253, 6180500.33 ], [ 716475.591999999945983, 6180500.593000000342727 ], [ 716475.547999999951571, 6180500.515999999828637 ], [ 716459.419, 6180509.987999999895692 ], [ 716443.397, 6180519.489 ], [ 716453.020000000018626, 6180536.54 ], [ 716427.650000000023283, 6180551.46 ], [ 716437.099999999976717, 6180567.769999999552965 ], [ 716407.42000000004191, 6180585.309999999590218 ], [ 716408.540000000037253, 6180586.389999999664724 ], [ 716409.46999999997206, 6180587.629999999888241 ], [ 716410.189999999944121, 6180589.0 ], [ 716465.26, 6180584.410000000149012 ], [ 716465.290000000037253, 6180586.92 ], [ 716410.87, 6180591.450000000186265 ], [ 716410.99, 6180593.230000000447035 ], [ 716410.78000000002794, 6180595.0 ], [ 716410.26, 6180596.700000000186265 ], [ 716409.439999999944121, 6180598.29 ], [ 716408.349999999976717, 6180599.700000000186265 ], [ 716407.020000000018626, 6180600.879999999888241 ], [ 716405.49, 6180601.809999999590218 ], [ 716403.82999999995809, 6180602.450000000186265 ], [ 716402.07999999995809, 6180602.78000000026077 ], [ 716401.87, 6180607.820000000298023 ], [ 716425.24, 6180607.610000000335276 ], [ 716425.540000000037253, 6180625.849999999627471 ], [ 716430.189999999944121, 6180625.809999999590218 ], [ 716430.35999999998603, 6180646.120000000111759 ], [ 716446.319999999948777, 6180645.980000000447035 ], [ 716445.0, 6180681.360000000335276 ], [ 716464.410000000032596, 6180682.08 ], [ 716466.300000000046566, 6180680.320000000298023 ], [ 716466.233, 6180674.564000000245869 ], [ 716476.283000000054017, 6180675.031999999657273 ], [ 716476.189999999944121, 6180666.099999999627471 ], [ 716524.24, 6180665.54 ], [ 716525.01, 6180665.53000000026077 ], [ 716524.62, 6180645.46 ], [ 716543.209999999962747, 6180645.240000000223517 ], [ 716543.270000000018626, 6180649.490000000223517 ], [ 716563.849999999976717, 6180648.990000000223517 ], [ 716582.75, 6180648.54 ], [ 716583.209999999962747, 6180667.360000000335276 ], [ 716619.12, 6180666.46999999973923 ], [ 716619.474000000045635, 6180683.536000000312924 ], [ 716629.430000000051223, 6180683.429999999701977 ], [ 716661.729999999981374, 6180682.620000000111759 ], [ 716672.729999999981374, 6180682.339999999850988 ], [ 716679.979999999981374, 6180682.150000000372529 ], [ 716685.21999999997206, 6180682.019999999552965 ], [ 716690.459999999962747, 6180681.889999999664724 ], [ 716691.699999999953434, 6180681.860000000335276 ], [ 716691.699999999953434, 6180681.855999999679625 ], [ 716691.697999999974854, 6180681.855999999679625 ], [ 716709.157, 6180681.335 ], [ 716727.562000000034459, 6180680.786000000312924 ], [ 716732.88, 6180680.627000000327826 ], [ 716737.996999999973923, 6180680.474000000394881 ], [ 716754.969000000040978, 6180679.968000000342727 ], [ 716754.969025413738564, 6180679.922245268709958 ], [ 716754.96999999997206, 6180679.96999999973923 ], [ 716755.10999999998603, 6180687.099999999627471 ], [ 716755.38, 6180700.79 ], [ 716755.128999999957159, 6180706.519999999552965 ], [ 716765.111000000033528, 6180706.588000000454485 ], [ 716765.310000000055879, 6180700.410000000149012 ], [ 716765.28000000002794, 6180699.009999999776483 ], [ 716765.0, 6180684.360000000335276 ], [ 716764.699999999953434, 6180669.179999999701977 ], [ 716764.525999999954365, 6180660.423000000417233 ], [ 716764.37, 6180652.53000000026077 ], [ 716800.400000000023283, 6180651.629999999888241 ], [ 716815.37, 6180651.259999999776483 ], [ 716836.699999999953434, 6180650.730000000447035 ], [ 716837.849999999976717, 6180650.71999999973923 ], [ 716856.589999999967404, 6180650.450000000186265 ], [ 716864.660000000032596, 6180650.339999999850988 ], [ 716876.57999999995809, 6180650.17 ], [ 716894.900000000023283, 6180649.910000000149012 ], [ 716898.57999999995809, 6180642.21999999973923 ], [ 716907.76, 6180626.400000000372529 ], [ 716909.34499999997206, 6180623.271999999880791 ], [ 716918.596000000019558, 6180605.015999999828637 ], [ 716919.322999999974854, 6180605.377999999560416 ], [ 716931.964999999967404, 6180581.497999999672174 ], [ 716943.419, 6180559.864 ], [ 716946.395999999949709, 6180554.24199999962002 ], [ 716953.072000000043772, 6180542.059000000357628 ], [ 716951.299, 6180542.029 ], [ 716958.887772349757142, 6180528.404408714734018 ], [ 716960.456, 6180528.582000000402331 ], [ 716969.216000000014901, 6180512.593999999575317 ], [ 716990.934, 6180471.394999999552965 ], [ 716990.301226216019131, 6180471.291847142390907 ], [ 716990.697000000043772, 6180471.355999999679625 ], [ 716995.353, 6180463.416000000201166 ], [ 716995.319999999948777, 6180461.929999999701977 ], [ 716995.199999999953434, 6180456.179999999701977 ], [ 716994.60999999998603, 6180456.190000000409782 ], [ 716993.405999999959022, 6180435.745000000111759 ], [ 716992.76, 6180424.78000000026077 ], [ 716989.885, 6180396.454 ], [ 716986.310000000055879, 6180361.233 ], [ 716981.626000000047497, 6180361.233 ], [ 716984.42000000004191, 6180390.269999999552965 ], [ 716984.756000000052154, 6180396.193 ], [ 716984.810000000055879, 6180397.150000000372529 ], [ 716983.53000000002794, 6180397.150000000372529 ], [ 716968.310000000055879, 6180394.71999999973923 ], [ 716960.680000000051223, 6180393.53000000026077 ], [ 716949.689999999944121, 6180391.820000000298023 ], [ 716943.310000000055879, 6180390.79 ], [ 716931.14000000001397, 6180388.83 ], [ 716925.495, 6180387.729000000283122 ], [ 716925.207999999984168, 6180387.673000000417233 ], [ 716912.354999999981374, 6180385.545 ], [ 716907.937000000034459, 6180384.813 ], [ 716907.92000000004191, 6180384.929999999701977 ], [ 716894.270000000018626, 6180382.650000000372529 ], [ 716880.12, 6180380.33 ], [ 716862.35999999998603, 6180377.389999999664724 ], [ 716857.099999999976717, 6180376.519999999552965 ], [ 716844.599999999976717, 6180374.46 ], [ 716838.57999999995809, 6180373.46999999973923 ], [ 716838.563053041114472, 6180373.572678633034229 ], [ 716826.836000000010245, 6180371.637000000104308 ], [ 716820.12, 6180370.471 ], [ 716809.091000000014901, 6180368.667999999597669 ], [ 716801.662000000011176, 6180367.454 ], [ 716791.334000000031665, 6180365.765999999828637 ], [ 716801.511999999987893, 6180367.428999999538064 ], [ 716801.520000000018626, 6180367.379999999888241 ], [ 716791.339999999967404, 6180365.700000000186265 ], [ 716783.07999999995809, 6180364.339999999850988 ], [ 716773.589999999967404, 6180362.78000000026077 ], [ 716764.35999999998603, 6180361.259999999776483 ], [ 716764.359000000054948, 6180361.263000000268221 ], [ 716755.837999999988824, 6180359.861999999731779 ], [ 716746.172999999951571, 6180358.86699999962002 ], [ 716737.54500000004191, 6180357.400999999605119 ], [ 716719.797000000020489, 6180354.384999999776483 ], [ 716719.603, 6180354.352 ], [ 716715.505, 6180376.13399999961257 ], [ 716715.067999999970198, 6180378.46999999973923 ], [ 716686.334000000031665, 6180373.326999999582767 ], [ 716686.32999999995809, 6180373.33 ], [ 716689.60999999998603, 6180353.839999999850988 ], [ 716676.75, 6180359.820000000298023 ], [ 716668.560000000055879, 6180366.29 ], [ 716667.839999999967404, 6180370.549999999813735 ], [ 716622.76, 6180371.509999999776483 ], [ 716622.459999999962747, 6180343.03000000026077 ] ] ] ] } },
{ "type": "Feature", "properties": { "fid": 39, "Red_area_P": 0.623, "Bef_area_P": 0.779, "Area_PULS": 1.832, "PULS_Navn": 6711000, "Høj_Bolig_[Ha]": 0.0034609153406437768, "Ikke_bef_[Ha]": 0.059933243786355631, "Industri_[Ha]": 0.0, "Kunstgræs_[Ha]": 0.0, "Lav_bolig_[Ha]": 0.4701713517475592, "Losseplads_[Ha]": 0.0, "Parkering_[Ha]": 0.055249205025955733, "ÅDT<15000_[Ha]": 0.034244828398235616, "ÅDT>15000_[Ha]": 0.0 }, "geometry": { "type": "MultiPolygon", "coordinates": [ [ [ [ 715240.341999999945983, 6182902.70299999974668 ], [ 715205.062999999965541, 6182893.609000000171363 ], [ 715188.270000000018626, 6182889.28000000026077 ], [ 715183.75, 6182908.179999999701977 ], [ 715179.39000000001397, 6182925.759999999776483 ], [ 715175.069999999948777, 6182943.360000000335276 ], [ 715170.979999999981374, 6182960.92 ], [ 715166.550000000046566, 6182979.849999999627471 ], [ 715166.290000000037253, 6182980.929999999701977 ], [ 715208.523999999975786, 6182985.487999999895692 ], [ 715248.75, 6182989.83 ], [ 715252.707999999984168, 6182990.150999999605119 ], [ 715275.550000000046566, 6182992.0 ], [ 715295.491999999969266, 6182993.611999999731779 ], [ 715331.479999999981374, 6182996.519999999552965 ], [ 715334.430000000051223, 6182996.752999999560416 ], [ 715334.900000000023283, 6182996.79 ], [ 715395.395999999949709, 6183001.67 ], [ 715414.10999999998603, 6183003.179999999701977 ], [ 715416.07999999995809, 6183003.33 ], [ 715428.38, 6182958.799999999813735 ], [ 715429.479999999981374, 6182954.929999999701977 ], [ 715409.636000000056811, 6182949.017 ], [ 715386.189999999944121, 6182942.03000000026077 ], [ 715367.645999999949709, 6182937.159 ], [ 715352.5, 6182933.179999999701977 ], [ 715334.900000000023283, 6182928.480000000447035 ], [ 715330.258000000030734, 6182927.454 ], [ 715322.180000000051223, 6182925.67 ], [ 715301.209999999962747, 6182919.529 ], [ 715288.506999999983236, 6182915.809000000357628 ], [ 715268.810000000055879, 6182910.04 ], [ 715267.099999999976717, 6182909.599999999627471 ], [ 715240.341999999945983, 6182902.70299999974668 ] ] ] ] } },
{ "type": "Feature", "properties": { "fid": 40, "Red_area_P": 1.676, "Bef_area_P": 2.095, "Area_PULS": 5.824, "PULS_Navn": 5699000, "Høj_Bolig_[Ha]": 0.0, "Ikke_bef_[Ha]": 0.50678175246156643, "Industri_[Ha]": 0.18111603229131318, "Kunstgræs_[Ha]": 0.0, "Lav_bolig_[Ha]": 0.35747165775963174, "Losseplads_[Ha]": 0.0, "Parkering_[Ha]": 0.0085635960422896229, "ÅDT<15000_[Ha]": 0.13100502057090499, "ÅDT>15000_[Ha]": 0.49006345317374567 }, "geometry": { "type": "MultiPolygon", "coordinates": [ [ [ [ 715414.10999999998603, 6183003.179999999701977 ], [ 715395.395999999949709, 6183001.67 ], [ 715334.900000000023283, 6182996.79 ], [ 715334.430000000051223, 6182996.752999999560416 ], [ 715331.479999999981374, 6182996.519999999552965 ], [ 715295.491999999969266, 6182993.611999999731779 ], [ 715291.831, 6183010.348000000230968 ], [ 715309.400000000023283, 6183011.769999999552965 ], [ 715330.12, 6183013.450000000186265 ], [ 715333.167000000015832, 6183013.693 ], [ 715386.319999999948777, 6183017.940000000409782 ], [ 715390.349999999976717, 6183018.259999999776483 ], [ 715393.522, 6183018.514999999664724 ], [ 715412.87, 6183020.070000000298023 ], [ 715421.650000000023283, 6183020.900000000372529 ], [ 715430.410000000032596, 6183022.0 ], [ 715439.12, 6183023.349999999627471 ], [ 715447.800000000046566, 6183024.96999999973923 ], [ 715454.241999999969266, 6183026.375 ], [ 715456.42000000004191, 6183026.849999999627471 ], [ 715467.21999999997206, 6183029.120000000111759 ], [ 715478.089999999967404, 6183031.009999999776483 ], [ 715489.020000000018626, 6183032.5 ], [ 715500.0, 6183033.589999999850988 ], [ 715530.89000000001397, 6183036.099999999627471 ], [ 715561.78000000002794, 6183038.599999999627471 ], [ 715571.76, 6183039.25 ], [ 715572.594000000040978, 6183039.276999999769032 ], [ 715581.75, 6183039.58 ], [ 715591.75, 6183039.570000000298023 ], [ 715607.660000000032596, 6183039.46999999973923 ], [ 715612.550000000046566, 6183039.440000000409782 ], [ 715625.75, 6183039.67 ], [ 715636.34499999997206, 6183040.120000000111759 ], [ 715638.930000000051223, 6183040.230000000447035 ], [ 715652.099999999976717, 6183041.110000000335276 ], [ 715665.24, 6183042.309999999590218 ], [ 715678.349999999976717, 6183043.83 ], [ 715691.42000000004191, 6183045.67 ], [ 715706.118000000016764, 6183048.071000000461936 ], [ 715711.560000000055879, 6183048.96 ], [ 715731.63, 6183052.589999999850988 ], [ 715751.64000000001397, 6183056.570000000298023 ], [ 715767.290999999968335, 6183059.95299999974668 ], [ 715771.57999999995809, 6183060.879999999888241 ], [ 715791.449999999953434, 6183065.54 ], [ 715811.229999999981374, 6183070.53000000026077 ], [ 715818.964000000036322, 6183072.622000000439584 ], [ 715830.930000000051223, 6183075.860000000335276 ], [ 715850.53000000002794, 6183081.53000000026077 ], [ 715870.03000000002794, 6183087.519999999552965 ], [ 715830.569999999948777, 6183255.21 ], [ 715852.78000000002794, 6183254.160000000149012 ], [ 715853.03000000002794, 6183259.400000000372529 ], [ 715999.959999999962747, 6183252.53000000026077 ], [ 716167.96999999997206, 6183178.53000000026077 ], [ 716184.32999999995809, 6183182.25 ], [ 716190.550000000046566, 6183183.610000000335276 ], [ 716186.35999999998603, 6183197.46 ], [ 716245.39000000001397, 6183214.929999999701977 ], [ 716250.0, 6183195.25 ], [ 716254.48699999996461, 6183196.023 ], [ 716267.35999999998603, 6183198.240000000223517 ], [ 716284.979999999981374, 6183201.070000000298023 ], [ 716286.26, 6183197.28000000026077 ], [ 716292.819999999948777, 6183185.889999999664724 ], [ 716294.46999999997206, 6183183.03000000026077 ], [ 716289.28000000002794, 6183182.639999999664724 ], [ 716281.900000000023283, 6183182.019999999552965 ], [ 716257.831, 6183176.727 ], [ 716235.96999999997206, 6183171.92 ], [ 716231.25, 6183170.839999999850988 ], [ 716217.400000000023283, 6183167.679999999701977 ], [ 716212.275999999954365, 6183166.509999999776483 ], [ 716201.060000000055879, 6183163.950000000186265 ], [ 716171.407, 6183157.188 ], [ 716114.63, 6183144.240000000223517 ], [ 716113.430000000051223, 6183143.900999999605119 ], [ 716046.959000000031665, 6183125.15500000026077 ], [ 716027.439999999944121, 6183119.650000000372529 ], [ 715998.947000000043772, 6183110.376000000163913 ], [ 715941.143000000040047, 6183091.562 ], [ 715881.871000000042841, 6183072.270999999716878 ], [ 715837.78000000002794, 6183057.92 ], [ 715824.768999999971129, 6183052.934999999590218 ], [ 715822.040000000037253, 6183051.889999999664724 ], [ 715809.699999999953434, 6183047.450000000186265 ], [ 715806.89000000001397, 6183037.78000000026077 ], [ 715800.28000000002794, 6183036.410000000149012 ], [ 715803.75, 6183048.54 ], [ 715784.24, 6183043.79 ], [ 715771.616999999969266, 6183040.935999999754131 ], [ 715764.650000000023283, 6183039.360000000335276 ], [ 715744.99, 6183035.259999999776483 ], [ 715725.26, 6183031.490000000223517 ], [ 715708.625, 6183028.589999999850988 ], [ 715705.46999999997206, 6183028.04 ], [ 715685.63, 6183024.92 ], [ 715665.810000000055879, 6183022.21999999973923 ], [ 715645.949999999953434, 6183019.849999999627471 ], [ 715637.902, 6183019.020999999716878 ], [ 715626.050000000046566, 6183017.799999999813735 ], [ 715606.12, 6183016.089999999850988 ], [ 715576.057000000029802, 6183013.638000000268221 ], [ 715562.21999999997206, 6183012.509999999776483 ], [ 715544.62, 6183009.160000000149012 ], [ 715543.050000000046566, 6183008.570000000298023 ], [ 715541.550000000046566, 6183007.809999999590218 ], [ 715540.150000000023283, 6183006.889999999664724 ], [ 715538.42000000004191, 6183005.339999999850988 ], [ 715536.949999999953434, 6183003.54 ], [ 715535.78000000002794, 6183001.54 ], [ 715534.930000000051223, 6182999.389999999664724 ], [ 715534.42000000004191, 6182997.120000000111759 ], [ 715534.270000000018626, 6182994.809999999590218 ], [ 715534.46999999997206, 6182992.5 ], [ 715535.03000000002794, 6182990.25 ], [ 715535.930000000051223, 6182988.110000000335276 ], [ 715537.14000000001397, 6182986.139999999664724 ], [ 715538.650000000023283, 6182984.370000000111759 ], [ 715527.685999999986961, 6182982.390999999828637 ], [ 715507.020000000018626, 6182978.660000000149012 ], [ 715505.800000000046566, 6182977.28000000026077 ], [ 715504.349999999976717, 6182976.139999999664724 ], [ 715502.71999999997206, 6182975.28000000026077 ], [ 715500.959999999962747, 6182974.740000000223517 ], [ 715495.79500000004191, 6182973.674999999813735 ], [ 715473.383000000030734, 6182969.05599999986589 ], [ 715468.939999999944121, 6182968.139999999664724 ], [ 715449.900000000023283, 6182964.0 ], [ 715448.451, 6182963.650000000372529 ], [ 715428.38, 6182958.799999999813735 ], [ 715416.07999999995809, 6183003.33 ], [ 715414.10999999998603, 6183003.179999999701977 ] ] ] ] } },
{ "type": "Feature", "properties": { "fid": 41, "Red_area_P": 6.542, "Bef_area_P": 8.178, "Area_PULS": 15.018, "PULS_Navn": 6707000, "Høj_Bolig_[Ha]": 0.0, "Ikke_bef_[Ha]": 0.92374611191959854, "Industri_[Ha]": 1.5115376805657994, "Kunstgræs_[Ha]": 0.0, "Lav_bolig_[Ha]": 2.6338729571672772, "Losseplads_[Ha]": 0.0, "Parkering_[Ha]": 0.45525394360102001, "ÅDT<15000_[Ha]": 0.81502919497254489, "ÅDT>15000_[Ha]": 0.20035909506967445 }, "geometry": { "type": "MultiPolygon", "coordinates": [ [ [ [ 713845.17000000004191, 6182554.610000000335276 ], [ 713782.270000000018626, 6182530.900000000372529 ], [ 713779.655999999959022, 6182530.165 ], [ 713778.995, 6182529.980000000447035 ], [ 713776.435999999986961, 6182529.093999999575317 ], [ 713767.199999999953434, 6182525.838000000454485 ], [ 713750.800000000046566, 6182520.08 ], [ 713745.033000000054017, 6182518.048000000417233 ], [ 713744.326, 6182517.803999999538064 ], [ 713737.104999999981374, 6182514.32799999974668 ], [ 713736.689000000013039, 6182515.129999999888241 ], [ 713732.76, 6182522.700000000186265 ], [ 713743.229999999981374, 6182526.389999999664724 ], [ 713759.24, 6182531.509999999776483 ], [ 713781.74, 6182539.400000000372529 ], [ 713810.07999999995809, 6182549.480000000447035 ], [ 713813.160000000032596, 6182550.940000000409782 ], [ 713874.5, 6182573.740000000223517 ], [ 713919.939999999944121, 6182590.679999999701977 ], [ 713918.839999999967404, 6182594.049999999813735 ], [ 713909.89000000001397, 6182620.950000000186265 ], [ 713910.42000000004191, 6182621.21 ], [ 713910.939999999944121, 6182621.480000000447035 ], [ 713912.42000000004191, 6182622.230000000447035 ], [ 713913.89000000001397, 6182622.980000000447035 ], [ 713915.35999999998603, 6182623.740000000223517 ], [ 713916.82999999995809, 6182624.509999999776483 ], [ 713918.300000000046566, 6182625.28000000026077 ], [ 713919.76, 6182626.049999999813735 ], [ 713920.13, 6182626.25 ], [ 713921.589999999967404, 6182627.03000000026077 ], [ 713923.040000000037253, 6182627.809999999590218 ], [ 713923.454000000027008, 6182628.034 ], [ 713924.5, 6182628.599999999627471 ], [ 713925.949999999953434, 6182629.400000000372529 ], [ 713927.400000000023283, 6182630.190000000409782 ], [ 713928.849999999976717, 6182631.0 ], [ 713929.209999999962747, 6182631.200000000186265 ], [ 713930.650000000023283, 6182632.019999999552965 ], [ 713932.089999999967404, 6182632.839999999850988 ], [ 713933.520000000018626, 6182633.660000000149012 ], [ 713934.949999999953434, 6182634.490000000223517 ], [ 713936.38, 6182635.320000000298023 ], [ 713937.800000000046566, 6182636.160000000149012 ], [ 713938.160000000032596, 6182636.370000000111759 ], [ 713939.57999999995809, 6182637.21999999973923 ], [ 713941.0, 6182638.070000000298023 ], [ 713942.42000000004191, 6182638.92 ], [ 713943.82999999995809, 6182639.78000000026077 ], [ 713945.24, 6182640.639999999664724 ], [ 713946.650000000023283, 6182641.509999999776483 ], [ 713947.0, 6182641.71999999973923 ], [ 713948.42000000004191, 6182642.58 ], [ 713949.819999999948777, 6182643.440000000409782 ], [ 713951.229999999981374, 6182644.309999999590218 ], [ 713952.64000000001397, 6182645.179999999701977 ], [ 713954.040000000037253, 6182646.059999999590218 ], [ 713955.439999999944121, 6182646.940000000409782 ], [ 713955.790000000037253, 6182647.160000000149012 ], [ 713957.180000000051223, 6182648.04 ], [ 713958.569999999948777, 6182648.929999999701977 ], [ 713959.959999999962747, 6182649.83 ], [ 713961.349999999976717, 6182650.730000000447035 ], [ 713962.729999999981374, 6182651.629999999888241 ], [ 713964.12, 6182652.54 ], [ 713964.459999999962747, 6182652.759999999776483 ], [ 713965.849999999976717, 6182653.690000000409782 ], [ 713967.229999999981374, 6182654.610000000335276 ], [ 713968.60999999998603, 6182655.54 ], [ 713969.99, 6182656.480000000447035 ], [ 713971.35999999998603, 6182657.42 ], [ 713972.74, 6182658.360000000335276 ], [ 713974.099999999976717, 6182659.309999999590218 ], [ 713975.46999999997206, 6182660.269999999552965 ], [ 713975.92000000004191, 6182660.58 ], [ 713977.28000000002794, 6182661.54 ], [ 713978.64000000001397, 6182662.509999999776483 ], [ 713978.76500000001397, 6182662.599000000394881 ], [ 713980.0, 6182663.46999999973923 ], [ 713981.349999999976717, 6182664.450000000186265 ], [ 713982.699999999953434, 6182665.42 ], [ 713984.040000000037253, 6182666.400000000372529 ], [ 713985.39000000001397, 6182667.389999999664724 ], [ 713986.729999999981374, 6182668.379999999888241 ], [ 713987.17000000004191, 6182668.71 ], [ 714025.672999999951571, 6182697.502000000327826 ], [ 714049.339999999967404, 6182715.200000000186265 ], [ 714072.682999999960884, 6182732.677000000141561 ], [ 714106.07999999995809, 6182757.679999999701977 ], [ 714123.599999999976717, 6182711.179999999701977 ], [ 714129.680000000051223, 6182713.46999999973923 ], [ 714145.03000000002794, 6182672.759999999776483 ], [ 714181.729999999981374, 6182685.889999999664724 ], [ 714180.900000000023283, 6182688.46 ], [ 714207.631999999983236, 6182698.019999999552965 ], [ 714212.5, 6182683.0 ], [ 714211.319999999948777, 6182682.54 ], [ 714182.699999999953434, 6182671.71 ], [ 714181.51, 6182676.599999999627471 ], [ 714115.24, 6182652.71999999973923 ], [ 714115.0, 6182653.599999999627471 ], [ 714114.999077688902617, 6182653.599669812247157 ], [ 714119.165000000037253, 6182635.894000000320375 ], [ 714120.496000000042841, 6182631.746000000275671 ], [ 714105.13800000003539, 6182627.581000000238419 ], [ 714104.449999999953434, 6182630.5 ], [ 714100.209999999962747, 6182647.389999999664724 ], [ 714062.060000000055879, 6182634.110000000335276 ], [ 714034.520000000018626, 6182625.33 ], [ 714030.01, 6182622.799999999813735 ], [ 713938.21999999997206, 6182588.549999999813735 ], [ 713943.92000000004191, 6182565.889999999664724 ], [ 713914.87, 6182557.120000000111759 ], [ 713909.479999999981374, 6182578.349999999627471 ], [ 713898.96999999997206, 6182574.42 ], [ 713903.520000000018626, 6182572.339999999850988 ], [ 713913.910000000032596, 6182531.450000000186265 ], [ 713887.12, 6182525.049999999813735 ], [ 713877.26, 6182566.29 ], [ 713867.962000000057742, 6182562.906000000424683 ], [ 713845.207999999984168, 6182554.631 ], [ 713845.209999999962747, 6182554.623999999836087 ], [ 713845.17000000004191, 6182554.610000000335276 ] ] ] ] } },
{ "type": "Feature", "properties": { "fid": 42, "Red_area_P": 6.542, "Bef_area_P": 8.178, "Area_PULS": 15.018, "PULS_Navn": 6707000, "Høj_Bolig_[Ha]": 0.0, "Ikke_bef_[Ha]": 0.92374611191959854, "Industri_[Ha]": 1.5115376805657994, "Kunstgræs_[Ha]": 0.0, "Lav_bolig_[Ha]": 2.6338729571672772, "Losseplads_[Ha]": 0.0, "Parkering_[Ha]": 0.45525394360102001, "ÅDT<15000_[Ha]": 0.81502919497254489, "ÅDT>15000_[Ha]": 0.20035909506967445 }, "geometry": { "type": "MultiPolygon", "coordinates": [ [ [ [ 714265.802999999956228, 6182738.349999999627471 ], [ 714265.569999999948777, 6182738.987999999895692 ], [ 714255.145000000018626, 6182734.378999999724329 ], [ 714253.603, 6182738.593000000342727 ], [ 714232.51300000003539, 6182772.415 ], [ 714232.062000000034459, 6182772.923000000417233 ], [ 714231.466000000014901, 6182773.252000000327826 ], [ 714230.79500000004191, 6182773.360000000335276 ], [ 714230.125, 6182773.239 ], [ 714218.189999999944121, 6182768.86600000038743 ], [ 714217.745, 6182770.082000000402331 ], [ 714201.295999999972992, 6182764.098000000230968 ], [ 714184.044, 6182810.693 ], [ 714184.044, 6182810.691999999806285 ], [ 714184.040000000037253, 6182810.690000000409782 ], [ 714169.150000000023283, 6182801.480000000447035 ], [ 714166.572000000043772, 6182799.812 ], [ 714157.599999999976717, 6182814.18099999986589 ], [ 714162.209999999962747, 6182817.139999999664724 ], [ 714177.959999999962747, 6182826.809999999590218 ], [ 714193.060000000055879, 6182835.660000000149012 ], [ 714208.32999999995809, 6182844.21999999973923 ], [ 714216.92000000004191, 6182848.769999999552965 ], [ 714225.35999999998603, 6182853.599999999627471 ], [ 714233.62, 6182858.700000000186265 ], [ 714245.35999999998603, 6182867.5 ], [ 714242.790000000037253, 6182875.42 ], [ 714240.07999999995809, 6182883.79 ], [ 714235.75, 6182884.25 ], [ 714227.85999999998603, 6182879.240000000223517 ], [ 714203.270000000018626, 6182863.740000000223517 ], [ 714192.53000000002794, 6182857.599999999627471 ], [ 714174.13, 6182850.269999999552965 ], [ 714159.621999999973923, 6182845.338000000454485 ], [ 714157.72199999995064, 6182851.026999999769032 ], [ 714140.714000000036322, 6182901.939000000245869 ], [ 714094.675999999977648, 6183051.69400000013411 ], [ 714120.604999999981374, 6183059.631 ], [ 714101.319999999948777, 6183130.639999999664724 ], [ 714090.67000000004191, 6183128.559999999590218 ], [ 714079.949999999953434, 6183126.849999999627471 ], [ 714078.13800000003539, 6183126.627999999560416 ], [ 714069.180000000051223, 6183125.53000000026077 ], [ 714058.37, 6183124.58 ], [ 714047.53000000002794, 6183124.019999999552965 ], [ 714036.680000000051223, 6183123.849999999627471 ], [ 714031.049, 6183123.958999999798834 ], [ 714025.82999999995809, 6183124.059999999590218 ], [ 714014.99, 6183124.650000000372529 ], [ 714004.180000000051223, 6183125.620000000111759 ], [ 713993.42000000004191, 6183126.980000000447035 ], [ 713982.699999999953434, 6183128.71999999973923 ], [ 713981.462999999988824, 6183128.964999999850988 ], [ 713972.060000000055879, 6183130.83 ], [ 713962.099999999976717, 6183133.190000000409782 ], [ 713952.21999999997206, 6183135.879999999888241 ], [ 713942.430000000051223, 6183138.900000000372529 ], [ 713932.75, 6183142.240000000223517 ], [ 713926.498999999952503, 6183144.63300000037998 ], [ 713923.189999999944121, 6183145.900000000372529 ], [ 713913.76, 6183149.879999999888241 ], [ 713904.459999999962747, 6183154.179999999701977 ], [ 713895.290000000037253, 6183158.820000000298023 ], [ 713886.28000000002794, 6183163.759999999776483 ], [ 713878.587999999988824, 6183168.31900000013411 ], [ 713877.439999999944121, 6183169.0 ], [ 713868.78000000002794, 6183174.53000000026077 ], [ 713860.310000000055879, 6183180.349999999627471 ], [ 713852.040000000037253, 6183186.46 ], [ 713843.979999999981374, 6183192.83 ], [ 713836.14000000001397, 6183199.480000000447035 ], [ 713834.814000000013039, 6183200.679999999701977 ], [ 713828.520000000018626, 6183206.379999999888241 ], [ 713821.14000000001397, 6183213.53000000026077 ], [ 713814.01, 6183220.929999999701977 ], [ 713807.148999999975786, 6183228.526999999769032 ], [ 713822.111000000033528, 6183231.399000000208616 ], [ 713829.07999999995809, 6183224.070000000298023 ], [ 713836.290000000037253, 6183216.990000000223517 ], [ 713842.915999999968335, 6183210.923999999649823 ], [ 713843.74, 6183210.17 ], [ 713851.430000000051223, 6183203.599999999627471 ], [ 713859.339999999967404, 6183197.309999999590218 ], [ 713867.449999999953434, 6183191.28000000026077 ], [ 713875.78000000002794, 6183185.549999999813735 ], [ 713884.290000000037253, 6183180.099999999627471 ], [ 713884.956, 6183179.705 ], [ 713892.979999999981374, 6183174.950000000186265 ], [ 713901.849999999976717, 6183170.099999999627471 ], [ 713910.88, 6183165.559999999590218 ], [ 713916.040000000037253, 6183174.660000000149012 ], [ 713945.76, 6183151.490000000223517 ], [ 713955.459999999962747, 6183148.490000000223517 ], [ 713965.26, 6183145.820000000298023 ], [ 713975.14000000001397, 6183143.490000000223517 ], [ 713982.745, 6183141.978000000119209 ], [ 713985.099999999976717, 6183141.509999999776483 ], [ 713995.12, 6183139.870000000111759 ], [ 714005.199999999953434, 6183138.58 ], [ 714015.310000000055879, 6183137.639999999664724 ], [ 714025.449999999953434, 6183137.049999999813735 ], [ 714031.371999999973923, 6183136.910000000149012 ], [ 714035.599999999976717, 6183136.809999999590218 ], [ 714045.76, 6183136.92 ], [ 714055.900000000023283, 6183137.379999999888241 ], [ 714066.03000000002794, 6183138.200000000186265 ], [ 714075.716000000014901, 6183139.337000000290573 ], [ 714075.910000000032596, 6183139.360000000335276 ], [ 714085.74, 6183140.849999999627471 ], [ 714095.520000000018626, 6183142.679999999701977 ], [ 714105.229999999981374, 6183144.839999999850988 ], [ 714114.85999999998603, 6183147.320000000298023 ], [ 714115.15500000002794, 6183147.406999999657273 ], [ 714124.400000000023283, 6183150.129999999888241 ], [ 714133.839999999967404, 6183153.259999999776483 ], [ 714143.17000000004191, 6183156.71 ], [ 714145.011000000056811, 6183157.462000000290573 ], [ 714152.38, 6183160.46999999973923 ], [ 714153.150000000023283, 6183160.740000000223517 ], [ 714150.939999999944121, 6183165.389999999664724 ], [ 714147.810000000055879, 6183172.440000000409782 ], [ 714145.020000000018626, 6183179.639999999664724 ], [ 714142.589999999967404, 6183186.96999999973923 ], [ 714140.53000000002794, 6183194.410000000149012 ], [ 714138.839999999967404, 6183201.940000000409782 ], [ 714137.560000000055879, 6183209.299999999813735 ], [ 714136.63, 6183216.71999999973923 ], [ 714137.800000000046566, 6183216.629999999888241 ], [ 714141.209999999962747, 6183217.730000000447035 ], [ 714142.550000000046566, 6183217.860000000335276 ], [ 714145.699999999953434, 6183218.160000000149012 ], [ 714154.339999999967404, 6183219.860000000335276 ], [ 714161.650000000023283, 6183219.769999999552965 ], [ 714165.689999999944121, 6183219.28000000026077 ], [ 714168.13, 6183218.67 ], [ 714170.32999999995809, 6183217.990000000223517 ], [ 714171.089000000036322, 6183217.593999999575317 ], [ 714174.908000000054017, 6183225.406999999657273 ], [ 714162.319999999948777, 6183233.79 ], [ 714159.680000000051223, 6183237.519999999552965 ], [ 714158.37, 6183240.009999999776483 ], [ 714157.319999999948777, 6183243.049999999813735 ], [ 714155.319999999948777, 6183252.620000000111759 ], [ 714186.040000000037253, 6183259.370000000111759 ], [ 714177.71999999997206, 6183299.599999999627471 ], [ 714282.209999999962747, 6183319.639999999664724 ], [ 714315.89000000001397, 6183225.92 ], [ 714297.92000000004191, 6183216.259999999776483 ], [ 714251.74, 6183203.370000000111759 ], [ 714242.89000000001397, 6183208.04 ], [ 714244.189999999944121, 6183203.679999999701977 ], [ 714252.150000000023283, 6183180.370000000111759 ], [ 714256.819999999948777, 6183189.21 ], [ 714405.349999999976717, 6183230.660000000149012 ], [ 714427.400000000023283, 6183218.879999999888241 ], [ 714479.67000000004191, 6183058.900000000372529 ], [ 714467.25, 6183037.200000000186265 ], [ 714368.46999999997206, 6183015.639999999664724 ], [ 714367.21999999997206, 6183015.570000000298023 ], [ 714366.01, 6183015.889999999664724 ], [ 714364.949999999953434, 6183016.559999999590218 ], [ 714364.160000000032596, 6183017.53000000026077 ], [ 714363.709999999962747, 6183018.700000000186265 ], [ 714361.78000000002794, 6183027.5 ], [ 714352.020000000018626, 6183025.360000000335276 ], [ 714353.939999999944121, 6183016.570000000298023 ], [ 714354.01, 6183015.320000000298023 ], [ 714353.689999999944121, 6183014.110000000335276 ], [ 714353.020000000018626, 6183013.049999999813735 ], [ 714352.050000000046566, 6183012.259999999776483 ], [ 714350.88, 6183011.809999999590218 ], [ 714338.180000000051223, 6183009.04 ], [ 714339.459999999962747, 6183003.17 ], [ 714314.28000000002794, 6182997.679999999701977 ], [ 714316.24, 6182991.96 ], [ 714331.839999999967404, 6182946.110000000335276 ], [ 714337.359000000054948, 6182930.074 ], [ 714339.449999999953434, 6182924.0 ], [ 714340.160000000032596, 6182922.379999999888241 ], [ 714341.180000000051223, 6182920.940000000409782 ], [ 714342.459999999962747, 6182919.71999999973923 ], [ 714343.939999999944121, 6182918.769999999552965 ], [ 714345.589999999967404, 6182918.139999999664724 ], [ 714347.32999999995809, 6182917.83 ], [ 714349.089999999967404, 6182917.870000000111759 ], [ 714350.819999999948777, 6182918.259999999776483 ], [ 714373.253999999957159, 6182925.239 ], [ 714384.67000000004191, 6182928.79 ], [ 714405.85999999998603, 6182930.67 ], [ 714414.37, 6182932.46 ], [ 714422.930000000051223, 6182934.0 ], [ 714424.866000000038184, 6182934.292999999597669 ], [ 714431.53000000002794, 6182935.299999999813735 ], [ 714440.160000000032596, 6182936.360000000335276 ], [ 714450.37, 6182937.129999999888241 ], [ 714451.199999999953434, 6182937.212000000290573 ], [ 714455.115, 6182918.082000000402331 ], [ 714447.089999999967404, 6182916.33 ], [ 714449.57999999995809, 6182908.400000000372529 ], [ 714449.57999999995809, 6182908.46999999973923 ], [ 714452.99, 6182898.240000000223517 ], [ 714454.88, 6182892.589999999850988 ], [ 714456.76, 6182886.950000000186265 ], [ 714459.46999999997206, 6182878.809999999590218 ], [ 714462.38, 6182870.110000000335276 ], [ 714465.21999999997206, 6182861.570000000298023 ], [ 714467.10999999998603, 6182855.929999999701977 ], [ 714470.040000000037253, 6182847.150000000372529 ], [ 714467.96999999997206, 6182846.570000000298023 ], [ 714463.839999999967404, 6182845.860000000335276 ], [ 714449.01, 6182842.78000000026077 ], [ 714437.17000000004191, 6182840.129999999888241 ], [ 714431.57999999995809, 6182838.879999999888241 ], [ 714430.89000000001397, 6182840.950000000186265 ], [ 714404.13, 6182837.650000000372529 ], [ 714403.729999999981374, 6182837.610000000335276 ], [ 714404.28000000002794, 6182833.129999999888241 ], [ 714369.020000000018626, 6182825.629999999888241 ], [ 714371.175999999977648, 6182819.309999999590218 ], [ 714361.451, 6182816.872999999672174 ], [ 714361.17000000004191, 6182817.700000000186265 ], [ 714360.192999999970198, 6182820.338000000454485 ], [ 714359.430000000051223, 6182822.404 ], [ 714356.623999999952503, 6182830.731999999843538 ], [ 714354.712000000057742, 6182836.416000000201166 ], [ 714354.711000000010245, 6182836.416000000201166 ], [ 714354.709999999962747, 6182836.42 ], [ 714354.35999999998603, 6182836.29 ], [ 714329.892, 6182827.253999999724329 ], [ 714312.662999999942258, 6182820.894000000320375 ], [ 714293.506999999983236, 6182813.821999999694526 ], [ 714284.520999999949709, 6182812.485000000335276 ], [ 714275.898000000044703, 6182814.565000000409782 ], [ 714268.579000000027008, 6182819.912999999709427 ], [ 714264.191, 6182828.92 ], [ 714257.672999999951571, 6182848.979000000283122 ], [ 714257.67000000004191, 6182848.980000000447035 ], [ 714257.400000000023283, 6182848.870000000111759 ], [ 714256.501000000047497, 6182848.582999999634922 ], [ 714255.799, 6182848.360000000335276 ], [ 714255.609000000054948, 6182848.299999999813735 ], [ 714252.26, 6182847.240000000223517 ], [ 714251.99, 6182847.049999999813735 ], [ 714251.991000000038184, 6182847.046 ], [ 714259.545999999972992, 6182824.746000000275671 ], [ 714265.84499999997206, 6182806.24100000038743 ], [ 714283.469000000040978, 6182777.348000000230968 ], [ 714298.191, 6182754.318 ], [ 714299.758999999961816, 6182753.541000000201166 ], [ 714265.802999999956228, 6182738.349999999627471 ] ] ] ] } },
{ "type": "Feature", "properties": { "fid": 43, "Red_area_P": 8.548, "Bef_area_P": 10.685, "Area_PULS": 26.063, "PULS_Navn": 6000000, "Høj_Bolig_[Ha]": 0.0, "Ikke_bef_[Ha]": 0.43957142802714244, "Industri_[Ha]": 0.0, "Kunstgræs_[Ha]": 0.0, "Lav_bolig_[Ha]": 6.5182836631978445, "Losseplads_[Ha]": 0.0, "Parkering_[Ha]": 0.13198957099298411, "ÅDT<15000_[Ha]": 1.2453027611677323, "ÅDT>15000_[Ha]": 0.20886934904886847 }, "geometry": { "type": "MultiPolygon", "coordinates": [ [ [ [ 714528.37, 6182947.950000000186265 ], [ 714541.689999999944121, 6182949.549999999813735 ], [ 714555.020000000018626, 6182950.950000000186265 ], [ 714563.050000000046566, 6182951.677000000141561 ], [ 714568.38, 6182952.160000000149012 ], [ 714602.550000000046566, 6182954.849999999627471 ], [ 714611.51, 6182955.690000000409782 ], [ 714620.439999999944121, 6182956.799999999813735 ], [ 714629.319999999948777, 6182958.179999999701977 ], [ 714630.395999999949709, 6182958.381 ], [ 714638.17000000004191, 6182959.83 ], [ 714646.959999999962747, 6182961.759999999776483 ], [ 714655.74, 6182963.730000000447035 ], [ 714664.57999999995809, 6182965.450000000186265 ], [ 714673.459999999962747, 6182966.900000000372529 ], [ 714682.38, 6182968.089999999850988 ], [ 714690.356999999959953, 6182968.918999999761581 ], [ 714691.32999999995809, 6182969.019999999552965 ], [ 714708.26, 6182971.009999999776483 ], [ 714710.150000000023283, 6182971.519999999552965 ], [ 714711.939999999944121, 6182972.299999999813735 ], [ 714713.589999999967404, 6182973.339999999850988 ], [ 714715.060000000055879, 6182974.620000000111759 ], [ 714716.32999999995809, 6182976.110000000335276 ], [ 714567.430000000051223, 6182964.139999999664724 ], [ 714554.92000000004191, 6182963.04 ], [ 714542.42000000004191, 6182961.769999999552965 ], [ 714540.32999999995809, 6182975.5 ], [ 714585.900000000023283, 6182979.360000000335276 ], [ 714583.621999999973923, 6183007.230000000447035 ], [ 714583.62, 6183007.25 ], [ 714583.599999999976717, 6183007.247999999672174 ], [ 714520.32999999995809, 6183002.059999999590218 ], [ 714515.25, 6183017.610999999567866 ], [ 714515.238000000012107, 6183017.649000000208616 ], [ 714506.049, 6183045.773 ], [ 714506.037000000011176, 6183045.810999999754131 ], [ 714498.180000000051223, 6183069.860000000335276 ], [ 714500.439999999944121, 6183074.309999999590218 ], [ 714570.82999999995809, 6183097.700000000186265 ], [ 714569.37, 6183102.120000000111759 ], [ 714538.709999999962747, 6183194.370000000111759 ], [ 714524.560000000055879, 6183236.950000000186265 ], [ 714521.959999999962747, 6183243.559999999590218 ], [ 714512.01, 6183274.450000000186265 ], [ 714498.560000000055879, 6183315.110000000335276 ], [ 714508.63, 6183317.179999999701977 ], [ 714524.819999999948777, 6183316.480000000447035 ], [ 714523.46999999997206, 6183320.150000000372529 ], [ 714526.729999999981374, 6183320.870000000111759 ], [ 714550.089999999967404, 6183325.570000000298023 ], [ 714551.689999999944121, 6183325.910000000149012 ], [ 714548.62, 6183335.450000000186265 ], [ 714522.089999999967404, 6183336.759999999776483 ], [ 714490.819999999948777, 6183338.299999999813735 ], [ 714487.71999999997206, 6183347.78000000026077 ], [ 714482.199999999953434, 6183364.410000000149012 ], [ 714476.660000000032596, 6183381.08 ], [ 714471.459999999962747, 6183395.099999999627471 ], [ 714485.459999999962747, 6183395.679999999701977 ], [ 714483.849999999976717, 6183405.5 ], [ 714479.37699999997858, 6183432.786999999545515 ], [ 714474.542000000015832, 6183462.284 ], [ 714468.883000000030734, 6183496.809000000357628 ], [ 714462.518000000040047, 6183535.644999999552965 ], [ 714455.037000000011176, 6183581.286999999545515 ], [ 714449.26, 6183616.53000000026077 ], [ 714444.540000000037253, 6183644.78000000026077 ], [ 714440.160000000032596, 6183671.150000000372529 ], [ 714400.050000000046566, 6183674.96999999973923 ], [ 714403.46999999997206, 6183770.990000000223517 ], [ 714500.709999999962747, 6183732.379999999888241 ], [ 714496.979999999981374, 6183748.379999999888241 ], [ 714499.0, 6183750.58 ], [ 714500.400000000023283, 6183752.099999999627471 ], [ 714499.853, 6183764.63300000037998 ], [ 714498.373999999952503, 6183798.50800000037998 ], [ 714497.506000000052154, 6183818.389000000432134 ], [ 714495.5, 6183864.349999999627471 ], [ 714498.62, 6183863.269999999552965 ], [ 714507.26, 6183858.429999999701977 ], [ 714531.339999999967404, 6183844.950000000186265 ], [ 714539.439999999944121, 6183841.92 ], [ 714545.560000000055879, 6183840.96999999973923 ], [ 714552.51, 6183840.71999999973923 ], [ 714558.979999999981374, 6183841.21999999973923 ], [ 714567.270000000018626, 6183843.29 ], [ 714570.550000000046566, 6183844.910000000149012 ], [ 714571.199999999953434, 6183827.769999999552965 ], [ 714572.38, 6183797.129999999888241 ], [ 714509.709999999962747, 6183794.96 ], [ 714510.709999999962747, 6183769.490000000223517 ], [ 714510.881999999983236, 6183765.097 ], [ 714511.63, 6183745.940000000409782 ], [ 714511.650000000023283, 6183745.46 ], [ 714511.75, 6183742.860000000335276 ], [ 714512.38, 6183740.28000000026077 ], [ 714515.99, 6183728.54 ], [ 714518.439999999944121, 6183732.900000000372529 ], [ 714521.92000000004191, 6183733.71 ], [ 714525.439999999944121, 6183734.240000000223517 ], [ 714529.0, 6183734.490000000223517 ], [ 714629.060000000055879, 6183698.490000000223517 ], [ 714632.78000000002794, 6183668.67 ], [ 714588.88, 6183624.570000000298023 ], [ 714546.020000000018626, 6183621.320000000298023 ], [ 714547.67000000004191, 6183615.429999999701977 ], [ 714598.01, 6183619.240000000223517 ], [ 714614.550000000046566, 6183620.46999999973923 ], [ 714634.479999999981374, 6183621.940000000409782 ], [ 714654.060000000055879, 6183623.389999999664724 ], [ 714675.74, 6183625.0 ], [ 714697.339999999967404, 6183626.599999999627471 ], [ 714717.229999999981374, 6183628.070000000298023 ], [ 714740.540000000037253, 6183629.799999999813735 ], [ 714763.5, 6183631.5 ], [ 714786.25, 6183633.190000000409782 ], [ 714806.300000000046566, 6183634.67 ], [ 714809.229999999981374, 6183634.889999999664724 ], [ 714809.35999999998603, 6183633.570000000298023 ], [ 714818.28000000002794, 6183630.360000000335276 ], [ 714832.979999999981374, 6183624.379999999888241 ], [ 714838.520000000018626, 6183618.03000000026077 ], [ 714843.959999999962747, 6183611.58 ], [ 714830.800000000046566, 6183600.71 ], [ 714831.331, 6183600.764000000432134 ], [ 714857.819999999948777, 6183603.450000000186265 ], [ 714858.449999999953434, 6183597.490000000223517 ], [ 714858.92000000004191, 6183592.620000000111759 ], [ 714858.92000000004191, 6183592.61600000038743 ], [ 714858.915000000037253, 6183592.622999999672174 ], [ 714860.542999999946915, 6183576.849000000394881 ], [ 714862.957000000053085, 6183553.450000000186265 ], [ 714862.957000000053085, 6183553.447999999858439 ], [ 714871.142, 6183554.213000000454485 ], [ 714876.787999999942258, 6183554.740000000223517 ], [ 714879.506000000052154, 6183527.91399999987334 ], [ 714879.506000000052154, 6183527.910000000149012 ], [ 714881.059, 6183512.583999999798834 ], [ 714882.21999999997206, 6183501.089999999850988 ], [ 714859.339999999967404, 6183498.769999999552965 ], [ 714860.062999999965541, 6183491.63300000037998 ], [ 714852.109000000054948, 6183490.745000000111759 ], [ 714850.589999999967404, 6183505.71 ], [ 714819.75, 6183502.589999999850988 ], [ 714817.729999999981374, 6183522.490000000223517 ], [ 714817.373999999952503, 6183525.996000000275671 ], [ 714815.714000000036322, 6183542.389999999664724 ], [ 714815.714000000036322, 6183542.392 ], [ 714814.27800000004936, 6183556.568 ], [ 714813.699999999953434, 6183562.29 ], [ 714813.459999999962747, 6183564.679999999701977 ], [ 714813.457000000053085, 6183564.679999999701977 ], [ 714813.457000000053085, 6183564.68099999986589 ], [ 714805.40500000002794, 6183563.86600000038743 ], [ 714795.550000000046566, 6183562.870000000111759 ], [ 714795.550000000046566, 6183562.867999999783933 ], [ 714795.545999999972992, 6183562.867999999783933 ], [ 714795.854999999981374, 6183559.79700000025332 ], [ 714795.87, 6183559.650000000372529 ], [ 714796.562000000034459, 6183552.829 ], [ 714798.589000000036322, 6183532.824 ], [ 714798.589000000036322, 6183532.820000000298023 ], [ 714798.951, 6183529.25 ], [ 714801.38, 6183505.240000000223517 ], [ 714803.849999999976717, 6183480.870000000111759 ], [ 714773.0, 6183477.75 ], [ 714749.022, 6183475.315999999642372 ], [ 714742.160000000032596, 6183474.621000000275671 ], [ 714741.408000000054017, 6183482.026999999769032 ], [ 714740.143000000040047, 6183494.519999999552965 ], [ 714740.143000000040047, 6183494.521999999880791 ], [ 714739.207000000053085, 6183503.75899999961257 ], [ 714738.13, 6183514.42 ], [ 714736.310000000055879, 6183532.354000000283122 ], [ 714736.10999999998603, 6183534.320000000298023 ], [ 714736.10999999998603, 6183534.324 ], [ 714734.094000000040978, 6183554.21999999973923 ], [ 714734.094000000040978, 6183554.224999999627471 ], [ 714733.851000000024214, 6183556.610000000335276 ], [ 714733.851000000024214, 6183556.614 ], [ 714716.824999999953434, 6183554.889000000432134 ], [ 714715.939999999944121, 6183554.799999999813735 ], [ 714716.459999999962747, 6183549.679999999701977 ], [ 714719.37, 6183520.980000000447035 ], [ 714721.432999999960884, 6183500.629999999888241 ], [ 714722.28000000002794, 6183492.269999999552965 ], [ 714722.28000000002794, 6183492.268000000156462 ], [ 714725.189000000013039, 6183463.559999999590218 ], [ 714728.09699999995064, 6183434.852 ], [ 714728.09699999995064, 6183434.849999999627471 ], [ 714729.99, 6183416.134999999776483 ], [ 714731.0, 6183406.139999999664724 ], [ 714708.60999999998603, 6183403.870000000111759 ], [ 714685.079000000027008, 6183401.480999999679625 ], [ 714678.76, 6183400.841 ], [ 714678.758999999961816, 6183400.841 ], [ 714656.143999999971129, 6183398.689000000245869 ], [ 714656.479000000050291, 6183395.724000000394881 ], [ 714657.219000000040978, 6183389.196999999694526 ], [ 714640.412000000011176, 6183387.292999999597669 ], [ 714617.459999999962747, 6183384.693 ], [ 714623.64000000001397, 6183368.490000000223517 ], [ 714626.87, 6183372.940000000409782 ], [ 714629.518000000040047, 6183374.329 ], [ 714632.294, 6183375.440999999642372 ], [ 714635.167999999946915, 6183376.269000000320375 ], [ 714635.50199999997858, 6183376.33 ], [ 714638.10999999998603, 6183376.799999999813735 ], [ 714641.089999999967404, 6183377.04 ], [ 714657.540000000037253, 6183377.879999999888241 ], [ 714673.988999999943189, 6183378.718999999575317 ], [ 714676.39000000001397, 6183353.139999999664724 ], [ 714676.39000000001397, 6183353.136 ], [ 714678.626000000047497, 6183329.320000000298023 ], [ 714640.979999999981374, 6183331.120000000111759 ], [ 714645.699999999953434, 6183320.96 ], [ 714679.569999999948777, 6183319.259999999776483 ], [ 714682.07999999995809, 6183319.139999999664724 ], [ 714712.96999999997206, 6183317.71 ], [ 714758.49, 6183315.599999999627471 ], [ 714768.87, 6183315.120000000111759 ], [ 714808.0, 6183313.299999999813735 ], [ 714810.89000000001397, 6183303.179999999701977 ], [ 714813.290000000037253, 6183294.799999999813735 ], [ 714817.959999999962747, 6183278.5 ], [ 714818.790000000037253, 6183275.620000000111759 ], [ 714823.74, 6183258.360000000335276 ], [ 714824.28000000002794, 6183256.440000000409782 ], [ 714829.5, 6183238.21 ], [ 714829.770000000018626, 6183237.25 ], [ 714835.229999999981374, 6183218.059999999590218 ], [ 714855.072999999974854, 6183223.248999999836087 ], [ 714873.28000000002794, 6183228.009999999776483 ], [ 714874.89000000001397, 6183230.826999999582767 ], [ 714877.297999999951571, 6183231.517 ], [ 714882.03000000002794, 6183214.78000000026077 ], [ 714883.952000000048429, 6183207.014000000432134 ], [ 714886.270000000018626, 6183197.650000000372529 ], [ 714843.01, 6183191.049999999813735 ], [ 714843.319999999948777, 6183189.089999999850988 ], [ 714845.699999999953434, 6183173.839999999850988 ], [ 714846.0, 6183171.879999999888241 ], [ 714848.37, 6183156.650000000372529 ], [ 714848.680000000051223, 6183154.679999999701977 ], [ 714851.050000000046566, 6183139.400000000372529 ], [ 714851.349999999976717, 6183137.429999999701977 ], [ 714853.660000000032596, 6183122.110000000335276 ], [ 714853.959999999962747, 6183120.120000000111759 ], [ 714856.270000000018626, 6183104.820000000298023 ], [ 714856.57999999995809, 6183102.78000000026077 ], [ 714858.88, 6183087.53000000026077 ], [ 714859.189999999944121, 6183085.490000000223517 ], [ 714861.49, 6183070.240000000223517 ], [ 714861.790000000037253, 6183068.21999999973923 ], [ 714864.099999999976717, 6183052.950000000186265 ], [ 714864.319999999948777, 6183051.450000000186265 ], [ 714866.709999999962747, 6183035.650000000372529 ], [ 714868.062000000034459, 6183025.50899999961257 ], [ 714867.310000000055879, 6183025.410000000149012 ], [ 714865.28000000002794, 6183025.129999999888241 ], [ 714863.24, 6183024.849999999627471 ], [ 714861.209999999962747, 6183024.559999999590218 ], [ 714859.180000000051223, 6183024.269999999552965 ], [ 714857.150000000023283, 6183023.96999999973923 ], [ 714855.12, 6183023.660000000149012 ], [ 714853.089999999967404, 6183023.349999999627471 ], [ 714851.060000000055879, 6183023.03000000026077 ], [ 714849.040000000037253, 6183022.700000000186265 ], [ 714847.01, 6183022.370000000111759 ], [ 714844.979999999981374, 6183022.04 ], [ 714842.959999999962747, 6183021.700000000186265 ], [ 714840.939999999944121, 6183021.349999999627471 ], [ 714838.910000000032596, 6183020.990000000223517 ], [ 714836.89000000001397, 6183020.629999999888241 ], [ 714834.87, 6183020.259999999776483 ], [ 714832.849999999976717, 6183019.889999999664724 ], [ 714830.839999999967404, 6183019.519999999552965 ], [ 714828.819999999948777, 6183019.129999999888241 ], [ 714826.800000000046566, 6183018.740000000223517 ], [ 714824.790000000037253, 6183018.339999999850988 ], [ 714822.78000000002794, 6183017.940000000409782 ], [ 714820.76, 6183017.53000000026077 ], [ 714818.75, 6183017.120000000111759 ], [ 714816.74, 6183016.700000000186265 ], [ 714814.74, 6183016.269999999552965 ], [ 714815.410000000032596, 6183011.28000000026077 ], [ 714778.040000000037253, 6183001.679999999701977 ], [ 714783.64000000001397, 6182981.490000000223517 ], [ 714785.0, 6182976.519999999552965 ], [ 714793.99, 6182976.96 ], [ 714802.99, 6182977.129999999888241 ], [ 714811.99, 6182977.03000000026077 ], [ 714820.979999999981374, 6182976.67 ], [ 714829.959999999962747, 6182976.049999999813735 ], [ 714833.209000000031665, 6182975.906000000424683 ], [ 714838.959999999962747, 6182975.650000000372529 ], [ 714847.96999999997206, 6182975.519999999552965 ], [ 714856.979999999981374, 6182975.67 ], [ 714865.979999999981374, 6182976.089999999850988 ], [ 714874.959999999962747, 6182976.79 ], [ 714890.185999999986961, 6182978.00800000037998 ], [ 714918.349999999976717, 6182980.259999999776483 ], [ 714934.560000000055879, 6182981.559999999590218 ], [ 714941.951, 6182982.399000000208616 ], [ 714957.99, 6182984.21999999973923 ], [ 714957.599999999976717, 6183022.156000000424683 ], [ 714970.101000000024214, 6183023.140999999828637 ], [ 714975.199999999953434, 6182986.480000000447035 ], [ 714991.12, 6182989.639999999664724 ], [ 714999.92000000004191, 6182991.480000000447035 ], [ 715000.805999999982305, 6182991.638000000268221 ], [ 715008.78000000002794, 6182993.059999999590218 ], [ 715017.680000000051223, 6182994.370000000111759 ], [ 715026.62, 6182995.42 ], [ 715035.57999999995809, 6182996.21999999973923 ], [ 715038.169, 6182996.428000000305474 ], [ 715056.42000000004191, 6182997.889999999664724 ], [ 715076.650000000023283, 6182996.629999999888241 ], [ 715082.297000000020489, 6182997.076999999582767 ], [ 715111.160000000032596, 6182999.360000000335276 ], [ 715116.439999999944121, 6182999.54 ], [ 715116.711000000010245, 6182999.549999999813735 ], [ 715119.115, 6182974.627999999560416 ], [ 715118.680000000051223, 6182974.58 ], [ 715118.979999999981374, 6182972.450000000186265 ], [ 715084.322999999974854, 6182968.377000000327826 ], [ 715082.819999999948777, 6182968.200000000186265 ], [ 715081.76, 6182966.339999999850988 ], [ 715080.979999999981374, 6182964.349999999627471 ], [ 715080.49, 6182962.28000000026077 ], [ 715080.300000000046566, 6182960.150000000372529 ], [ 715080.410000000032596, 6182958.009999999776483 ], [ 715081.324000000022352, 6182951.178999999538064 ], [ 715081.85999999998603, 6182947.179999999701977 ], [ 715083.439999999944121, 6182937.129999999888241 ], [ 715085.189999999944121, 6182927.120000000111759 ], [ 715087.099999999976717, 6182917.099999999627471 ], [ 715089.189999999944121, 6182907.110000000335276 ], [ 715091.192000000039116, 6182898.481999999843538 ], [ 715091.479999999981374, 6182897.240000000223517 ], [ 715093.959999999962747, 6182887.410000000149012 ], [ 715096.689999999944121, 6182877.320000000298023 ], [ 715097.92000000004191, 6182875.759999999776483 ], [ 715098.442999999970198, 6182875.275999999605119 ], [ 715087.788999999989755, 6182868.32799999974668 ], [ 715062.147, 6182874.291000000201166 ], [ 715062.199999999953434, 6182874.339999999850988 ], [ 715062.96999999997206, 6182875.299999999813735 ], [ 715063.449999999953434, 6182876.42 ], [ 715063.60999999998603, 6182877.639999999664724 ], [ 715063.439999999944121, 6182878.849999999627471 ], [ 715060.189999999944121, 6182890.879999999888241 ], [ 715059.738999999943189, 6182892.725999999791384 ], [ 715057.229999999981374, 6182902.990000000223517 ], [ 715054.560000000055879, 6182915.17 ], [ 715052.189999999944121, 6182927.400000000372529 ], [ 715050.12, 6182939.700000000186265 ], [ 715049.167000000015832, 6182946.301 ], [ 715048.339999999967404, 6182952.03000000026077 ], [ 715047.67000000004191, 6182954.58 ], [ 715046.650000000023283, 6182957.0 ], [ 715045.310000000055879, 6182959.269999999552965 ], [ 715043.680000000051223, 6182961.33 ], [ 715041.78000000002794, 6182963.150000000372529 ], [ 715039.650000000023283, 6182964.690000000409782 ], [ 715037.32999999995809, 6182965.940000000409782 ], [ 715034.85999999998603, 6182966.849999999627471 ], [ 715032.290000000037253, 6182967.42 ], [ 715029.67000000004191, 6182967.639999999664724 ], [ 715001.876000000047497, 6182966.389999999664724 ], [ 714977.650000000023283, 6182965.299999999813735 ], [ 714971.069999999948777, 6182965.0 ], [ 714965.709999999962747, 6182964.58 ], [ 714959.199999999953434, 6182964.599999999627471 ], [ 714944.496000000042841, 6182964.612999999895692 ], [ 714935.85999999998603, 6182964.620000000111759 ], [ 714920.569999999948777, 6182963.389999999664724 ], [ 714922.35999999998603, 6182949.639999999664724 ], [ 714923.459999999962747, 6182949.730000000447035 ], [ 714926.479999999981374, 6182909.339999999850988 ], [ 714931.199999999953434, 6182869.070000000298023 ], [ 714924.321, 6182868.879999999888241 ], [ 714881.24, 6182867.690999999642372 ], [ 714872.160000000032596, 6182867.440000000409782 ], [ 714857.770000000018626, 6182867.21999999973923 ], [ 714845.53000000002794, 6182865.799999999813735 ], [ 714840.748999999952503, 6182865.071999999694526 ], [ 714832.71999999997206, 6182863.849999999627471 ], [ 714806.569999999948777, 6182858.440000000409782 ], [ 714795.42000000004191, 6182906.299999999813735 ], [ 714760.930000000051223, 6182894.58 ], [ 714764.177999999956228, 6182884.877000000327826 ], [ 714773.300000000046566, 6182857.629999999888241 ], [ 714779.550000000046566, 6182852.839999999850988 ], [ 714774.650000000023283, 6182851.83 ], [ 714760.67000000004191, 6182848.83 ], [ 714756.435000000055879, 6182847.974999999627471 ], [ 714739.810000000055879, 6182844.620000000111759 ], [ 714724.939999999944121, 6182887.230000000447035 ], [ 714724.937999999965541, 6182887.230000000447035 ], [ 714724.937000000034459, 6182887.233 ], [ 714665.964999999967404, 6182881.454 ], [ 714665.908000000054017, 6182881.447999999858439 ], [ 714662.322000000043772, 6182891.792000000365078 ], [ 714649.903999999980442, 6182927.611999999731779 ], [ 714649.942999999970198, 6182927.622999999672174 ], [ 714645.199999999953434, 6182941.29 ], [ 714645.162000000011176, 6182941.286999999545515 ], [ 714645.153999999980442, 6182941.310999999754131 ], [ 714631.947000000043772, 6182940.239 ], [ 714625.87699999997858, 6182939.746000000275671 ], [ 714603.89000000001397, 6182937.990000000223517 ], [ 714569.770000000018626, 6182935.21999999973923 ], [ 714567.65300000004936, 6182935.011 ], [ 714566.86199999996461, 6182934.943 ], [ 714564.38800000003539, 6182934.724000000394881 ], [ 714564.008999999961816, 6182934.690999999642372 ], [ 714561.157, 6182934.428999999538064 ], [ 714558.305999999982305, 6182934.157999999821186 ], [ 714555.456, 6182933.878999999724329 ], [ 714552.606000000028871, 6182933.589999999850988 ], [ 714551.893999999971129, 6182933.515999999828637 ], [ 714549.045999999972992, 6182933.216 ], [ 714546.199000000022352, 6182932.906000000424683 ], [ 714543.351999999955297, 6182932.588000000454485 ], [ 714540.506999999983236, 6182932.261 ], [ 714537.662999999942258, 6182931.923999999649823 ], [ 714534.819999999948777, 6182931.579 ], [ 714534.109000000054948, 6182931.49100000038743 ], [ 714534.15500000002794, 6182931.360999999567866 ], [ 714521.300000000046566, 6182929.75 ], [ 714515.069999999948777, 6182928.882000000216067 ], [ 714515.03000000002794, 6182928.877000000327826 ], [ 714508.39000000001397, 6182927.950000000186265 ], [ 714506.317000000039116, 6182927.63300000037998 ], [ 714495.51, 6182925.980000000447035 ], [ 714485.055000000051223, 6182924.096 ], [ 714485.015999999945052, 6182924.088000000454485 ], [ 714479.310000000055879, 6182923.059999999590218 ], [ 714463.17000000004191, 6182919.839999999850988 ], [ 714455.115, 6182918.082000000402331 ], [ 714451.199999999953434, 6182937.212000000290573 ], [ 714465.290000000037253, 6182938.599999999627471 ], [ 714489.96999999997206, 6182942.25 ], [ 714486.089999999967404, 6182953.79 ], [ 714498.819999999948777, 6182955.889999999664724 ], [ 714501.959000000031665, 6182956.365000000223517 ], [ 714511.57999999995809, 6182957.820000000298023 ], [ 714524.37, 6182959.559999999590218 ], [ 714528.37, 6182947.950000000186265 ] ] ] ] } },
{ "type": "Feature", "properties": { "fid": 44, "Red_area_P": 1.547, "Bef_area_P": 1.934, "Area_PULS": 4.724, "PULS_Navn": 6701000, "Høj_Bolig_[Ha]": 0.0, "Ikke_bef_[Ha]": 0.0, "Industri_[Ha]": 0.0, "Kunstgræs_[Ha]": 0.0, "Lav_bolig_[Ha]": 0.81248168676900367, "Losseplads_[Ha]": 0.0, "Parkering_[Ha]": 0.0, "ÅDT<15000_[Ha]": 0.17712874021943709, "ÅDT>15000_[Ha]": 0.0 }, "geometry": { "type": "MultiPolygon", "coordinates": [ [ [ [ 712993.770000000018626, 6184110.820000000298023 ], [ 712974.520000000018626, 6184107.519999999552965 ], [ 712954.67000000004191, 6184104.120000000111759 ], [ 712942.709999999962747, 6184102.099999999627471 ], [ 712942.87, 6184103.92 ], [ 712944.804, 6184126.683000000193715 ], [ 712945.949000000022352, 6184140.122000000439584 ], [ 712946.12, 6184142.089999999850988 ], [ 712950.790000000037253, 6184196.879999999888241 ], [ 712951.01, 6184199.53000000026077 ], [ 712986.21999999997206, 6184186.160000000149012 ], [ 713021.555999999982305, 6184165.730000000447035 ], [ 713087.46999999997206, 6184127.620000000111759 ], [ 713085.62, 6184126.96 ], [ 713082.39000000001397, 6184126.400000000372529 ], [ 713059.39000000001397, 6184122.480000000447035 ], [ 713036.229999999981374, 6184118.160000000149012 ], [ 713014.03000000002794, 6184114.259999999776483 ], [ 713009.060000000055879, 6184113.416000000201166 ], [ 712993.770000000018626, 6184110.820000000298023 ] ] ] ] } },
{ "type": "Feature", "properties": { "fid": 45, "Red_area_P": 1.547, "Bef_area_P": 1.934, "Area_PULS": 4.724, "PULS_Navn": 6701000, "Høj_Bolig_[Ha]": 0.0, "Ikke_bef_[Ha]": 0.0, "Industri_[Ha]": 0.0, "Kunstgræs_[Ha]": 0.0, "Lav_bolig_[Ha]": 0.81248168676900367, "Losseplads_[Ha]": 0.0, "Parkering_[Ha]": 0.0, "ÅDT<15000_[Ha]": 0.17712874021943709, "ÅDT>15000_[Ha]": 0.0 }, "geometry": { "type": "MultiPolygon", "coordinates": [ [ [ [ 713142.96999999997206, 6184103.28000000026077 ], [ 713144.71999999997206, 6184108.009999999776483 ], [ 713141.089999999967404, 6184119.820000000298023 ], [ 713136.39000000001397, 6184121.389999999664724 ], [ 713133.089999999967404, 6184120.440000000409782 ], [ 713126.290000000037253, 6184118.480000000447035 ], [ 713121.07999999995809, 6184132.860000000335276 ], [ 713118.040000000037253, 6184132.440000000409782 ], [ 713122.790000000037253, 6184119.320000000298023 ], [ 713121.949999999953434, 6184117.230000000447035 ], [ 713114.660000000032596, 6184137.339999999850988 ], [ 713094.939999999944121, 6184130.29 ], [ 713029.756999999983236, 6184167.938 ], [ 712989.24, 6184191.339999999850988 ], [ 712952.459999999962747, 6184215.240000000223517 ], [ 712952.92000000004191, 6184218.190000000409782 ], [ 712953.849999999976717, 6184224.21 ], [ 712954.383000000030734, 6184229.003999999724329 ], [ 713032.415999999968335, 6184227.435999999754131 ], [ 713051.875, 6184227.045 ], [ 713083.854999999981374, 6184238.011 ], [ 713085.564999999944121, 6184230.770999999716878 ], [ 713087.187999999965541, 6184223.899000000208616 ], [ 713087.976000000024214, 6184224.126000000163913 ], [ 713098.14000000001397, 6184227.045 ], [ 713099.5, 6184223.339999999850988 ], [ 713111.49, 6184225.639999999664724 ], [ 713123.400000000023283, 6184228.309999999590218 ], [ 713135.21999999997206, 6184231.33 ], [ 713146.939999999944121, 6184234.71999999973923 ], [ 713158.560000000055879, 6184238.46999999973923 ], [ 713170.050000000046566, 6184242.570000000298023 ], [ 713158.25, 6184231.150000000372529 ], [ 713170.07999999995809, 6184235.299999999813735 ], [ 713181.770000000018626, 6184239.809999999590218 ], [ 713191.03000000002794, 6184243.690000000409782 ], [ 713200.199999999953434, 6184247.799999999813735 ], [ 713209.26, 6184252.129999999888241 ], [ 713218.17000000004191, 6184256.660000000149012 ], [ 713226.96999999997206, 6184261.410000000149012 ], [ 713235.650000000023283, 6184266.370000000111759 ], [ 713244.209999999962747, 6184271.559999999590218 ], [ 713252.64000000001397, 6184276.950000000186265 ], [ 713260.939999999944121, 6184282.549999999813735 ], [ 713270.959999999962747, 6184289.730000000447035 ], [ 713280.76, 6184297.200000000186265 ], [ 713285.689999999944121, 6184297.230000000447035 ], [ 713291.849999999976717, 6184292.462000000290573 ], [ 713312.069999999948777, 6184276.809999999590218 ], [ 713333.020000000018626, 6184260.589999999850988 ], [ 713338.660000000032596, 6184256.21999999973923 ], [ 713353.849999999976717, 6184244.21999999973923 ], [ 713329.53000000002794, 6184214.549999999813735 ], [ 713324.792999999946915, 6184218.43099999986589 ], [ 713318.726000000024214, 6184210.480999999679625 ], [ 713327.689999999944121, 6184203.139999999664724 ], [ 713294.089999999967404, 6184183.96 ], [ 713285.800000000046566, 6184179.230000000447035 ], [ 713300.560000000055879, 6184153.370000000111759 ], [ 713279.439999999944121, 6184141.320000000298023 ], [ 713290.819999999948777, 6184121.379999999888241 ], [ 713295.64000000001397, 6184120.070000000298023 ], [ 713300.655999999959022, 6184122.929999999701977 ], [ 713288.572999999974854, 6184116.03000000026077 ], [ 713280.821, 6184111.602 ], [ 713282.14000000001397, 6184116.429999999701977 ], [ 713280.819999999948777, 6184111.600999999791384 ], [ 713275.212999999988824, 6184108.400000000372529 ], [ 713257.62, 6184098.360000000335276 ], [ 713244.49, 6184121.360000000335276 ], [ 713218.21999999997206, 6184106.360000000335276 ], [ 713228.148000000044703, 6184088.968999999575317 ], [ 713220.128999999957159, 6184083.002000000327826 ], [ 713203.959999999962747, 6184111.190000000409782 ], [ 713179.569999999948777, 6184097.269999999552965 ], [ 713166.67000000004191, 6184089.839999999850988 ], [ 713160.57999999995809, 6184086.339999999850988 ], [ 713153.800000000046566, 6184090.160000000149012 ], [ 713146.180000000051223, 6184094.46999999973923 ], [ 713144.74, 6184098.410000000149012 ], [ 713143.023000000044703, 6184103.13399999961257 ], [ 713142.96999999997206, 6184103.28000000026077 ] ] ] ] } },
{ "type": "Feature", "properties": { "fid": 46, "Red_area_P": 5.935, "Bef_area_P": 7.418, "Area_PULS": 14.479, "PULS_Navn": 6700000, "Høj_Bolig_[Ha]": 0.0, "Ikke_bef_[Ha]": 0.1550098162207495, "Industri_[Ha]": 0.0, "Kunstgræs_[Ha]": 0.0, "Lav_bolig_[Ha]": 4.7401275697678367, "Losseplads_[Ha]": 0.0, "Parkering_[Ha]": 0.45809565361510995, "ÅDT<15000_[Ha]": 0.57927322836136041, "ÅDT>15000_[Ha]": 0.0 }, "geometry": { "type": "MultiPolygon", "coordinates": [ [ [ [ 712959.71999999997206, 6183588.542000000365078 ], [ 712980.407, 6183547.850999999791384 ], [ 712978.902, 6183547.389000000432134 ], [ 712959.32999999995809, 6183588.512000000104308 ], [ 712959.71999999997206, 6183588.542000000365078 ] ] ] ] } },
{ "type": "Feature", "properties": { "fid": 47, "Red_area_P": 5.935, "Bef_area_P": 7.418, "Area_PULS": 14.479, "PULS_Navn": 6700000, "Høj_Bolig_[Ha]": 0.0, "Ikke_bef_[Ha]": 0.1550098162207495, "Industri_[Ha]": 0.0, "Kunstgræs_[Ha]": 0.0, "Lav_bolig_[Ha]": 4.7401275697678367, "Losseplads_[Ha]": 0.0, "Parkering_[Ha]": 0.45809565361510995, "ÅDT<15000_[Ha]": 0.57927322836136041, "ÅDT>15000_[Ha]": 0.0 }, "geometry": { "type": "MultiPolygon", "coordinates": [ [ [ [ 713098.410999999963678, 6183518.610000000335276 ], [ 713098.410000000032596, 6183518.609000000171363 ], [ 713098.410000000032596, 6183518.610000000335276 ], [ 713106.410000000032596, 6183527.429999999701977 ], [ 713116.060000000055879, 6183562.929999999701977 ], [ 713116.368000000016764, 6183563.085 ], [ 713111.962000000057742, 6183567.165 ], [ 713099.430999999982305, 6183561.023 ], [ 713086.163999999989755, 6183584.855000000447035 ], [ 713065.307999999960884, 6183574.610999999567866 ], [ 713036.677999999956228, 6183560.549999999813735 ], [ 713028.753000000026077, 6183564.58600000012666 ], [ 713023.020999999949709, 6183576.992999999783933 ], [ 713013.581, 6183572.314000000245869 ], [ 713002.648999999975786, 6183566.894999999552965 ], [ 712959.71999999997206, 6183588.542000000365078 ], [ 712959.224999999976717, 6183588.731999999843538 ], [ 712955.047000000020489, 6183597.511 ], [ 712955.050000000046566, 6183597.519999999552965 ], [ 712953.410000000032596, 6183600.950000000186265 ], [ 712952.07999999995809, 6183603.639999999664724 ], [ 712948.96999999997206, 6183610.450000000186265 ], [ 712949.14000000001397, 6183612.75 ], [ 712949.569999999948777, 6183618.46999999973923 ], [ 712951.17000000004191, 6183640.019999999552965 ], [ 712958.540000000037253, 6183692.179999999701977 ], [ 712959.99, 6183706.53000000026077 ], [ 712961.339999999967404, 6183714.21 ], [ 712964.300000000046566, 6183731.0 ], [ 712964.410000000032596, 6183731.889999999664724 ], [ 712966.810000000055879, 6183732.559999999590218 ], [ 712993.290000000037253, 6183739.940000000409782 ], [ 713010.599999999976717, 6183744.769999999552965 ], [ 713027.92000000004191, 6183749.599999999627471 ], [ 713034.378000000026077, 6183751.400999999605119 ], [ 713045.24, 6183754.429999999701977 ], [ 713064.46999999997206, 6183759.799999999813735 ], [ 713083.709999999962747, 6183765.17 ], [ 713101.020000000018626, 6183770.0 ], [ 713118.319999999948777, 6183774.839999999850988 ], [ 713135.62, 6183779.679999999701977 ], [ 713143.479999999981374, 6183781.878999999724329 ], [ 713169.287000000011176, 6183730.910000000149012 ], [ 713229.479999999981374, 6183760.014000000432134 ], [ 713244.310999999986961, 6183730.803999999538064 ], [ 713244.439999999944121, 6183727.870000000111759 ], [ 713244.569999999948777, 6183716.519999999552965 ], [ 713244.310000000055879, 6183705.17 ], [ 713243.67000000004191, 6183693.83 ], [ 713242.660000000032596, 6183682.53000000026077 ], [ 713242.089999999967404, 6183677.938 ], [ 713241.26, 6183671.259999999776483 ], [ 713238.189999999944121, 6183654.389999999664724 ], [ 713234.939999999944121, 6183634.679999999701977 ], [ 713234.206, 6183630.188 ], [ 713251.410000000032596, 6183639.528 ], [ 713254.39000000001397, 6183655.92 ], [ 713255.96999999997206, 6183665.79 ], [ 713257.290000000037253, 6183675.71 ], [ 713272.51, 6183679.929999999701977 ], [ 713279.689999999944121, 6183681.92 ], [ 713285.180000000051223, 6183684.200000000186265 ], [ 713294.12, 6183687.910000000149012 ], [ 713321.64000000001397, 6183699.33 ], [ 713311.339999999967404, 6183715.21999999973923 ], [ 713312.684, 6183715.662999999709427 ], [ 713317.650000000023283, 6183717.299999999813735 ], [ 713323.85999999998603, 6183719.660000000149012 ], [ 713329.96999999997206, 6183722.28000000026077 ], [ 713335.589999999967404, 6183724.940000000409782 ], [ 713341.089999999967404, 6183727.83 ], [ 713346.87, 6183723.767 ], [ 713374.310000000055879, 6183704.480000000447035 ], [ 713378.290000000037253, 6183707.78000000026077 ], [ 713383.560000000055879, 6183706.870000000111759 ], [ 713384.53000000002794, 6183708.25 ], [ 713394.650000000023283, 6183701.139999999664724 ], [ 713394.99, 6183701.400000000372529 ], [ 713406.207000000053085, 6183693.79 ], [ 713452.922999999951571, 6183662.093999999575317 ], [ 713503.5, 6183627.78000000026077 ], [ 713513.885, 6183645.360000000335276 ], [ 713530.518000000040047, 6183673.514999999664724 ], [ 713522.591000000014901, 6183680.695000000298023 ], [ 713521.199999999953434, 6183678.589999999850988 ], [ 713507.790999999968335, 6183657.53899999987334 ], [ 713501.459999999962747, 6183647.599999999627471 ], [ 713497.628000000026077, 6183646.78899999987334 ], [ 713494.60999999998603, 6183646.150000000372529 ], [ 713466.270000000018626, 6183664.96 ], [ 713459.25, 6183669.139999999664724 ], [ 713458.131999999983236, 6183669.747999999672174 ], [ 713397.040000000037253, 6183702.980000000447035 ], [ 713420.62, 6183721.179999999701977 ], [ 713437.07999999995809, 6183733.900000000372529 ], [ 713444.393000000040047, 6183739.536999999545515 ], [ 713458.866999999969266, 6183723.63300000037998 ], [ 713473.153999999980442, 6183712.122999999672174 ], [ 713495.775999999954365, 6183729.983 ], [ 713522.366999999969266, 6183756.96999999973923 ], [ 713528.716999999945983, 6183781.179999999701977 ], [ 713524.326, 6183801.248999999836087 ], [ 713532.76, 6183807.759999999776483 ], [ 713545.67000000004191, 6183817.730000000447035 ], [ 713565.729999999981374, 6183794.900000000372529 ], [ 713569.49, 6183790.610000000335276 ], [ 713580.930000000051223, 6183777.820000000298023 ], [ 713581.810000000055879, 6183786.700000000186265 ], [ 713582.37, 6183795.610000000335276 ], [ 713582.62, 6183804.53000000026077 ], [ 713582.569999999948777, 6183813.450000000186265 ], [ 713582.300000000046566, 6183820.67 ], [ 713581.819999999948777, 6183827.889999999664724 ], [ 713580.46999999997206, 6183844.309999999590218 ], [ 713781.49, 6183800.179999999701977 ], [ 713696.704000000027008, 6183723.384999999776483 ], [ 713659.317000000039116, 6183755.120000000111759 ], [ 713646.912999999942258, 6183761.838999999687076 ], [ 713630.375, 6183763.906000000424683 ], [ 713614.949999999953434, 6183768.28000000026077 ], [ 713600.51, 6183755.58 ], [ 713592.853, 6183764.278 ], [ 713568.473, 6183709.849999999627471 ], [ 713560.069999999948777, 6183691.088999999687076 ], [ 713578.726999999955297, 6183672.339999999850988 ], [ 713578.87, 6183672.46999999973923 ], [ 713581.711000000010245, 6183669.341 ], [ 713606.699999999953434, 6183641.820000000298023 ], [ 713597.300000000046566, 6183633.349999999627471 ], [ 713542.92000000004191, 6183602.490000000223517 ], [ 713533.550000000046566, 6183595.21 ], [ 713533.386999999987893, 6183595.28899999987334 ], [ 713520.511999999987893, 6183575.237999999895692 ], [ 713506.672999999951571, 6183554.392 ], [ 713484.937999999965541, 6183571.767 ], [ 713473.819999999948777, 6183553.269999999552965 ], [ 713468.856999999959953, 6183545.217000000178814 ], [ 713467.341000000014901, 6183542.950000000186265 ], [ 713463.599999999976717, 6183537.354000000283122 ], [ 713458.055999999982305, 6183529.688 ], [ 713453.466999999945983, 6183523.813 ], [ 713452.229999999981374, 6183522.230000000447035 ], [ 713447.662000000011176, 6183516.807 ], [ 713446.138999999966472, 6183514.998999999836087 ], [ 713439.783000000054017, 6183507.994 ], [ 713438.224999999976717, 6183506.400000000372529 ], [ 713433.17000000004191, 6183501.230000000447035 ], [ 713430.848, 6183499.019999999552965 ], [ 713426.314999999944121, 6183494.71100000012666 ], [ 713419.979000000050291, 6183489.119 ], [ 713419.21999999997206, 6183488.450000000186265 ], [ 713411.900000000023283, 6183482.46 ], [ 713405.398999999975786, 6183477.521999999880791 ], [ 713404.368999999947846, 6183476.740000000223517 ], [ 713404.37, 6183476.740000000223517 ], [ 713399.180000000051223, 6183473.049999999813735 ], [ 713393.900000000023283, 6183469.490000000223517 ], [ 713386.839999999967404, 6183465.009999999776483 ], [ 713379.63, 6183460.759999999776483 ], [ 713372.28000000002794, 6183456.75 ], [ 713364.613000000012107, 6183452.860999999567866 ], [ 713344.62, 6183442.71999999973923 ], [ 713334.74800000002142, 6183435.606999999843538 ], [ 713330.38, 6183432.46 ], [ 713330.88, 6183431.46999999973923 ], [ 713329.689999999944121, 6183430.860000000335276 ], [ 713324.150000000023283, 6183428.04 ], [ 713325.560000000055879, 6183425.230000000447035 ], [ 713321.85999999998603, 6183423.360000000335276 ], [ 713320.839999999967404, 6183422.839999999850988 ], [ 713320.21999999997206, 6183424.059999999590218 ], [ 713318.10999999998603, 6183425.0 ], [ 713313.449999999953434, 6183422.610000000335276 ], [ 713314.008999999961816, 6183419.754999999888241 ], [ 713298.810999999986961, 6183435.519000000320375 ], [ 713301.67000000004191, 6183434.820000000298023 ], [ 713310.300000000046566, 6183439.240000000223517 ], [ 713328.104999999981374, 6183448.343999999575317 ], [ 713358.479999999981374, 6183463.876000000163913 ], [ 713365.959999999962747, 6183467.700000000186265 ], [ 713373.78000000002794, 6183471.92 ], [ 713381.439999999944121, 6183476.410000000149012 ], [ 713388.92000000004191, 6183481.179999999701977 ], [ 713359.53000000002794, 6183489.839999999850988 ], [ 713338.42000000004191, 6183496.070000000298023 ], [ 713319.03000000002794, 6183500.990000000223517 ], [ 713321.020000000018626, 6183485.490000000223517 ], [ 713311.099999999976717, 6183484.309999999590218 ], [ 713310.53000000002794, 6183489.089999999850988 ], [ 713304.270000000018626, 6183493.980000000447035 ], [ 713303.935000000055879, 6183493.939000000245869 ], [ 713284.650000000023283, 6183491.570000000298023 ], [ 713280.415000000037253, 6183486.809999999590218 ], [ 713267.21999999997206, 6183471.980000000447035 ], [ 713268.001000000047497, 6183470.451000000350177 ], [ 713254.202999999979511, 6183464.474000000394881 ], [ 713253.5, 6183465.940000000409782 ], [ 713251.189999999944121, 6183464.79 ], [ 713243.26, 6183460.870000000111759 ], [ 713243.73499999998603, 6183459.939000000245869 ], [ 713245.569999999948777, 6183456.339999999850988 ], [ 713189.564999999944121, 6183480.037999999709427 ], [ 713098.410999999963678, 6183518.610000000335276 ] ] ] ] } },
{ "type": "Feature", "properties": { "fid": 48, "Red_area_P": 2.076, "Bef_area_P": 2.595, "Area_PULS": 6.429, "PULS_Navn": 6702000, "Høj_Bolig_[Ha]": 0.0, "Ikke_bef_[Ha]": 0.0, "Industri_[Ha]": 0.0, "Kunstgræs_[Ha]": 0.0, "Lav_bolig_[Ha]": 1.780200077985544, "Losseplads_[Ha]": 0.0, "Parkering_[Ha]": 0.0, "ÅDT<15000_[Ha]": 0.29493631594495573, "ÅDT>15000_[Ha]": 0.0 }, "geometry": { "type": "MultiPolygon", "coordinates": [ [ [ [ 713233.339999999967404, 6183924.71 ], [ 713219.21999999997206, 6183948.320000000298023 ], [ 713231.569999999948777, 6183964.059999999590218 ], [ 713223.089999999967404, 6183968.730000000447035 ], [ 713209.145999999949709, 6183975.339999999850988 ], [ 713208.64000000001397, 6183975.58 ], [ 713206.07999999995809, 6183976.570000000298023 ], [ 713203.410000000032596, 6183977.21999999973923 ], [ 713200.680000000051223, 6183977.509999999776483 ], [ 713197.930000000051223, 6183977.46 ], [ 713195.21999999997206, 6183977.04 ], [ 713195.202999999979511, 6183977.035000000149012 ], [ 713191.385, 6183986.668999999761581 ], [ 713204.24, 6183988.589999999850988 ], [ 713208.025000000023283, 6183989.833999999798834 ], [ 713208.560000000055879, 6183990.009999999776483 ], [ 713199.49, 6184019.440000000409782 ], [ 713219.060000000055879, 6184030.620000000111759 ], [ 713235.979999999981374, 6184040.28000000026077 ], [ 713241.635, 6184043.502999999560416 ], [ 713235.319999999948777, 6184054.509999999776483 ], [ 713201.199999999953434, 6184070.29 ], [ 713166.67000000004191, 6184089.839999999850988 ], [ 713179.569999999948777, 6184097.269999999552965 ], [ 713203.959999999962747, 6184111.190000000409782 ], [ 713220.128999999957159, 6184083.002000000327826 ], [ 713228.148000000044703, 6184088.968999999575317 ], [ 713218.21999999997206, 6184106.360000000335276 ], [ 713244.49, 6184121.360000000335276 ], [ 713257.62, 6184098.360000000335276 ], [ 713275.212999999988824, 6184108.400000000372529 ], [ 713280.819999999948777, 6184111.599999999627471 ], [ 713280.821, 6184111.602 ], [ 713288.572999999974854, 6184116.03000000026077 ], [ 713300.655999999959022, 6184122.929999999701977 ], [ 713295.64000000001397, 6184120.070000000298023 ], [ 713290.819999999948777, 6184121.379999999888241 ], [ 713279.439999999944121, 6184141.320000000298023 ], [ 713300.560000000055879, 6184153.370000000111759 ], [ 713285.800000000046566, 6184179.230000000447035 ], [ 713294.089999999967404, 6184183.96 ], [ 713327.689999999944121, 6184203.139999999664724 ], [ 713318.726000000024214, 6184210.480999999679625 ], [ 713324.792999999946915, 6184218.43099999986589 ], [ 713329.53000000002794, 6184214.549999999813735 ], [ 713353.849999999976717, 6184244.21999999973923 ], [ 713364.10999999998603, 6184235.839999999850988 ], [ 713374.25, 6184227.33 ], [ 713384.28000000002794, 6184218.679999999701977 ], [ 713394.199999999953434, 6184209.889999999664724 ], [ 713407.599999999976717, 6184197.639999999664724 ], [ 713420.78000000002794, 6184185.139999999664724 ], [ 713433.520000000018626, 6184172.610000000335276 ], [ 713446.03000000002794, 6184159.849999999627471 ], [ 713449.96999999997206, 6184162.21999999973923 ], [ 713450.839999999967404, 6184154.990000000223517 ], [ 713458.699999999953434, 6184146.660000000149012 ], [ 713473.28000000002794, 6184145.33 ], [ 713472.050000000046566, 6184132.009999999776483 ], [ 713480.199999999953434, 6184122.889999999664724 ], [ 713488.229999999981374, 6184113.679999999701977 ], [ 713500.10999999998603, 6184099.480000000447035 ], [ 713508.949999999953434, 6184088.71 ], [ 713478.729999999981374, 6184070.33 ], [ 713458.800000000046566, 6184058.049999999813735 ], [ 713441.88, 6184047.639999999664724 ], [ 713424.569999999948777, 6184036.990000000223517 ], [ 713422.020000000018626, 6184035.42 ], [ 713403.150000000023283, 6184023.820000000298023 ], [ 713398.680000000051223, 6184021.070000000298023 ], [ 713400.949999999953434, 6184017.139999999664724 ], [ 713408.479999999981374, 6184004.150000000372529 ], [ 713417.53000000002794, 6183988.559999999590218 ], [ 713426.540000000037253, 6183972.96999999973923 ], [ 713404.88, 6183958.660000000149012 ], [ 713420.569999999948777, 6183939.089999999850988 ], [ 713415.310000000055879, 6183935.610000000335276 ], [ 713394.88, 6183922.070000000298023 ], [ 713404.006999999983236, 6183911.024000000208616 ], [ 713391.501000000047497, 6183902.30599999986589 ], [ 713383.540000000037253, 6183911.490000000223517 ], [ 713384.39000000001397, 6183919.42 ], [ 713383.439999999944121, 6183920.71999999973923 ], [ 713354.0, 6183901.059999999590218 ], [ 713363.660000000032596, 6183885.129999999888241 ], [ 713331.650000000023283, 6183863.83 ], [ 713327.643999999971129, 6183869.833999999798834 ], [ 713319.37699999997858, 6183864.234000000171363 ], [ 713319.400000000023283, 6183864.200000000186265 ], [ 713283.62, 6183840.269999999552965 ], [ 713274.430000000051223, 6183855.75 ], [ 713265.290000000037253, 6183871.259999999776483 ], [ 713256.32999999995809, 6183886.240000000223517 ], [ 713255.979999999981374, 6183886.809999999590218 ], [ 713245.88, 6183903.71999999973923 ], [ 713233.339999999967404, 6183924.71 ] ] ] ] } },
{ "type": "Feature", "properties": { "fid": 49, "Red_area_P": 3.037, "Bef_area_P": 3.796, "Area_PULS": 8.308, "PULS_Navn": 6703000, "Høj_Bolig_[Ha]": 0.0, "Ikke_bef_[Ha]": 0.013115312714181121, "Industri_[Ha]": 0.0, "Kunstgræs_[Ha]": 0.0, "Lav_bolig_[Ha]": 2.4157918027574801, "Losseplads_[Ha]": 0.0, "Parkering_[Ha]": 0.17279455726153034, "ÅDT<15000_[Ha]": 0.43373378358117615, "ÅDT>15000_[Ha]": 0.0 }, "geometry": { "type": "MultiPolygon", "coordinates": [ [ [ [ 713094.697000000043772, 6183820.053999999538064 ], [ 713094.85999999998603, 6183820.099999999627471 ], [ 713081.49, 6183868.190000000409782 ], [ 713099.78000000002794, 6183873.28000000026077 ], [ 713118.060000000055879, 6183878.379999999888241 ], [ 713122.599999999976717, 6183862.03000000026077 ], [ 713145.689999999944121, 6183868.46999999973923 ], [ 713168.930000000051223, 6183875.519999999552965 ], [ 713165.99, 6183886.58 ], [ 713160.050000000046566, 6183908.860000000335276 ], [ 713160.689000000013039, 6183909.041000000201166 ], [ 713190.26, 6183917.429999999701977 ], [ 713194.849999999976717, 6183915.46 ], [ 713191.652, 6183924.303999999538064 ], [ 713206.089000000036322, 6183928.475999999791384 ], [ 713201.160000000032596, 6183942.120000000111759 ], [ 713208.78000000002794, 6183944.879999999888241 ], [ 713210.819999999948777, 6183944.389999999664724 ], [ 713219.21999999997206, 6183948.320000000298023 ], [ 713233.339999999967404, 6183924.71 ], [ 713245.88, 6183903.71999999973923 ], [ 713255.979999999981374, 6183886.809999999590218 ], [ 713256.32999999995809, 6183886.240000000223517 ], [ 713265.290000000037253, 6183871.259999999776483 ], [ 713274.430000000051223, 6183855.75 ], [ 713283.62, 6183840.269999999552965 ], [ 713319.400000000023283, 6183864.200000000186265 ], [ 713319.37699999997858, 6183864.234000000171363 ], [ 713327.643999999971129, 6183869.833999999798834 ], [ 713331.650000000023283, 6183863.83 ], [ 713363.660000000032596, 6183885.129999999888241 ], [ 713354.0, 6183901.059999999590218 ], [ 713383.439999999944121, 6183920.71999999973923 ], [ 713384.39000000001397, 6183919.42 ], [ 713383.540000000037253, 6183911.490000000223517 ], [ 713391.501000000047497, 6183902.30599999986589 ], [ 713404.006999999983236, 6183911.024000000208616 ], [ 713394.88, 6183922.070000000298023 ], [ 713415.310000000055879, 6183935.610000000335276 ], [ 713420.569999999948777, 6183939.089999999850988 ], [ 713432.050000000046566, 6183924.78000000026077 ], [ 713433.939999999944121, 6183922.429999999701977 ], [ 713446.810000000055879, 6183906.379999999888241 ], [ 713459.96999999997206, 6183889.96999999973923 ], [ 713455.21999999997206, 6183885.860000000335276 ], [ 713468.38, 6183869.450000000186265 ], [ 713473.13, 6183873.559999999590218 ], [ 713486.28000000002794, 6183871.58 ], [ 713494.979999999981374, 6183870.160000000149012 ], [ 713497.209999999962747, 6183872.849999999627471 ], [ 713500.449999999953434, 6183869.160000000149012 ], [ 713517.040000000037253, 6183866.160000000149012 ], [ 713518.772126981522888, 6183865.824301077984273 ], [ 713527.011000000056811, 6183885.359000000171363 ], [ 713534.246000000042841, 6183913.784 ], [ 713541.998999999952503, 6183954.612999999895692 ], [ 713561.121000000042841, 6183976.83600000012666 ], [ 713578.596000000019558, 6183987.722 ], [ 713592.647, 6183996.475999999791384 ], [ 713614.354000000050291, 6183998.542999999597669 ], [ 713629.858, 6183989.240000000223517 ], [ 713637.15500000002794, 6183990.700000000186265 ], [ 713640.32999999995809, 6183986.860000000335276 ], [ 713650.99, 6183970.96 ], [ 713649.439999999944121, 6183966.870000000111759 ], [ 713648.599999999976717, 6183964.160000000149012 ], [ 713648.069999999948777, 6183961.379999999888241 ], [ 713647.85999999998603, 6183958.559999999590218 ], [ 713647.96999999997206, 6183955.730000000447035 ], [ 713648.400000000023283, 6183952.929999999701977 ], [ 713649.14000000001397, 6183950.200000000186265 ], [ 713650.180000000051223, 6183947.570000000298023 ], [ 713651.520000000018626, 6183945.070000000298023 ], [ 713656.39000000001397, 6183937.17 ], [ 713625.839999999967404, 6183922.849999999627471 ], [ 713630.589999999967404, 6183916.33 ], [ 713578.82999999995809, 6183864.259999999776483 ], [ 713579.930000000051223, 6183850.860000000335276 ], [ 713787.199999999953434, 6183805.360000000335276 ], [ 713781.49, 6183800.179999999701977 ], [ 713580.46999999997206, 6183844.309999999590218 ], [ 713581.819999999948777, 6183827.889999999664724 ], [ 713582.300000000046566, 6183820.67 ], [ 713582.569999999948777, 6183813.450000000186265 ], [ 713582.62, 6183804.53000000026077 ], [ 713582.37, 6183795.610000000335276 ], [ 713581.810000000055879, 6183786.700000000186265 ], [ 713580.930000000051223, 6183777.820000000298023 ], [ 713569.49, 6183790.610000000335276 ], [ 713565.729999999981374, 6183794.900000000372529 ], [ 713545.67000000004191, 6183817.730000000447035 ], [ 713532.76, 6183807.759999999776483 ], [ 713524.326, 6183801.248999999836087 ], [ 713521.839999999967404, 6183799.33 ], [ 713507.319999999948777, 6183788.120000000111759 ], [ 713492.800000000046566, 6183776.910000000149012 ], [ 713471.35999999998603, 6183760.360000000335276 ], [ 713457.089999999967404, 6183749.339999999850988 ], [ 713445.24, 6183740.190000000409782 ], [ 713444.393000000040047, 6183739.536999999545515 ], [ 713437.07999999995809, 6183733.900000000372529 ], [ 713420.62, 6183721.179999999701977 ], [ 713397.040000000037253, 6183702.980000000447035 ], [ 713394.99, 6183701.400000000372529 ], [ 713394.650000000023283, 6183701.139999999664724 ], [ 713384.53000000002794, 6183708.25 ], [ 713383.560000000055879, 6183706.870000000111759 ], [ 713378.290000000037253, 6183707.78000000026077 ], [ 713374.310000000055879, 6183704.480000000447035 ], [ 713346.87, 6183723.767 ], [ 713341.089999999967404, 6183727.83 ], [ 713335.589999999967404, 6183724.940000000409782 ], [ 713329.96999999997206, 6183722.28000000026077 ], [ 713323.85999999998603, 6183719.660000000149012 ], [ 713317.650000000023283, 6183717.299999999813735 ], [ 713312.684, 6183715.662999999709427 ], [ 713311.339999999967404, 6183715.21999999973923 ], [ 713321.64000000001397, 6183699.33 ], [ 713294.12, 6183687.910000000149012 ], [ 713285.180000000051223, 6183684.200000000186265 ], [ 713279.689999999944121, 6183681.92 ], [ 713272.51, 6183679.929999999701977 ], [ 713257.290000000037253, 6183675.71 ], [ 713255.96999999997206, 6183665.79 ], [ 713254.39000000001397, 6183655.92 ], [ 713251.410000000032596, 6183639.528 ], [ 713234.206, 6183630.188 ], [ 713234.939999999944121, 6183634.679999999701977 ], [ 713238.189999999944121, 6183654.389999999664724 ], [ 713241.26, 6183671.259999999776483 ], [ 713242.089999999967404, 6183677.938 ], [ 713242.660000000032596, 6183682.53000000026077 ], [ 713243.67000000004191, 6183693.83 ], [ 713244.310000000055879, 6183705.17 ], [ 713244.569999999948777, 6183716.519999999552965 ], [ 713244.439999999944121, 6183727.870000000111759 ], [ 713244.310570984147489, 6183730.804844955913723 ], [ 713229.479999999981374, 6183760.014000000432134 ], [ 713169.287000000011176, 6183730.910000000149012 ], [ 713143.480007690843195, 6183781.878984809853137 ], [ 713135.62, 6183779.679999999701977 ], [ 713118.319999999948777, 6183774.839999999850988 ], [ 713107.63, 6183813.309999999590218 ], [ 713097.175000000046566, 6183810.387000000104308 ], [ 713094.697000000043772, 6183820.053999999538064 ] ] ] ] } },
{ "type": "Feature", "properties": { "fid": 50, "Red_area_P": 0.233, "Bef_area_P": 0.292, "Area_PULS": 0.813, "PULS_Navn": 6706011, "Høj_Bolig_[Ha]": 0.0, "Ikke_bef_[Ha]": 0.054979490467682059, "Industri_[Ha]": 0.032873830291399057, "Kunstgræs_[Ha]": 0.0, "Lav_bolig_[Ha]": 0.045803012796564103, "Losseplads_[Ha]": 0.0, "Parkering_[Ha]": 0.0, "ÅDT<15000_[Ha]": 0.09962139803581771, "ÅDT>15000_[Ha]": 0.0 }, "geometry": { "type": "MultiPolygon", "coordinates": [ [ [ [ 713807.148999999975786, 6183228.526999999769032 ], [ 713807.12, 6183228.559999999590218 ], [ 713802.03000000002794, 6183234.559999999590218 ], [ 713797.07999999995809, 6183240.690000000409782 ], [ 713792.75, 6183246.129999999888241 ], [ 713784.800000000046566, 6183255.620000000111759 ], [ 713778.321, 6183262.894000000320375 ], [ 713776.569999999948777, 6183264.860000000335276 ], [ 713768.040000000037253, 6183273.83 ], [ 713759.24, 6183282.53000000026077 ], [ 713750.17000000004191, 6183290.940000000409782 ], [ 713740.839999999967404, 6183299.070000000298023 ], [ 713731.26, 6183306.900000000372529 ], [ 713729.393000000040047, 6183308.33 ], [ 713721.430000000051223, 6183314.429999999701977 ], [ 713711.38, 6183321.639999999664724 ], [ 713701.099999999976717, 6183328.54 ], [ 713700.92000000004191, 6183328.150000000372529 ], [ 713694.39000000001397, 6183332.0 ], [ 713686.930000000051223, 6183336.049999999813735 ], [ 713685.277, 6183336.848000000230968 ], [ 713679.290000000037253, 6183339.740000000223517 ], [ 713671.49, 6183343.089999999850988 ], [ 713663.540000000037253, 6183346.070000000298023 ], [ 713655.46999999997206, 6183348.679999999701977 ], [ 713647.28000000002794, 6183350.92 ], [ 713639.0, 6183352.79 ], [ 713630.650000000023283, 6183354.269999999552965 ], [ 713622.229999999981374, 6183355.360000000335276 ], [ 713613.770000000018626, 6183356.08 ], [ 713608.432000000029802, 6183356.281000000424683 ], [ 713604.116000000038184, 6183374.428999999538064 ], [ 713610.310000000055879, 6183374.333999999798834 ], [ 713619.008999999961816, 6183373.826999999582767 ], [ 713627.677999999956228, 6183372.947999999858439 ], [ 713636.300999999977648, 6183371.696999999694526 ], [ 713644.863000000012107, 6183370.07799999974668 ], [ 713653.348, 6183368.093999999575317 ], [ 713661.74, 6183365.747000000439584 ], [ 713661.883999999961816, 6183365.78000000026077 ], [ 713678.24, 6183357.070000000298023 ], [ 713687.930000000051223, 6183351.730000000447035 ], [ 713691.910999999963678, 6183349.390999999828637 ], [ 713697.459999999962747, 6183346.129999999888241 ], [ 713706.849999999976717, 6183340.28000000026077 ], [ 713717.180000000051223, 6183333.42 ], [ 713727.290000000037253, 6183326.25 ], [ 713737.180000000051223, 6183318.78000000026077 ], [ 713737.268000000040047, 6183318.708999999798834 ], [ 713746.839999999967404, 6183311.009999999776483 ], [ 713756.26, 6183302.950000000186265 ], [ 713765.430000000051223, 6183294.599999999627471 ], [ 713774.339999999967404, 6183285.980000000447035 ], [ 713782.979999999981374, 6183277.099999999627471 ], [ 713787.714000000036322, 6183271.924999999813735 ], [ 713791.349999999976717, 6183267.950000000186265 ], [ 713799.439999999944121, 6183258.549999999813735 ], [ 713807.229999999981374, 6183248.910000000149012 ], [ 713812.040000000037253, 6183242.940000000409782 ], [ 713817.0, 6183237.099999999627471 ], [ 713822.111000000033528, 6183231.399000000208616 ], [ 713807.148999999975786, 6183228.526999999769032 ] ] ] ] } },
{ "type": "Feature", "properties": { "fid": 51, "Red_area_P": 0.233, "Bef_area_P": 0.292, "Area_PULS": 0.813, "PULS_Navn": 6706011, "Høj_Bolig_[Ha]": 0.0, "Ikke_bef_[Ha]": 0.054979490467682059, "Industri_[Ha]": 0.032873830291399057, "Kunstgræs_[Ha]": 0.0, "Lav_bolig_[Ha]": 0.045803012796564103, "Losseplads_[Ha]": 0.0, "Parkering_[Ha]": 0.0, "ÅDT<15000_[Ha]": 0.09962139803581771, "ÅDT>15000_[Ha]": 0.0 }, "geometry": { "type": "MultiPolygon", "coordinates": [ [ [ [ 713627.245, 6183451.234000000171363 ], [ 713642.618000000016764, 6183480.992999999783933 ], [ 713643.180000000051223, 6183482.08 ], [ 713594.300000000046566, 6183509.410000000149012 ], [ 713618.729999999981374, 6183541.21 ], [ 713583.959999999962747, 6183563.019999999552965 ], [ 713593.089999999967404, 6183570.29 ], [ 713601.430000000051223, 6183582.809999999590218 ], [ 713605.449999999953434, 6183573.28000000026077 ], [ 713657.170999999972992, 6183540.245000000111759 ], [ 713671.270000000018626, 6183531.240000000223517 ], [ 713669.040000000037253, 6183528.009999999776483 ], [ 713675.0, 6183516.58 ], [ 713680.99800000002142, 6183512.860999999567866 ], [ 713679.101999999955297, 6183505.485000000335276 ], [ 713675.39000000001397, 6183507.769999999552965 ], [ 713675.26500000001397, 6183507.735999999567866 ], [ 713670.077000000048429, 6183510.957999999634922 ], [ 713663.334000000031665, 6183509.072999999858439 ], [ 713647.631999999983236, 6183478.429999999701977 ], [ 713632.398999999975786, 6183448.701000000350177 ], [ 713630.98699999996461, 6183445.946000000461936 ], [ 713625.900999999954365, 6183448.576000000350177 ], [ 713625.883999999961816, 6183448.599999999627471 ], [ 713627.245, 6183451.234000000171363 ] ] ] ] } },
{ "type": "Feature", "properties": { "fid": 52, "Red_area_P": 4.064, "Bef_area_P": 5.081, "Area_PULS": 11.284, "PULS_Navn": 6709000, "Høj_Bolig_[Ha]": 0.0, "Ikke_bef_[Ha]": 0.02159558614563906, "Industri_[Ha]": 0.0, "Kunstgræs_[Ha]": 0.0, "Lav_bolig_[Ha]": 3.4146785243463724, "Losseplads_[Ha]": 0.0, "Parkering_[Ha]": 0.0, "ÅDT<15000_[Ha]": 0.57956575649900388, "ÅDT>15000_[Ha]": 0.046613081614459095 }, "geometry": { "type": "MultiPolygon", "coordinates": [ [ [ [ 714908.14000000001397, 6183029.679999999701977 ], [ 714906.099999999976717, 6183029.519999999552965 ], [ 714904.050000000046566, 6183029.360000000335276 ], [ 714902.0, 6183029.190000000409782 ], [ 714899.959999999962747, 6183029.019999999552965 ], [ 714897.910000000032596, 6183028.839999999850988 ], [ 714895.87, 6183028.650000000372529 ], [ 714893.819999999948777, 6183028.46 ], [ 714891.78000000002794, 6183028.259999999776483 ], [ 714889.74, 6183028.049999999813735 ], [ 714887.699999999953434, 6183027.839999999850988 ], [ 714885.660000000032596, 6183027.629999999888241 ], [ 714883.60999999998603, 6183027.400000000372529 ], [ 714881.569999999948777, 6183027.179999999701977 ], [ 714879.53000000002794, 6183026.940000000409782 ], [ 714877.5, 6183026.700000000186265 ], [ 714875.459999999962747, 6183026.46 ], [ 714873.42000000004191, 6183026.200000000186265 ], [ 714871.38, 6183025.940000000409782 ], [ 714869.349999999976717, 6183025.679999999701977 ], [ 714868.062000000034459, 6183025.50899999961257 ], [ 714866.709999999962747, 6183035.650000000372529 ], [ 714864.319999999948777, 6183051.450000000186265 ], [ 714864.099999999976717, 6183052.950000000186265 ], [ 714861.790000000037253, 6183068.21999999973923 ], [ 714861.49, 6183070.240000000223517 ], [ 714859.189999999944121, 6183085.490000000223517 ], [ 714858.88, 6183087.53000000026077 ], [ 714856.57999999995809, 6183102.78000000026077 ], [ 714856.270000000018626, 6183104.820000000298023 ], [ 714853.959999999962747, 6183120.120000000111759 ], [ 714853.660000000032596, 6183122.110000000335276 ], [ 714851.349999999976717, 6183137.429999999701977 ], [ 714851.050000000046566, 6183139.400000000372529 ], [ 714848.680000000051223, 6183154.679999999701977 ], [ 714848.37, 6183156.650000000372529 ], [ 714846.0, 6183171.879999999888241 ], [ 714845.699999999953434, 6183173.839999999850988 ], [ 714843.319999999948777, 6183189.089999999850988 ], [ 714843.01, 6183191.049999999813735 ], [ 714886.270000000018626, 6183197.650000000372529 ], [ 714883.952000000048429, 6183207.014000000432134 ], [ 714882.03000000002794, 6183214.78000000026077 ], [ 714877.297999999951571, 6183231.517 ], [ 714874.89000000001397, 6183230.826999999582767 ], [ 714873.28000000002794, 6183228.009999999776483 ], [ 714855.072999999974854, 6183223.248999999836087 ], [ 714835.229999999981374, 6183218.059999999590218 ], [ 714829.770000000018626, 6183237.25 ], [ 714829.5, 6183238.21 ], [ 714824.28000000002794, 6183256.440000000409782 ], [ 714823.74, 6183258.360000000335276 ], [ 714818.790000000037253, 6183275.620000000111759 ], [ 714817.959999999962747, 6183278.5 ], [ 714813.290000000037253, 6183294.799999999813735 ], [ 714810.89000000001397, 6183303.179999999701977 ], [ 714808.0, 6183313.299999999813735 ], [ 714850.88, 6183311.309999999590218 ], [ 714861.790000000037253, 6183310.799999999813735 ], [ 714907.229999999981374, 6183308.700000000186265 ], [ 714952.88, 6183306.58 ], [ 714949.481999999959953, 6183316.714999999850988 ], [ 714949.48499999998603, 6183316.714999999850988 ], [ 714678.626000000047497, 6183329.315999999642372 ], [ 714676.39000000001397, 6183353.136 ], [ 714673.988999999943189, 6183378.718999999575317 ], [ 714641.091000000014901, 6183377.041000000201166 ], [ 714638.10999999998603, 6183376.804999999701977 ], [ 714635.167999999946915, 6183376.269000000320375 ], [ 714632.294, 6183375.440999999642372 ], [ 714629.518000000040047, 6183374.329 ], [ 714626.868000000016764, 6183372.943 ], [ 714623.64000000001397, 6183368.400000000372529 ], [ 714623.64000000001397, 6183368.490000000223517 ], [ 714617.459999999962747, 6183384.693 ], [ 714640.412000000011176, 6183387.292999999597669 ], [ 714657.219000000040978, 6183389.196999999694526 ], [ 714656.479000000050291, 6183395.724000000394881 ], [ 714731.716000000014901, 6183403.190000000409782 ], [ 714802.238999999943189, 6183410.303999999538064 ], [ 714869.648999999975786, 6183405.978000000119209 ], [ 714951.005, 6183379.237999999895692 ], [ 714975.778999999980442, 6183388.855000000447035 ], [ 714975.777, 6183388.859000000171363 ], [ 714975.78000000002794, 6183388.860000000335276 ], [ 714983.17000000004191, 6183370.21999999973923 ], [ 714988.07999999995809, 6183357.379999999888241 ], [ 714992.82999999995809, 6183344.46999999973923 ], [ 714997.410000000032596, 6183331.5 ], [ 715003.07999999995809, 6183314.129999999888241 ], [ 715006.24, 6183303.990000000223517 ], [ 715009.270000000018626, 6183293.839999999850988 ], [ 715012.87, 6183281.269999999552965 ], [ 715015.63, 6183271.190000000409782 ], [ 715018.290000000037253, 6183261.08 ], [ 714979.660000000032596, 6183250.929999999701977 ], [ 714980.979999999981374, 6183246.059999999590218 ], [ 715019.560000000055879, 6183256.240000000223517 ], [ 715025.01, 6183236.650000000372529 ], [ 715048.229999999981374, 6183242.667000000365078 ], [ 715053.21999999997206, 6183243.96 ], [ 715056.930000000051223, 6183244.759999999776483 ], [ 715060.699999999953434, 6183245.190000000409782 ], [ 715064.49, 6183245.28000000026077 ], [ 715068.270000000018626, 6183245.0 ], [ 715072.0, 6183244.360000000335276 ], [ 715075.67000000004191, 6183243.379999999888241 ], [ 715079.21999999997206, 6183242.049999999813735 ], [ 715082.63, 6183240.389999999664724 ], [ 715085.85999999998603, 6183238.42 ], [ 715088.900000000023283, 6183236.139999999664724 ], [ 715091.709999999962747, 6183233.599999999627471 ], [ 715094.26, 6183230.79 ], [ 715096.540000000037253, 6183227.759999999776483 ], [ 715098.520000000018626, 6183224.53000000026077 ], [ 715100.180000000051223, 6183221.120000000111759 ], [ 715101.520000000018626, 6183217.570000000298023 ], [ 715102.51, 6183213.910000000149012 ], [ 715103.150000000023283, 6183210.179999999701977 ], [ 715105.35999999998603, 6183208.78000000026077 ], [ 715108.824999999953434, 6183187.808000000193715 ], [ 715112.868999999947846, 6183163.337000000290573 ], [ 715113.459999999962747, 6183159.759999999776483 ], [ 715111.64000000001397, 6183157.83 ], [ 715116.65500000002794, 6183117.668999999761581 ], [ 715117.660000000032596, 6183109.620000000111759 ], [ 715120.64000000001397, 6183107.019999999552965 ], [ 715130.78000000002794, 6183107.900000000372529 ], [ 715131.810000000055879, 6183096.5 ], [ 715138.5, 6183097.08 ], [ 715147.800000000046566, 6183057.71999999973923 ], [ 715152.430000000051223, 6183038.089999999850988 ], [ 715157.160000000032596, 6183018.679999999701977 ], [ 715162.10999999998603, 6182998.389999999664724 ], [ 715190.270000000018626, 6183002.17 ], [ 715207.044, 6183003.514999999664724 ], [ 715247.39000000001397, 6183006.75 ], [ 715251.246000000042841, 6183007.062 ], [ 715291.831, 6183010.348000000230968 ], [ 715295.491999999969266, 6182993.611999999731779 ], [ 715275.550000000046566, 6182992.0 ], [ 715252.707999999984168, 6182990.150999999605119 ], [ 715248.75, 6182989.83 ], [ 715208.523999999975786, 6182985.487999999895692 ], [ 715166.290000000037253, 6182980.929999999701977 ], [ 715166.550000000046566, 6182979.849999999627471 ], [ 715170.979999999981374, 6182960.92 ], [ 715175.069999999948777, 6182943.360000000335276 ], [ 715179.39000000001397, 6182925.759999999776483 ], [ 715183.75, 6182908.179999999701977 ], [ 715188.270000000018626, 6182889.28000000026077 ], [ 715179.613999999943189, 6182886.974999999627471 ], [ 715156.050000000046566, 6182880.700000000186265 ], [ 715132.50199999997858, 6182874.543999999761581 ], [ 715132.49, 6182874.519999999552965 ], [ 715132.343, 6182874.502000000327826 ], [ 715108.689999999944121, 6182871.639999999664724 ], [ 715106.699999999953434, 6182871.599999999627471 ], [ 715104.729999999981374, 6182871.870000000111759 ], [ 715102.819999999948777, 6182872.440000000409782 ], [ 715101.03000000002794, 6182873.29 ], [ 715099.38, 6182874.410000000149012 ], [ 715098.442999999970198, 6182875.275999999605119 ], [ 715097.92000000004191, 6182875.759999999776483 ], [ 715096.689999999944121, 6182877.320000000298023 ], [ 715093.959999999962747, 6182887.410000000149012 ], [ 715091.479999999981374, 6182897.240000000223517 ], [ 715091.192000000039116, 6182898.481999999843538 ], [ 715089.189999999944121, 6182907.110000000335276 ], [ 715087.099999999976717, 6182917.099999999627471 ], [ 715085.189999999944121, 6182927.120000000111759 ], [ 715083.439999999944121, 6182937.129999999888241 ], [ 715081.85999999998603, 6182947.179999999701977 ], [ 715081.324000000022352, 6182951.178999999538064 ], [ 715080.410000000032596, 6182958.009999999776483 ], [ 715080.300000000046566, 6182960.150000000372529 ], [ 715080.49, 6182962.28000000026077 ], [ 715080.979999999981374, 6182964.349999999627471 ], [ 715081.76, 6182966.339999999850988 ], [ 715082.819999999948777, 6182968.200000000186265 ], [ 715084.322999999974854, 6182968.377000000327826 ], [ 715118.979999999981374, 6182972.450000000186265 ], [ 715118.680000000051223, 6182974.58 ], [ 715119.115, 6182974.627999999560416 ], [ 715116.711000000010245, 6182999.549999999813735 ], [ 715116.439999999944121, 6182999.54 ], [ 715111.160000000032596, 6182999.360000000335276 ], [ 715082.297000000020489, 6182997.076999999582767 ], [ 715076.650000000023283, 6182996.629999999888241 ], [ 715075.67000000004191, 6183008.339999999850988 ], [ 715074.099999999976717, 6183028.299999999813735 ], [ 715064.099999999976717, 6183028.75 ], [ 715054.040000000037253, 6183029.21 ], [ 715014.160000000032596, 6183026.589999999850988 ], [ 715004.189999999944121, 6183025.809999999590218 ], [ 715003.947000000043772, 6183028.83 ], [ 715003.699999999953434, 6183031.889999999664724 ], [ 714998.319999999948777, 6183036.490000000223517 ], [ 714976.550999999977648, 6183034.829 ], [ 714968.560000000055879, 6183034.21999999973923 ], [ 714970.099999999976717, 6183023.150000000372529 ], [ 714970.101000000024214, 6183023.140999999828637 ], [ 714957.599999999976717, 6183022.156000000424683 ], [ 714957.599999999976717, 6183022.160000000149012 ], [ 714957.479999999981374, 6183033.379999999888241 ], [ 714923.723, 6183030.803999999538064 ], [ 714916.339999999967404, 6183030.240000000223517 ], [ 714914.290000000037253, 6183030.110000000335276 ], [ 714912.24, 6183029.96999999973923 ], [ 714910.189999999944121, 6183029.820000000298023 ], [ 714908.14000000001397, 6183029.679999999701977 ] ] ] ] } },
{ "type": "Feature", "properties": { "fid": 53, "Red_area_P": 4.064, "Bef_area_P": 5.081, "Area_PULS": 11.284, "PULS_Navn": 6709000, "Høj_Bolig_[Ha]": 0.0, "Ikke_bef_[Ha]": 0.02159558614563906, "Industri_[Ha]": 0.0, "Kunstgræs_[Ha]": 0.0, "Lav_bolig_[Ha]": 3.4146785243463724, "Losseplads_[Ha]": 0.0, "Parkering_[Ha]": 0.0, "ÅDT<15000_[Ha]": 0.57956575649900388, "ÅDT>15000_[Ha]": 0.046613081614459095 }, "geometry": { "type": "MultiPolygon", "coordinates": [ [ [ [ 714821.425999999977648, 6183485.997999999672174 ], [ 714819.75, 6183502.589999999850988 ], [ 714850.589999999967404, 6183505.71 ], [ 714852.109000000054948, 6183490.745000000111759 ], [ 714860.062999999965541, 6183491.63300000037998 ], [ 714859.339999999967404, 6183498.769999999552965 ], [ 714882.21999999997206, 6183501.089999999850988 ], [ 714883.62, 6183487.295 ], [ 714885.017, 6183473.502999999560416 ], [ 714885.017, 6183473.5 ], [ 714885.839000000036322, 6183465.389000000432134 ], [ 714887.479999999981374, 6183449.13300000037998 ], [ 714862.949999999953434, 6183446.648 ], [ 714856.64000000001397, 6183446.009999999776483 ], [ 714851.684, 6183445.507000000216067 ], [ 714825.792999999946915, 6183442.884999999776483 ], [ 714824.755, 6183453.131 ], [ 714823.78000000002794, 6183462.79 ], [ 714822.15300000004936, 6183478.821000000461936 ], [ 714821.761000000056811, 6183482.688 ], [ 714821.761000000056811, 6183482.690000000409782 ], [ 714821.425999999977648, 6183485.997999999672174 ] ] ] ] } }
]
}
