{
"type": "FeatureCollection",
"name": "v_vandloeb",
"crs": { "type": "name", "properties": { "name": "urn:ogc:def:crs:EPSG::25832" } },
"features": [
{ "type": "Feature", "properties": { "Navn": "Harrestrup Å", "id": 1 }, "geometry": { "type": "MultiLineString", "coordinates": [ [ [ 716745.88, 6178904.269999999552965 ], [ 716740.76, 6178904.160000000149012 ], [ 716736.28000000002794, 6178904.03000000026077 ], [ 716732.89000000001397, 6178903.889999999664724 ], [ 716729.99, 6178903.83 ], [ 716729.5, 6178903.83 ], [ 716728.37, 6178903.83 ], [ 716727.88, 6178903.83 ], [ 716724.689999999944121, 6178903.820000000298023 ], [ 716722.07999999995809, 6178903.83 ], [ 716712.49, 6178903.860000000335276 ], [ 716707.42000000004191, 6178903.870000000111759 ], [ 716697.099999999976717, 6178904.940000000409782 ], [ 716686.96999999997206, 6178906.889999999664724 ], [ 716676.14000000001397, 6178910.46999999973923 ], [ 716663.85999999998603, 6178916.299999999813735 ], [ 716652.300000000046566, 6178923.940000000409782 ], [ 716640.74, 6178935.730000000447035 ], [ 716639.85999999998603, 6178936.950000000186265 ], [ 716639.209999999962747, 6178937.849999999627471 ], [ 716638.60999999998603, 6178938.690000000409782 ], [ 716634.319999999948777, 6178944.639999999664724 ], [ 716624.78000000002794, 6178956.83 ], [ 716610.839999999967404, 6178975.839999999850988 ], [ 716599.060000000055879, 6178991.240000000223517 ], [ 716586.449999999953434, 6179008.379999999888241 ], [ 716576.17000000004191, 6179021.53000000026077 ], [ 716567.64000000001397, 6179030.519999999552965 ], [ 716557.150000000023283, 6179040.150000000372529 ], [ 716548.10999999998603, 6179049.04 ], [ 716540.32999999995809, 6179058.269999999552965 ], [ 716532.569999999948777, 6179067.96 ], [ 716524.560000000055879, 6179080.200000000186265 ], [ 716518.660000000032596, 6179091.42 ], [ 716513.339999999967404, 6179102.549999999813735 ], [ 716506.560000000055879, 6179115.349999999627471 ], [ 716504.060000000055879, 6179119.889999999664724 ], [ 716502.930000000051223, 6179121.96 ], [ 716500.60999999998603, 6179126.179999999701977 ], [ 716499.089999999967404, 6179128.990000000223517 ], [ 716492.46999999997206, 6179141.129999999888241 ], [ 716487.42000000004191, 6179150.070000000298023 ], [ 716484.770000000018626, 6179154.769999999552965 ], [ 716480.550000000046566, 6179162.240000000223517 ], [ 716476.849999999976717, 6179168.019999999552965 ], [ 716473.910000000032596, 6179174.070000000298023 ], [ 716471.729999999981374, 6179178.740000000223517 ], [ 716468.819999999948777, 6179185.269999999552965 ], [ 716465.229999999981374, 6179192.019999999552965 ], [ 716459.60999999998603, 6179198.230000000447035 ], [ 716455.21999999997206, 6179201.089999999850988 ], [ 716450.37, 6179204.0 ], [ 716446.189999999944121, 6179205.349999999627471 ], [ 716437.12, 6179208.429999999701977 ], [ 716432.17000000004191, 6179209.879999999888241 ], [ 716424.92000000004191, 6179212.240000000223517 ], [ 716413.770000000018626, 6179215.610000000335276 ], [ 716404.439999999944121, 6179218.049999999813735 ], [ 716398.46999999997206, 6179218.599999999627471 ], [ 716390.410000000032596, 6179218.25 ], [ 716385.21999999997206, 6179217.870000000111759 ], [ 716376.910000000032596, 6179216.58 ], [ 716348.699999999953434, 6179212.429999999701977 ], [ 716343.060000000055879, 6179211.04 ], [ 716333.67000000004191, 6179207.150000000372529 ], [ 716327.82999999995809, 6179204.28000000026077 ], [ 716320.189999999944121, 6179198.730000000447035 ], [ 716314.479999999981374, 6179193.870000000111759 ], [ 716304.910000000032596, 6179187.42 ], [ 716294.270000000018626, 6179181.730000000447035 ], [ 716283.21999999997206, 6179175.230000000447035 ], [ 716278.069999999948777, 6179172.099999999627471 ], [ 716268.099999999976717, 6179164.78000000026077 ], [ 716261.449999999953434, 6179157.940000000409782 ], [ 716253.589999999967404, 6179148.379999999888241 ], [ 716245.650000000023283, 6179138.809999999590218 ], [ 716238.87, 6179132.360000000335276 ], [ 716232.800000000046566, 6179128.120000000111759 ], [ 716229.540000000037253, 6179126.089999999850988 ], [ 716224.959999999962747, 6179123.820000000298023 ], [ 716209.5, 6179117.28000000026077 ], [ 716187.800000000046566, 6179108.42 ], [ 716133.12, 6179082.740000000223517 ], [ 716111.07999999995809, 6179072.320000000298023 ], [ 716102.589999999967404, 6179068.5 ], [ 716091.76, 6179064.379999999888241 ], [ 716081.599999999976717, 6179060.559999999590218 ], [ 716071.71999999997206, 6179057.139999999664724 ], [ 716069.180000000051223, 6179056.259999999776483 ], [ 716066.949999999953434, 6179055.339999999850988 ], [ 716061.74, 6179053.179999999701977 ], [ 716048.64000000001397, 6179047.820000000298023 ], [ 716037.699999999953434, 6179043.650000000372529 ], [ 716025.959999999962747, 6179039.490000000223517 ], [ 716005.42000000004191, 6179033.110000000335276 ], [ 715989.939999999944121, 6179028.099999999627471 ], [ 715972.150000000023283, 6179023.110000000335276 ], [ 715953.92000000004191, 6179018.950000000186265 ], [ 715935.64000000001397, 6179013.870000000111759 ], [ 715885.87, 6179000.129999999888241 ], [ 715841.67000000004191, 6178987.519999999552965 ], [ 715811.62, 6178978.870000000111759 ], [ 715781.540000000037253, 6178970.46 ], [ 715731.74, 6178956.799999999813735 ], [ 715723.790000000037253, 6178955.259999999776483 ], [ 715708.839999999967404, 6178953.639999999664724 ], [ 715698.51, 6178953.059999999590218 ], [ 715690.660000000032596, 6178952.900000000372529 ], [ 715681.71999999997206, 6178952.809999999590218 ], [ 715676.78000000002794, 6178952.929999999701977 ], [ 715672.88, 6178953.440000000409782 ], [ 715667.07999999995809, 6178954.42 ], [ 715655.35999999998603, 6178956.78000000026077 ], [ 715648.930000000051223, 6178958.160000000149012 ], [ 715645.13, 6178958.509999999776483 ], [ 715640.520000000018626, 6178958.450000000186265 ], [ 715637.01, 6178958.019999999552965 ], [ 715633.03000000002794, 6178957.17 ], [ 715628.319999999948777, 6178955.929999999701977 ], [ 715621.300000000046566, 6178953.929999999701977 ], [ 715617.49, 6178952.29 ], [ 715616.050000000046566, 6178951.610000000335276 ], [ 715614.32999999995809, 6178950.75 ], [ 715612.60999999998603, 6178949.820000000298023 ], [ 715609.150000000023283, 6178946.889999999664724 ], [ 715604.199999999953434, 6178941.559999999590218 ], [ 715599.569999999948777, 6178936.110000000335276 ], [ 715594.540000000037253, 6178930.660000000149012 ], [ 715590.459999999962747, 6178926.799999999813735 ], [ 715582.229999999981374, 6178919.360000000335276 ], [ 715576.930000000051223, 6178914.639999999664724 ], [ 715571.53000000002794, 6178910.099999999627471 ], [ 715561.310000000055879, 6178901.110000000335276 ], [ 715555.560000000055879, 6178896.120000000111759 ], [ 715550.099999999976717, 6178891.08 ], [ 715545.64000000001397, 6178887.490000000223517 ], [ 715539.040000000037253, 6178883.379999999888241 ], [ 715533.24, 6178880.730000000447035 ], [ 715523.57999999995809, 6178877.08 ], [ 715512.979999999981374, 6178873.46999999973923 ], [ 715503.319999999948777, 6178870.110000000335276 ], [ 715499.88, 6178868.96 ], [ 715496.060000000055879, 6178867.650000000372529 ], [ 715484.17000000004191, 6178863.570000000298023 ], [ 715469.569999999948777, 6178859.009999999776483 ], [ 715460.53000000002794, 6178856.950000000186265 ], [ 715449.339999999967404, 6178854.839999999850988 ], [ 715437.939999999944121, 6178855.190000000409782 ], [ 715436.78000000002794, 6178855.429999999701977 ], [ 715432.150000000023283, 6178856.389999999664724 ], [ 715423.5, 6178858.160000000149012 ], [ 715412.699999999953434, 6178860.42 ], [ 715405.979999999981374, 6178861.870000000111759 ], [ 715404.28000000002794, 6178862.120000000111759 ], [ 715400.51, 6178862.950000000186265 ], [ 715393.62, 6178864.54 ], [ 715390.459999999962747, 6178865.54 ], [ 715386.900000000023283, 6178867.509999999776483 ], [ 715381.28000000002794, 6178871.160000000149012 ], [ 715375.290000000037253, 6178875.059999999590218 ], [ 715368.229999999981374, 6178880.190000000409782 ], [ 715362.150000000023283, 6178884.950000000186265 ], [ 715358.520000000018626, 6178888.309999999590218 ], [ 715355.46999999997206, 6178892.08 ], [ 715350.900000000023283, 6178899.0 ], [ 715350.180000000051223, 6178899.92 ], [ 715348.87, 6178901.599999999627471 ], [ 715347.96999999997206, 6178902.75 ], [ 715343.67000000004191, 6178906.070000000298023 ], [ 715339.12, 6178909.21 ], [ 715336.10999999998603, 6178910.900000000372529 ], [ 715334.689999999944121, 6178911.650000000372529 ], [ 715327.660000000032596, 6178915.679999999701977 ], [ 715321.400000000023283, 6178919.28000000026077 ], [ 715318.24, 6178921.099999999627471 ], [ 715304.49, 6178928.96999999973923 ], [ 715292.96999999997206, 6178935.53000000026077 ], [ 715282.910000000032596, 6178941.389999999664724 ], [ 715273.439999999944121, 6178946.769999999552965 ], [ 715266.449999999953434, 6178950.389999999664724 ], [ 715259.07999999995809, 6178953.75 ], [ 715251.160000000032596, 6178956.940000000409782 ], [ 715243.88, 6178959.549999999813735 ], [ 715237.150000000023283, 6178961.599999999627471 ], [ 715230.910000000032596, 6178963.17 ], [ 715221.520000000018626, 6178964.549999999813735 ], [ 715203.42000000004191, 6178966.92 ], [ 715185.599999999976717, 6178969.230000000447035 ], [ 715172.76, 6178970.849999999627471 ], [ 715164.12, 6178971.690000000409782 ], [ 715156.400000000023283, 6178972.46 ], [ 715147.729999999981374, 6178972.950000000186265 ], [ 715145.64000000001397, 6178972.929999999701977 ], [ 715140.770000000018626, 6178972.910000000149012 ], [ 715137.900000000023283, 6178972.889999999664724 ], [ 715133.930000000051223, 6178972.440000000409782 ], [ 715129.199999999953434, 6178971.900000000372529 ], [ 715127.770000000018626, 6178971.740000000223517 ], [ 715118.199999999953434, 6178969.980000000447035 ], [ 715108.729999999981374, 6178967.83 ], [ 715096.729999999981374, 6178964.370000000111759 ], [ 715091.32999999995809, 6178962.809999999590218 ], [ 715081.930000000051223, 6178959.910000000149012 ], [ 715072.42000000004191, 6178956.96999999973923 ], [ 715067.680000000051223, 6178955.400000000372529 ], [ 715063.040000000037253, 6178953.599999999627471 ], [ 715058.479999999981374, 6178951.570000000298023 ], [ 715054.040000000037253, 6178949.320000000298023 ], [ 715046.729999999981374, 6178944.120000000111759 ], [ 715043.569999999948777, 6178943.639999999664724 ], [ 715040.650000000023283, 6178943.349999999627471 ], [ 715032.51, 6178942.519999999552965 ], [ 715027.979999999981374, 6178942.089999999850988 ], [ 715018.24, 6178941.120000000111759 ], [ 715007.17000000004191, 6178940.019999999552965 ], [ 715004.520000000018626, 6178939.75 ], [ 714999.050000000046566, 6178939.200000000186265 ], [ 714996.729999999981374, 6178938.96999999973923 ], [ 714995.01, 6178938.799999999813735 ], [ 714993.01, 6178938.599999999627471 ], [ 714990.21999999997206, 6178938.320000000298023 ], [ 714987.01, 6178938.0 ], [ 714984.680000000051223, 6178937.769999999552965 ], [ 714982.88, 6178937.589999999850988 ], [ 714977.650000000023283, 6178937.070000000298023 ], [ 714976.060000000055879, 6178937.009999999776483 ], [ 714971.21999999997206, 6178932.230000000447035 ], [ 714970.03000000002794, 6178931.129999999888241 ], [ 714968.63, 6178930.33 ], [ 714967.089999999967404, 6178929.849999999627471 ], [ 714965.46999999997206, 6178929.730000000447035 ], [ 714921.089999999967404, 6178923.54 ], [ 714886.930000000051223, 6178919.58 ], [ 714881.709999999962747, 6178919.28000000026077 ], [ 714864.85999999998603, 6178918.309999999590218 ], [ 714847.82999999995809, 6178917.33 ], [ 714844.839999999967404, 6178917.190000000409782 ], [ 714827.050000000046566, 6178916.360000000335276 ], [ 714809.60999999998603, 6178915.549999999813735 ], [ 714802.099999999976717, 6178915.200000000186265 ], [ 714762.99, 6178912.599999999627471 ], [ 714756.01, 6178913.71999999973923 ], [ 714751.63, 6178914.28000000026077 ], [ 714747.300000000046566, 6178915.160000000149012 ], [ 714743.050000000046566, 6178916.370000000111759 ], [ 714700.14000000001397, 6178930.75 ], [ 714622.12, 6178946.639999999664724 ], [ 714613.96999999997206, 6178948.009999999776483 ], [ 714540.699999999953434, 6178961.5 ], [ 714533.959999999962747, 6178963.54 ], [ 714520.53000000002794, 6178964.990000000223517 ], [ 714513.67000000004191, 6178966.049999999813735 ], [ 714503.709999999962747, 6178968.269999999552965 ], [ 714496.849999999976717, 6178970.03000000026077 ], [ 714492.57999999995809, 6178971.120000000111759 ], [ 714477.430000000051223, 6178974.54 ], [ 714476.10999999998603, 6178974.839999999850988 ], [ 714462.060000000055879, 6178978.700000000186265 ], [ 714449.089999999967404, 6178982.28000000026077 ], [ 714432.07999999995809, 6178987.29 ], [ 714413.439999999944121, 6178992.360000000335276 ], [ 714390.160000000032596, 6178998.870000000111759 ], [ 714369.189999999944121, 6179004.17 ], [ 714348.53000000002794, 6179009.950000000186265 ], [ 714332.910000000032596, 6179014.04 ], [ 714323.88, 6179015.910000000149012 ], [ 714315.21999999997206, 6179017.360000000335276 ], [ 714306.92000000004191, 6179018.08 ], [ 714288.76, 6179018.629999999888241 ], [ 714281.790000000037253, 6179018.410000000149012 ], [ 714274.439999999944121, 6179017.620000000111759 ], [ 714274.160000000032596, 6179017.58 ], [ 714263.76, 6179016.150000000372529 ], [ 714246.89000000001397, 6179013.389999999664724 ], [ 714235.67000000004191, 6179011.269999999552965 ], [ 714228.020000000018626, 6179009.019999999552965 ], [ 714219.560000000055879, 6179005.809999999590218 ], [ 714209.689999999944121, 6179001.28000000026077 ], [ 714198.229999999981374, 6178995.410000000149012 ], [ 714188.900000000023283, 6178990.150000000372529 ], [ 714177.900000000023283, 6178983.099999999627471 ], [ 714171.88, 6178979.160000000149012 ], [ 714168.49, 6178976.940000000409782 ], [ 714157.800000000046566, 6178969.889999999664724 ], [ 714144.930000000051223, 6178961.240000000223517 ], [ 714142.60999999998603, 6178959.67 ], [ 714131.439999999944121, 6178952.08 ], [ 714119.74, 6178944.08 ], [ 714113.089999999967404, 6178939.990000000223517 ], [ 714093.599999999976717, 6178926.559999999590218 ], [ 714081.040000000037253, 6178918.889999999664724 ], [ 714068.0, 6178909.67 ], [ 714066.959999999962747, 6178908.980000000447035 ], [ 714065.709999999962747, 6178908.129999999888241 ], [ 714058.040000000037253, 6178903.610000000335276 ], [ 714040.78000000002794, 6178891.799999999813735 ], [ 714031.10999999998603, 6178884.910000000149012 ], [ 714024.85999999998603, 6178880.46 ], [ 714008.430000000051223, 6178869.730000000447035 ], [ 713989.099999999976717, 6178856.799999999813735 ], [ 713978.75, 6178849.849999999627471 ], [ 713968.85999999998603, 6178843.089999999850988 ], [ 713961.67000000004191, 6178838.259999999776483 ], [ 713955.42000000004191, 6178833.820000000298023 ], [ 713953.60999999998603, 6178832.259999999776483 ], [ 713947.0, 6178827.28000000026077 ], [ 713937.32999999995809, 6178819.160000000149012 ], [ 713929.569999999948777, 6178812.96 ], [ 713924.88, 6178808.990000000223517 ], [ 713920.189999999944121, 6178805.009999999776483 ], [ 713910.74, 6178795.96999999973923 ], [ 713900.0, 6178786.08 ], [ 713889.199999999953434, 6178776.639999999664724 ], [ 713881.020000000018626, 6178769.099999999627471 ], [ 713868.53000000002794, 6178758.610000000335276 ], [ 713860.349999999976717, 6178751.110000000335276 ], [ 713848.88, 6178740.660000000149012 ], [ 713839.12, 6178731.679999999701977 ], [ 713825.25, 6178719.429999999701977 ], [ 713813.21999999997206, 6178708.809999999590218 ], [ 713807.410000000032596, 6178703.320000000298023 ], [ 713805.319999999948777, 6178701.339999999850988 ], [ 713792.28000000002794, 6178690.150000000372529 ], [ 713782.46999999997206, 6178680.870000000111759 ], [ 713768.01, 6178668.21999999973923 ], [ 713761.89000000001397, 6178662.96 ], [ 713752.75, 6178654.08 ], [ 713743.10999999998603, 6178645.83 ], [ 713735.479999999981374, 6178639.049999999813735 ], [ 713732.060000000055879, 6178635.730000000447035 ], [ 713727.01, 6178630.179999999701977 ], [ 713719.770000000018626, 6178623.629999999888241 ], [ 713717.660000000032596, 6178621.730000000447035 ], [ 713715.78000000002794, 6178620.099999999627471 ], [ 713709.89000000001397, 6178615.03000000026077 ], [ 713701.040000000037253, 6178607.490000000223517 ], [ 713692.189999999944121, 6178599.400000000372529 ], [ 713681.25, 6178590.21999999973923 ], [ 713671.589999999967404, 6178581.179999999701977 ], [ 713668.03000000002794, 6178577.71999999973923 ], [ 713667.10999999998603, 6178576.759999999776483 ], [ 713661.699999999953434, 6178570.940000000409782 ], [ 713654.5, 6178563.690000000409782 ], [ 713647.770000000018626, 6178557.200000000186265 ], [ 713640.60999999998603, 6178551.139999999664724 ], [ 713634.150000000023283, 6178547.110000000335276 ], [ 713628.339999999967404, 6178543.690000000409782 ], [ 713622.01, 6178540.870000000111759 ], [ 713617.24, 6178539.259999999776483 ], [ 713610.87, 6178538.009999999776483 ], [ 713607.14000000001397, 6178537.370000000111759 ], [ 713602.349999999976717, 6178537.370000000111759 ], [ 713597.209999999962747, 6178538.17 ], [ 713595.800000000046566, 6178538.360000000335276 ], [ 713584.82999999995809, 6178541.259999999776483 ], [ 713574.26, 6178543.440000000409782 ], [ 713561.709999999962747, 6178546.21999999973923 ], [ 713555.160000000032596, 6178547.809999999590218 ], [ 713547.14000000001397, 6178549.320000000298023 ], [ 713537.229999999981374, 6178551.370000000111759 ], [ 713524.930000000051223, 6178553.929999999701977 ], [ 713514.13, 6178555.96 ], [ 713506.21999999997206, 6178557.53000000026077 ], [ 713497.25, 6178558.92 ], [ 713487.790000000037253, 6178560.740000000223517 ], [ 713479.339999999967404, 6178562.190000000409782 ], [ 713474.99, 6178562.42 ], [ 713472.39000000001397, 6178562.980000000447035 ], [ 713469.71999999997206, 6178563.799999999813735 ], [ 713464.12, 6178565.820000000298023 ], [ 713457.64000000001397, 6178569.370000000111759 ], [ 713450.930000000051223, 6178573.150000000372529 ], [ 713440.53000000002794, 6178580.589999999850988 ], [ 713432.12, 6178585.049999999813735 ], [ 713425.459999999962747, 6178588.940000000409782 ], [ 713419.189999999944121, 6178592.71 ], [ 713410.209999999962747, 6178595.849999999627471 ], [ 713404.060000000055879, 6178596.730000000447035 ], [ 713399.479999999981374, 6178597.17 ], [ 713393.62, 6178596.29 ], [ 713386.599999999976717, 6178595.440000000409782 ], [ 713380.96999999997206, 6178593.820000000298023 ], [ 713337.410000000032596, 6178574.03000000026077 ], [ 713334.150000000023283, 6178571.17 ], [ 713328.14000000001397, 6178568.339999999850988 ], [ 713319.040000000037253, 6178564.42 ], [ 713310.07999999995809, 6178560.410000000149012 ], [ 713304.67000000004191, 6178557.849999999627471 ], [ 713296.910000000032596, 6178554.28000000026077 ], [ 713292.050000000046566, 6178553.04 ], [ 713289.540000000037253, 6178552.96999999973923 ], [ 713288.229999999981374, 6178552.940000000409782 ], [ 713281.790000000037253, 6178555.059999999590218 ], [ 713278.589999999967404, 6178557.120000000111759 ], [ 713276.560000000055879, 6178559.33 ], [ 713275.020000000018626, 6178561.58 ], [ 713274.699999999953434, 6178562.120000000111759 ], [ 713272.949999999953434, 6178565.33 ], [ 713270.96999999997206, 6178569.759999999776483 ], [ 713269.5, 6178573.03000000026077 ], [ 713267.71999999997206, 6178578.67 ], [ 713264.949999999953434, 6178587.5 ], [ 713263.410000000032596, 6178592.509999999776483 ], [ 713261.729999999981374, 6178598.54 ], [ 713260.92000000004191, 6178601.410000000149012 ], [ 713258.13, 6178610.610000000335276 ], [ 713256.319999999948777, 6178620.009999999776483 ], [ 713254.089999999967404, 6178630.009999999776483 ], [ 713251.300000000046566, 6178637.299999999813735 ], [ 713248.189999999944121, 6178644.139999999664724 ], [ 713244.560000000055879, 6178651.799999999813735 ], [ 713242.069999999948777, 6178655.690000000409782 ], [ 713238.49, 6178659.559999999590218 ], [ 713236.28000000002794, 6178660.519999999552965 ], [ 713234.069999999948777, 6178661.480000000447035 ], [ 713230.12, 6178662.379999999888241 ], [ 713224.729999999981374, 6178662.980000000447035 ], [ 713218.07999999995809, 6178662.980000000447035 ], [ 713210.339999999967404, 6178663.570000000298023 ], [ 713202.699999999953434, 6178663.71999999973923 ], [ 713196.560000000055879, 6178663.379999999888241 ], [ 713187.17000000004191, 6178662.230000000447035 ], [ 713178.229999999981374, 6178661.129999999888241 ], [ 713167.89000000001397, 6178659.83 ], [ 713158.339999999967404, 6178658.429999999701977 ], [ 713151.650000000023283, 6178657.230000000447035 ], [ 713141.160000000032596, 6178655.08 ], [ 713133.819999999948777, 6178652.980000000447035 ], [ 713126.03000000002794, 6178650.889999999664724 ], [ 713120.959999999962747, 6178649.490000000223517 ], [ 713114.0, 6178646.879999999888241 ], [ 713110.24, 6178646.129999999888241 ], [ 713106.67000000004191, 6178646.490000000223517 ], [ 713103.53000000002794, 6178647.46 ], [ 713100.910000000032596, 6178647.58 ], [ 713090.71999999997206, 6178648.129999999888241 ], [ 713085.229999999981374, 6178648.03000000026077 ], [ 713079.01, 6178648.480000000447035 ], [ 713072.660000000032596, 6178649.660000000149012 ], [ 713067.0, 6178649.820000000298023 ], [ 713059.160000000032596, 6178650.389999999664724 ], [ 713046.709999999962747, 6178651.240000000223517 ], [ 713037.449999999953434, 6178652.179999999701977 ], [ 713029.87, 6178652.75 ], [ 713016.650000000023283, 6178654.17 ], [ 712999.07999999995809, 6178655.200000000186265 ], [ 712988.770000000018626, 6178655.860000000335276 ], [ 712978.300000000046566, 6178656.809999999590218 ], [ 712960.92000000004191, 6178657.650000000372529 ], [ 712948.790000000037253, 6178659.21 ], [ 712922.07999999995809, 6178662.339999999850988 ], [ 712910.900000000023283, 6178663.120000000111759 ], [ 712892.89000000001397, 6178663.21 ], [ 712881.459999999962747, 6178662.339999999850988 ], [ 712875.069999999948777, 6178663.160000000149012 ], [ 712869.37, 6178663.83 ], [ 712863.050000000046566, 6178663.92 ], [ 712859.810000000055879, 6178664.08 ], [ 712854.540000000037253, 6178664.110000000335276 ], [ 712848.800000000046566, 6178664.259999999776483 ], [ 712844.38, 6178664.320000000298023 ], [ 712838.85999999998603, 6178664.21999999973923 ], [ 712834.550000000046566, 6178664.370000000111759 ], [ 712830.959999999962747, 6178664.21999999973923 ], [ 712828.07999999995809, 6178663.92 ], [ 712823.76, 6178663.700000000186265 ], [ 712819.60999999998603, 6178663.21999999973923 ], [ 712816.03000000002794, 6178662.639999999664724 ], [ 712813.290000000037253, 6178662.190000000409782 ], [ 712810.800000000046566, 6178661.929999999701977 ], [ 712808.300000000046566, 6178661.620000000111759 ], [ 712805.439999999944121, 6178661.410000000149012 ], [ 712802.150000000023283, 6178661.349999999627471 ], [ 712798.96999999997206, 6178661.08 ], [ 712795.74, 6178660.79 ], [ 712790.939999999944121, 6178660.009999999776483 ], [ 712788.21999999997206, 6178659.29 ], [ 712785.849999999976717, 6178658.46999999973923 ], [ 712784.39000000001397, 6178657.78000000026077 ], [ 712777.949999999953434, 6178654.480000000447035 ], [ 712774.85999999998603, 6178652.759999999776483 ], [ 712772.270000000018626, 6178651.46 ], [ 712770.14000000001397, 6178650.46 ], [ 712765.540000000037253, 6178648.120000000111759 ], [ 712757.71999999997206, 6178643.839999999850988 ], [ 712750.13, 6178639.950000000186265 ], [ 712748.339999999967404, 6178639.150000000372529 ], [ 712745.180000000051223, 6178637.269999999552965 ], [ 712738.64000000001397, 6178634.070000000298023 ], [ 712737.26, 6178633.299999999813735 ], [ 712735.849999999976717, 6178632.679999999701977 ], [ 712733.03000000002794, 6178630.910000000149012 ], [ 712729.49, 6178628.049999999813735 ], [ 712724.729999999981374, 6178624.389999999664724 ], [ 712721.01, 6178621.78000000026077 ], [ 712718.319999999948777, 6178620.67 ], [ 712714.310000000055879, 6178618.950000000186265 ], [ 712704.74, 6178615.42 ], [ 712693.51, 6178611.53000000026077 ], [ 712683.13, 6178608.099999999627471 ], [ 712680.439999999944121, 6178607.160000000149012 ], [ 712676.339999999967404, 6178605.809999999590218 ], [ 712669.75, 6178603.349999999627471 ], [ 712661.96999999997206, 6178600.309999999590218 ], [ 712657.46999999997206, 6178598.79 ], [ 712652.680000000051223, 6178597.700000000186265 ], [ 712648.020000000018626, 6178597.370000000111759 ], [ 712643.28000000002794, 6178597.67 ], [ 712638.75, 6178597.809999999590218 ], [ 712634.28000000002794, 6178597.79 ], [ 712629.569999999948777, 6178597.929999999701977 ], [ 712626.32999999995809, 6178598.099999999627471 ], [ 712622.78000000002794, 6178598.509999999776483 ], [ 712619.89000000001397, 6178598.83 ], [ 712616.60999999998603, 6178599.120000000111759 ], [ 712613.76, 6178599.46999999973923 ], [ 712610.349999999976717, 6178599.799999999813735 ], [ 712607.21999999997206, 6178599.839999999850988 ], [ 712604.17000000004191, 6178599.910000000149012 ], [ 712601.75, 6178599.75 ], [ 712598.71999999997206, 6178599.25 ], [ 712595.599999999976717, 6178598.879999999888241 ], [ 712592.51, 6178598.440000000409782 ], [ 712588.550000000046566, 6178598.08 ], [ 712586.92000000004191, 6178598.129999999888241 ], [ 712583.14000000001397, 6178598.17 ], [ 712574.849999999976717, 6178597.570000000298023 ], [ 712572.46999999997206, 6178597.46 ], [ 712572.069999999948777, 6178597.440000000409782 ], [ 712571.53000000002794, 6178597.410000000149012 ], [ 712570.87, 6178597.379999999888241 ], [ 712570.63, 6178597.370000000111759 ], [ 712565.88, 6178597.129999999888241 ], [ 712561.959999999962747, 6178596.980000000447035 ], [ 712558.439999999944121, 6178596.71999999973923 ], [ 712554.699999999953434, 6178596.33 ], [ 712549.160000000032596, 6178595.400000000372529 ], [ 712543.12, 6178594.320000000298023 ], [ 712535.770000000018626, 6178593.049999999813735 ], [ 712532.689999999944121, 6178592.71 ], [ 712530.699999999953434, 6178592.690000000409782 ], [ 712527.67000000004191, 6178592.629999999888241 ], [ 712524.63, 6178592.160000000149012 ], [ 712522.07999999995809, 6178591.67 ], [ 712520.550000000046566, 6178591.070000000298023 ], [ 712514.839999999967404, 6178587.04 ], [ 712509.589999999967404, 6178583.29 ], [ 712505.959999999962747, 6178580.480000000447035 ], [ 712502.599999999976717, 6178576.58 ], [ 712500.88, 6178574.269999999552965 ], [ 712498.540000000037253, 6178571.17 ], [ 712497.14000000001397, 6178570.08 ], [ 712495.99, 6178569.509999999776483 ], [ 712494.400000000023283, 6178569.46999999973923 ], [ 712492.790000000037253, 6178569.769999999552965 ], [ 712489.790000000037253, 6178570.820000000298023 ], [ 712479.949999999953434, 6178576.849999999627471 ], [ 712478.49, 6178577.700000000186265 ], [ 712477.13, 6178578.21 ], [ 712473.040000000037253, 6178579.009999999776483 ], [ 712468.770000000018626, 6178579.509999999776483 ], [ 712460.020000000018626, 6178580.75 ], [ 712456.160000000032596, 6178581.089999999850988 ], [ 712452.689999999944121, 6178581.769999999552965 ], [ 712438.17000000004191, 6178584.339999999850988 ], [ 712428.32999999995809, 6178585.700000000186265 ], [ 712418.89000000001397, 6178586.900000000372529 ], [ 712414.569999999948777, 6178587.25 ], [ 712410.709999999962747, 6178587.29 ], [ 712408.85999999998603, 6178587.860000000335276 ], [ 712406.290000000037253, 6178589.089999999850988 ], [ 712404.800000000046566, 6178590.400000000372529 ], [ 712403.589999999967404, 6178591.71 ], [ 712401.699999999953434, 6178594.83 ], [ 712401.069999999948777, 6178596.389999999664724 ], [ 712399.770000000018626, 6178598.849999999627471 ], [ 712398.839999999967404, 6178599.679999999701977 ], [ 712397.599999999976717, 6178600.349999999627471 ], [ 712396.209999999962747, 6178600.929999999701977 ], [ 712394.75, 6178601.360000000335276 ], [ 712375.63, 6178608.96 ], [ 712363.26, 6178614.75 ], [ 712356.439999999944121, 6178617.759999999776483 ], [ 712349.459999999962747, 6178620.910000000149012 ], [ 712347.689999999944121, 6178621.849999999627471 ], [ 712345.85999999998603, 6178623.04 ], [ 712344.32999999995809, 6178624.589999999850988 ], [ 712343.180000000051223, 6178626.070000000298023 ], [ 712342.339999999967404, 6178627.259999999776483 ], [ 712340.819999999948777, 6178628.860000000335276 ], [ 712339.310000000055879, 6178630.120000000111759 ], [ 712338.74, 6178630.490000000223517 ], [ 712335.910000000032596, 6178631.820000000298023 ], [ 712333.21999999997206, 6178632.54 ], [ 712330.069999999948777, 6178633.599999999627471 ], [ 712327.46999999997206, 6178634.900000000372529 ], [ 712324.92000000004191, 6178636.389999999664724 ], [ 712321.82999999995809, 6178638.5 ], [ 712318.63, 6178640.950000000186265 ], [ 712315.660000000032596, 6178643.700000000186265 ], [ 712312.74, 6178646.860000000335276 ], [ 712310.35999999998603, 6178649.0 ], [ 712307.39000000001397, 6178651.110000000335276 ], [ 712304.839999999967404, 6178652.950000000186265 ], [ 712301.770000000018626, 6178654.809999999590218 ], [ 712298.189999999944121, 6178656.46999999973923 ], [ 712295.089999999967404, 6178658.070000000298023 ], [ 712292.85999999998603, 6178659.0 ], [ 712284.569999999948777, 6178662.509999999776483 ], [ 712280.349999999976717, 6178664.349999999627471 ], [ 712277.520000000018626, 6178665.610000000335276 ], [ 712273.930000000051223, 6178668.150000000372529 ], [ 712270.430000000051223, 6178670.769999999552965 ], [ 712267.270000000018626, 6178673.360000000335276 ], [ 712259.13, 6178680.820000000298023 ], [ 712256.660000000032596, 6178682.58 ], [ 712254.270000000018626, 6178684.21 ], [ 712251.25, 6178685.620000000111759 ], [ 712245.569999999948777, 6178687.849999999627471 ], [ 712233.959999999962747, 6178691.79 ], [ 712224.89000000001397, 6178695.049999999813735 ], [ 712221.339999999967404, 6178696.42 ], [ 712216.12, 6178698.25 ], [ 712214.17000000004191, 6178698.700000000186265 ], [ 712211.67000000004191, 6178699.559999999590218 ], [ 712209.96999999997206, 6178700.429999999701977 ], [ 712208.729999999981374, 6178701.160000000149012 ], [ 712206.979999999981374, 6178702.690000000409782 ], [ 712205.39000000001397, 6178704.79 ], [ 712204.599999999976717, 6178706.269999999552965 ], [ 712203.01, 6178709.46999999973923 ], [ 712201.810000000055879, 6178713.0 ], [ 712201.569999999948777, 6178715.179999999701977 ], [ 712201.449999999953434, 6178717.910000000149012 ], [ 712201.459999999962747, 6178720.240000000223517 ], [ 712201.89000000001397, 6178722.679999999701977 ], [ 712202.53000000002794, 6178727.08 ], [ 712202.85999999998603, 6178731.099999999627471 ], [ 712203.040000000037253, 6178733.309999999590218 ], [ 712202.88, 6178736.25 ], [ 712202.37, 6178739.700000000186265 ], [ 712200.979999999981374, 6178743.519999999552965 ], [ 712199.540000000037253, 6178746.21999999973923 ], [ 712197.290000000037253, 6178749.21 ], [ 712194.74, 6178752.240000000223517 ], [ 712183.410000000032596, 6178760.54 ], [ 712180.63, 6178762.990000000223517 ], [ 712175.310000000055879, 6178767.570000000298023 ], [ 712170.459999999962747, 6178771.740000000223517 ], [ 712163.959999999962747, 6178776.96999999973923 ], [ 712154.60999999998603, 6178786.339999999850988 ], [ 712129.229999999981374, 6178811.240000000223517 ], [ 712093.57999999995809, 6178846.299999999813735 ], [ 712038.839999999967404, 6178899.700000000186265 ], [ 712023.35999999998603, 6178914.690000000409782 ], [ 712011.050000000046566, 6178927.440000000409782 ], [ 712005.290000000037253, 6178933.599999999627471 ], [ 712004.189999999944121, 6178934.629999999888241 ], [ 712003.01, 6178935.599999999627471 ], [ 712001.439999999944121, 6178936.700000000186265 ], [ 712000.150000000023283, 6178937.46 ], [ 711997.800000000046566, 6178938.379999999888241 ], [ 711970.849999999976717, 6178948.04 ], [ 711946.03000000002794, 6178956.589999999850988 ], [ 711938.17000000004191, 6178959.179999999701977 ], [ 711937.709999999962747, 6178959.33 ], [ 711937.0, 6178959.549999999813735 ], [ 711936.28000000002794, 6178959.769999999552965 ], [ 711935.560000000055879, 6178959.990000000223517 ], [ 711934.839999999967404, 6178960.21 ], [ 711934.13, 6178960.450000000186265 ], [ 711933.430000000051223, 6178960.700000000186265 ], [ 711932.87, 6178960.910000000149012 ], [ 711932.17000000004191, 6178961.200000000186265 ], [ 711931.49, 6178961.519999999552965 ], [ 711930.849999999976717, 6178961.910000000149012 ], [ 711930.339999999967404, 6178962.25 ], [ 711929.67000000004191, 6178962.71999999973923 ], [ 711928.99, 6178963.21 ], [ 711928.32999999995809, 6178963.71 ], [ 711927.75, 6178964.200000000186265 ], [ 711927.26, 6178964.679999999701977 ], [ 711926.910000000032596, 6178965.139999999664724 ], [ 711924.49, 6178969.070000000298023 ], [ 711922.569999999948777, 6178971.29 ], [ 711911.800000000046566, 6178983.21 ], [ 711911.63, 6178983.410000000149012 ], [ 711911.180000000051223, 6178984.009999999776483 ], [ 711910.75, 6178984.629999999888241 ], [ 711910.310000000055879, 6178985.25 ], [ 711909.819999999948777, 6178985.809999999590218 ], [ 711909.560000000055879, 6178986.070000000298023 ], [ 711909.01, 6178986.58 ], [ 711908.439999999944121, 6178987.08 ], [ 711907.85999999998603, 6178987.549999999813735 ], [ 711907.26, 6178988.0 ], [ 711906.650000000023283, 6178988.440000000409782 ], [ 711906.42000000004191, 6178988.599999999627471 ], [ 711905.800000000046566, 6178989.019999999552965 ], [ 711905.17000000004191, 6178989.429999999701977 ], [ 711904.53000000002794, 6178989.820000000298023 ], [ 711903.88, 6178990.200000000186265 ], [ 711903.21999999997206, 6178990.559999999590218 ], [ 711902.550000000046566, 6178990.900000000372529 ], [ 711902.21999999997206, 6178991.059999999590218 ], [ 711901.53000000002794, 6178991.360000000335276 ], [ 711900.82999999995809, 6178991.639999999664724 ], [ 711900.12, 6178991.889999999664724 ], [ 711899.400000000023283, 6178992.120000000111759 ], [ 711898.680000000051223, 6178992.309999999590218 ], [ 711898.410000000032596, 6178992.379999999888241 ], [ 711897.67000000004191, 6178992.549999999813735 ], [ 711896.939999999944121, 6178992.71999999973923 ], [ 711896.199999999953434, 6178992.860000000335276 ], [ 711895.449999999953434, 6178992.990000000223517 ], [ 711894.709999999962747, 6178993.089999999850988 ], [ 711893.959999999962747, 6178993.160000000149012 ], [ 711893.21999999997206, 6178993.200000000186265 ], [ 711892.88, 6178993.21 ], [ 711892.14000000001397, 6178993.200000000186265 ], [ 711891.39000000001397, 6178993.160000000149012 ], [ 711890.64000000001397, 6178993.099999999627471 ], [ 711889.89000000001397, 6178993.03000000026077 ], [ 711889.14000000001397, 6178992.940000000409782 ], [ 711888.39000000001397, 6178992.83 ], [ 711887.650000000023283, 6178992.730000000447035 ], [ 711886.910000000032596, 6178992.639999999664724 ], [ 711886.10999999998603, 6178992.5 ], [ 711885.35999999998603, 6178992.389999999664724 ], [ 711884.62, 6178992.269999999552965 ], [ 711883.88, 6178992.139999999664724 ], [ 711883.14000000001397, 6178992.009999999776483 ], [ 711882.410000000032596, 6178991.870000000111759 ], [ 711881.67000000004191, 6178991.71999999973923 ], [ 711880.939999999944121, 6178991.570000000298023 ], [ 711880.199999999953434, 6178991.410000000149012 ], [ 711879.46999999997206, 6178991.240000000223517 ], [ 711879.209999999962747, 6178991.179999999701977 ], [ 711878.430000000051223, 6178990.990000000223517 ], [ 711877.589999999967404, 6178990.78000000026077 ], [ 711876.71999999997206, 6178990.559999999590218 ], [ 711875.849999999976717, 6178990.33 ], [ 711874.99, 6178990.089999999850988 ], [ 711874.160000000032596, 6178989.870000000111759 ], [ 711873.39000000001397, 6178989.650000000372529 ], [ 711872.689999999944121, 6178989.440000000409782 ], [ 711872.089999999967404, 6178989.259999999776483 ], [ 711871.60999999998603, 6178989.110000000335276 ], [ 711871.26, 6178988.990000000223517 ], [ 711866.819999999948777, 6178987.309999999590218 ], [ 711866.569999999948777, 6178987.21 ], [ 711865.87, 6178986.929999999701977 ], [ 711865.17000000004191, 6178986.660000000149012 ], [ 711864.449999999953434, 6178986.410000000149012 ], [ 711863.74, 6178986.190000000409782 ], [ 711862.189999999944121, 6178985.910000000149012 ], [ 711861.410000000032596, 6178985.83 ], [ 711860.64000000001397, 6178985.769999999552965 ], [ 711859.87, 6178985.759999999776483 ], [ 711859.13, 6178985.809999999590218 ], [ 711858.439999999944121, 6178985.92 ], [ 711852.709999999962747, 6178987.21999999973923 ], [ 711844.17000000004191, 6178988.809999999590218 ], [ 711838.400000000023283, 6178991.059999999590218 ], [ 711828.689999999944121, 6178993.25 ], [ 711827.939999999944121, 6178993.379999999888241 ], [ 711827.189999999944121, 6178993.440000000409782 ], [ 711826.449999999953434, 6178993.410000000149012 ], [ 711825.459999999962747, 6178993.21999999973923 ], [ 711824.71999999997206, 6178993.0 ], [ 711824.01, 6178992.700000000186265 ], [ 711823.39000000001397, 6178992.33 ], [ 711819.35999999998603, 6178989.33 ], [ 711817.270000000018626, 6178988.730000000447035 ], [ 711812.60999999998603, 6178986.589999999850988 ], [ 711812.439999999944121, 6178986.519999999552965 ], [ 711812.040000000037253, 6178986.389999999664724 ], [ 711811.5, 6178986.259999999776483 ], [ 711810.85999999998603, 6178986.110000000335276 ], [ 711810.12, 6178985.96999999973923 ], [ 711809.310000000055879, 6178985.83 ], [ 711808.449999999953434, 6178985.700000000186265 ], [ 711807.560000000055879, 6178985.589999999850988 ], [ 711806.650000000023283, 6178985.490000000223517 ], [ 711805.75, 6178985.410000000149012 ], [ 711804.87, 6178985.360000000335276 ], [ 711804.03000000002794, 6178985.349999999627471 ], [ 711803.25, 6178985.360000000335276 ], [ 711802.569999999948777, 6178985.410000000149012 ], [ 711801.770000000018626, 6178985.490000000223517 ], [ 711800.949999999953434, 6178985.589999999850988 ], [ 711800.099999999976717, 6178985.71 ], [ 711799.24, 6178985.849999999627471 ], [ 711798.39000000001397, 6178986.0 ], [ 711797.540000000037253, 6178986.17 ], [ 711796.709999999962747, 6178986.349999999627471 ], [ 711795.910000000032596, 6178986.53000000026077 ], [ 711795.150000000023283, 6178986.71999999973923 ], [ 711794.449999999953434, 6178986.910000000149012 ], [ 711793.800000000046566, 6178987.099999999627471 ], [ 711793.21999999997206, 6178987.28000000026077 ], [ 711792.71999999997206, 6178987.450000000186265 ], [ 711792.310000000055879, 6178987.620000000111759 ], [ 711785.069999999948777, 6178990.78000000026077 ], [ 711784.46999999997206, 6178991.04 ], [ 711783.770000000018626, 6178991.309999999590218 ], [ 711783.069999999948777, 6178991.58 ], [ 711782.37, 6178991.849999999627471 ], [ 711781.67000000004191, 6178992.110000000335276 ], [ 711780.96999999997206, 6178992.389999999664724 ], [ 711780.449999999953434, 6178992.599999999627471 ], [ 711779.76, 6178992.889999999664724 ], [ 711779.069999999948777, 6178993.190000000409782 ], [ 711778.38, 6178993.490000000223517 ], [ 711777.689999999944121, 6178993.79 ], [ 711777.0, 6178994.070000000298023 ], [ 711776.300000000046566, 6178994.339999999850988 ], [ 711775.599999999976717, 6178994.599999999627471 ], [ 711765.150000000023283, 6178998.129999999888241 ], [ 711764.270000000018626, 6178998.440000000409782 ], [ 711763.569999999948777, 6178998.71 ], [ 711762.180000000051223, 6178999.269999999552965 ], [ 711760.800000000046566, 6178999.860000000335276 ], [ 711759.39000000001397, 6179000.490000000223517 ], [ 711758.650000000023283, 6179000.820000000298023 ], [ 711757.900000000023283, 6179001.17 ], [ 711756.439999999944121, 6179001.849999999627471 ], [ 711755.78000000002794, 6179002.190000000409782 ], [ 711754.71999999997206, 6179002.820000000298023 ], [ 711750.569999999948777, 6179005.71 ], [ 711750.229999999981374, 6179005.950000000186265 ], [ 711749.650000000023283, 6179006.42 ], [ 711749.069999999948777, 6179006.910000000149012 ], [ 711748.49, 6179007.379999999888241 ], [ 711747.87, 6179007.809999999590218 ], [ 711747.599999999976717, 6179007.980000000447035 ], [ 711746.959999999962747, 6179008.410000000149012 ], [ 711746.319999999948777, 6179008.849999999627471 ], [ 711745.67000000004191, 6179009.259999999776483 ], [ 711745.0, 6179009.620000000111759 ], [ 711744.310000000055879, 6179009.889999999664724 ], [ 711743.589999999967404, 6179010.04 ], [ 711725.62, 6179011.519999999552965 ], [ 711723.87, 6179011.759999999776483 ], [ 711722.64000000001397, 6179011.799999999813735 ], [ 711720.020000000018626, 6179011.519999999552965 ], [ 711717.839999999967404, 6179010.92 ], [ 711715.92000000004191, 6179010.25 ], [ 711709.349999999976717, 6179008.230000000447035 ], [ 711703.46999999997206, 6179005.410000000149012 ], [ 711695.810000000055879, 6178999.410000000149012 ], [ 711691.199999999953434, 6178996.110000000335276 ], [ 711690.229999999981374, 6178995.67 ], [ 711688.88, 6178995.08 ], [ 711687.35999999998603, 6178994.490000000223517 ], [ 711685.790000000037253, 6178994.009999999776483 ], [ 711684.270000000018626, 6178993.75 ], [ 711683.089999999967404, 6178993.700000000186265 ], [ 711681.459999999962747, 6178993.769999999552965 ], [ 711679.07999999995809, 6178994.179999999701977 ], [ 711675.849999999976717, 6178994.96999999973923 ], [ 711671.050000000046566, 6178996.83 ], [ 711668.75, 6178997.910000000149012 ], [ 711664.21999999997206, 6179000.599999999627471 ], [ 711663.589999999967404, 6179001.019999999552965 ], [ 711662.959999999962747, 6179001.440000000409782 ], [ 711661.37, 6179002.71 ], [ 711660.25, 6179003.660000000149012 ], [ 711659.060000000055879, 6179005.25 ], [ 711657.709999999962747, 6179006.950000000186265 ], [ 711656.88, 6179007.910000000149012 ], [ 711656.310000000055879, 6179008.679999999701977 ], [ 711655.76, 6179009.160000000149012 ], [ 711655.020000000018626, 6179010.009999999776483 ], [ 711647.38, 6179018.309999999590218 ], [ 711647.17000000004191, 6179018.5 ], [ 711646.62, 6179019.009999999776483 ], [ 711646.060000000055879, 6179019.53000000026077 ], [ 711645.5, 6179020.019999999552965 ], [ 711644.910000000032596, 6179020.490000000223517 ], [ 711644.300000000046566, 6179020.910000000149012 ], [ 711644.099999999976717, 6179021.03000000026077 ], [ 711643.459999999962747, 6179021.429999999701977 ], [ 711642.810000000055879, 6179021.839999999850988 ], [ 711642.150000000023283, 6179022.21999999973923 ], [ 711641.46999999997206, 6179022.58 ], [ 711640.78000000002794, 6179022.879999999888241 ], [ 711640.07999999995809, 6179023.120000000111759 ], [ 711639.349999999976717, 6179023.28000000026077 ], [ 711615.020000000018626, 6179026.940000000409782 ], [ 711614.62, 6179027.009999999776483 ], [ 711613.849999999976717, 6179027.160000000149012 ], [ 711613.099999999976717, 6179027.240000000223517 ], [ 711612.37, 6179027.160000000149012 ], [ 711612.020000000018626, 6179027.059999999590218 ], [ 711611.310000000055879, 6179026.799999999813735 ], [ 711610.60999999998603, 6179026.490000000223517 ], [ 711609.930000000051223, 6179026.120000000111759 ], [ 711609.290000000037253, 6179025.700000000186265 ], [ 711608.709999999962747, 6179025.25 ], [ 711603.99, 6179021.21999999973923 ], [ 711594.74, 6179016.360000000335276 ], [ 711591.28000000002794, 6179016.769999999552965 ], [ 711589.12, 6179017.129999999888241 ], [ 711586.209999999962747, 6179017.759999999776483 ], [ 711583.57999999995809, 6179019.259999999776483 ], [ 711575.57999999995809, 6179027.049999999813735 ], [ 711573.319999999948777, 6179028.879999999888241 ], [ 711571.430000000051223, 6179029.599999999627471 ], [ 711569.209999999962747, 6179030.46999999973923 ], [ 711565.10999999998603, 6179032.980000000447035 ], [ 711562.339999999967404, 6179034.299999999813735 ], [ 711558.560000000055879, 6179034.929999999701977 ], [ 711555.939999999944121, 6179035.120000000111759 ], [ 711555.37, 6179035.160000000149012 ], [ 711552.709999999962747, 6179035.360000000335276 ], [ 711547.53000000002794, 6179035.839999999850988 ], [ 711546.560000000055879, 6179035.92 ], [ 711545.410000000032596, 6179036.03000000026077 ], [ 711539.87, 6179036.54 ], [ 711537.87, 6179036.78000000026077 ], [ 711537.199999999953434, 6179036.910000000149012 ], [ 711536.37, 6179037.03000000026077 ], [ 711534.199999999953434, 6179036.879999999888241 ], [ 711532.040000000037253, 6179036.5 ], [ 711527.729999999981374, 6179035.379999999888241 ], [ 711521.459999999962747, 6179035.940000000409782 ], [ 711507.180000000051223, 6179037.21 ], [ 711488.88, 6179038.849999999627471 ], [ 711484.939999999944121, 6179039.21 ], [ 711477.550000000046566, 6179039.849999999627471 ], [ 711475.979999999981374, 6179039.990000000223517 ], [ 711470.63, 6179040.490000000223517 ], [ 711465.979999999981374, 6179040.570000000298023 ], [ 711462.520000000018626, 6179040.730000000447035 ], [ 711459.229999999981374, 6179040.990000000223517 ], [ 711456.430000000051223, 6179041.299999999813735 ], [ 711453.839999999967404, 6179041.620000000111759 ], [ 711451.800000000046566, 6179041.83 ], [ 711449.839999999967404, 6179041.78000000026077 ], [ 711447.96999999997206, 6179041.360000000335276 ], [ 711446.49, 6179040.46 ], [ 711444.339999999967404, 6179038.54 ], [ 711441.770000000018626, 6179036.089999999850988 ], [ 711439.910000000032596, 6179034.17 ], [ 711437.599999999976717, 6179031.259999999776483 ], [ 711436.339999999967404, 6179030.049999999813735 ], [ 711435.07999999995809, 6179029.0 ], [ 711433.64000000001397, 6179028.04 ], [ 711432.209999999962747, 6179027.400000000372529 ], [ 711430.28000000002794, 6179026.599999999627471 ], [ 711425.37, 6179024.570000000298023 ], [ 711422.209999999962747, 6179023.200000000186265 ], [ 711420.050000000046566, 6179022.120000000111759 ], [ 711418.13, 6179021.370000000111759 ], [ 711416.349999999976717, 6179020.929999999701977 ], [ 711413.949999999953434, 6179020.79 ], [ 711411.800000000046566, 6179021.009999999776483 ], [ 711409.439999999944121, 6179021.410000000149012 ], [ 711407.209999999962747, 6179021.980000000447035 ], [ 711405.319999999948777, 6179022.769999999552965 ], [ 711403.42000000004191, 6179023.839999999850988 ], [ 711401.800000000046566, 6179025.309999999590218 ], [ 711400.050000000046566, 6179027.240000000223517 ], [ 711396.78000000002794, 6179031.860000000335276 ], [ 711393.939999999944121, 6179035.179999999701977 ], [ 711392.189999999944121, 6179037.200000000186265 ], [ 711391.28000000002794, 6179038.070000000298023 ], [ 711390.42000000004191, 6179038.599999999627471 ], [ 711389.25, 6179038.839999999850988 ], [ 711388.150000000023283, 6179038.58 ], [ 711386.589999999967404, 6179038.099999999627471 ], [ 711384.71999999997206, 6179036.980000000447035 ], [ 711382.310000000055879, 6179035.42 ], [ 711379.270000000018626, 6179032.929999999701977 ], [ 711376.459999999962747, 6179030.650000000372529 ], [ 711374.38, 6179028.820000000298023 ], [ 711371.449999999953434, 6179025.799999999813735 ], [ 711369.339999999967404, 6179024.21999999973923 ], [ 711366.099999999976717, 6179020.410000000149012 ], [ 711364.439999999944121, 6179018.400000000372529 ], [ 711362.51, 6179015.339999999850988 ], [ 711361.75, 6179013.980000000447035 ], [ 711360.699999999953434, 6179012.110000000335276 ], [ 711359.060000000055879, 6179008.549999999813735 ], [ 711357.26, 6179005.370000000111759 ], [ 711355.74, 6179002.230000000447035 ], [ 711354.42000000004191, 6178999.46999999973923 ], [ 711353.400000000023283, 6178997.610000000335276 ], [ 711352.099999999976717, 6178995.570000000298023 ], [ 711350.35999999998603, 6178993.599999999627471 ], [ 711348.550000000046566, 6178992.08 ], [ 711346.959999999962747, 6178990.96 ], [ 711345.07999999995809, 6178989.799999999813735 ], [ 711342.62, 6178989.110000000335276 ], [ 711339.910000000032596, 6178988.230000000447035 ], [ 711337.39000000001397, 6178987.450000000186265 ], [ 711335.459999999962747, 6178987.160000000149012 ], [ 711333.57999999995809, 6178987.019999999552965 ], [ 711332.089999999967404, 6178987.200000000186265 ], [ 711330.449999999953434, 6178987.71999999973923 ], [ 711328.699999999953434, 6178988.679999999701977 ], [ 711326.38, 6178990.389999999664724 ], [ 711323.770000000018626, 6178992.309999999590218 ], [ 711321.150000000023283, 6178994.679999999701977 ], [ 711318.410000000032596, 6178997.259999999776483 ], [ 711315.51, 6179000.019999999552965 ], [ 711312.32999999995809, 6179003.099999999627471 ], [ 711309.199999999953434, 6179006.54 ], [ 711305.88, 6179010.230000000447035 ], [ 711302.229999999981374, 6179014.509999999776483 ], [ 711298.37, 6179019.179999999701977 ], [ 711295.26, 6179023.370000000111759 ], [ 711293.189999999944121, 6179026.009999999776483 ], [ 711291.400000000023283, 6179027.71999999973923 ], [ 711289.729999999981374, 6179028.860000000335276 ], [ 711287.82999999995809, 6179029.96999999973923 ], [ 711285.38, 6179031.03000000026077 ], [ 711281.87, 6179032.179999999701977 ], [ 711279.020000000018626, 6179032.870000000111759 ], [ 711274.85999999998603, 6179033.620000000111759 ], [ 711270.910000000032596, 6179034.429999999701977 ], [ 711267.01, 6179034.940000000409782 ], [ 711263.74, 6179035.46 ], [ 711261.67000000004191, 6179035.490000000223517 ], [ 711259.599999999976717, 6179035.33 ], [ 711257.229999999981374, 6179034.700000000186265 ], [ 711254.71999999997206, 6179033.690000000409782 ], [ 711250.430000000051223, 6179031.690000000409782 ], [ 711246.160000000032596, 6179029.360000000335276 ], [ 711241.14000000001397, 6179026.509999999776483 ], [ 711236.10999999998603, 6179023.17 ], [ 711231.76, 6179020.360000000335276 ], [ 711227.82999999995809, 6179017.639999999664724 ], [ 711223.71999999997206, 6179014.71 ], [ 711218.949999999953434, 6179011.230000000447035 ], [ 711215.46999999997206, 6179008.660000000149012 ], [ 711211.17000000004191, 6179005.5 ], [ 711206.53000000002794, 6179001.79 ], [ 711201.14000000001397, 6178997.83 ], [ 711196.160000000032596, 6178994.259999999776483 ], [ 711192.82999999995809, 6178992.0 ], [ 711189.67000000004191, 6178989.940000000409782 ], [ 711185.53000000002794, 6178987.599999999627471 ], [ 711181.88, 6178985.809999999590218 ], [ 711177.800000000046566, 6178984.03000000026077 ], [ 711173.74, 6178982.799999999813735 ], [ 711169.74, 6178981.83 ], [ 711165.520000000018626, 6178981.179999999701977 ], [ 711161.39000000001397, 6178980.549999999813735 ], [ 711156.819999999948777, 6178980.410000000149012 ], [ 711153.51, 6178980.309999999590218 ], [ 711149.689999999944121, 6178980.21 ], [ 711146.540000000037253, 6178980.46999999973923 ], [ 711143.660000000032596, 6178980.700000000186265 ], [ 711140.57999999995809, 6178981.120000000111759 ], [ 711138.060000000055879, 6178981.75 ], [ 711135.430000000051223, 6178982.940000000409782 ], [ 711133.39000000001397, 6178984.21999999973923 ], [ 711131.349999999976717, 6178985.610000000335276 ], [ 711129.21999999997206, 6178987.67 ], [ 711127.60999999998603, 6178989.150000000372529 ], [ 711125.46999999997206, 6178990.589999999850988 ], [ 711123.599999999976717, 6178991.099999999627471 ], [ 711120.85999999998603, 6178991.660000000149012 ], [ 711114.770000000018626, 6178992.78000000026077 ], [ 711108.449999999953434, 6178994.04 ], [ 711107.439999999944121, 6178994.259999999776483 ], [ 711106.17000000004191, 6178994.53000000026077 ], [ 711100.550000000046566, 6178995.71 ], [ 711097.339999999967404, 6178996.29 ], [ 711096.689999999944121, 6178996.450000000186265 ], [ 711094.62, 6178996.299999999813735 ], [ 711090.28000000002794, 6178993.379999999888241 ], [ 711082.910000000032596, 6178992.160000000149012 ], [ 711070.650000000023283, 6178992.21999999973923 ], [ 711058.439999999944121, 6178993.440000000409782 ], [ 711048.699999999953434, 6178995.809999999590218 ], [ 711035.89000000001397, 6178999.21999999973923 ], [ 711019.99, 6179005.049999999813735 ], [ 711010.949999999953434, 6179008.129999999888241 ], [ 711008.949999999953434, 6179010.370000000111759 ], [ 711005.88, 6179012.860000000335276 ], [ 711004.410000000032596, 6179014.190000000409782 ], [ 711001.74, 6179014.92 ], [ 710997.790000000037253, 6179015.75 ], [ 710993.49, 6179016.0 ], [ 710989.290000000037253, 6179015.730000000447035 ], [ 710984.930000000051223, 6179014.849999999627471 ], [ 710980.729999999981374, 6179013.33 ], [ 710975.37, 6179011.400000000372529 ], [ 710970.5, 6179009.54 ], [ 710964.650000000023283, 6179006.839999999850988 ], [ 710958.17000000004191, 6179004.03000000026077 ], [ 710951.88, 6179000.799999999813735 ], [ 710945.439999999944121, 6178997.21999999973923 ], [ 710939.63, 6178993.929999999701977 ], [ 710933.74, 6178990.019999999552965 ], [ 710927.660000000032596, 6178985.78000000026077 ], [ 710923.020000000018626, 6178982.450000000186265 ], [ 710920.21999999997206, 6178980.0 ], [ 710916.42000000004191, 6178976.650000000372529 ], [ 710912.35999999998603, 6178972.730000000447035 ], [ 710907.540000000037253, 6178967.25 ], [ 710898.550000000046566, 6178957.46999999973923 ], [ 710891.71999999997206, 6178950.269999999552965 ], [ 710885.089999999967404, 6178943.46 ], [ 710879.180000000051223, 6178937.379999999888241 ], [ 710873.21999999997206, 6178931.639999999664724 ], [ 710869.060000000055879, 6178927.629999999888241 ], [ 710865.939999999944121, 6178925.059999999590218 ], [ 710862.060000000055879, 6178922.42 ], [ 710850.51, 6178914.92 ], [ 710840.020000000018626, 6178908.129999999888241 ], [ 710830.25, 6178901.400000000372529 ], [ 710824.589999999967404, 6178897.820000000298023 ], [ 710813.910000000032596, 6178891.679999999701977 ], [ 710802.930000000051223, 6178885.339999999850988 ], [ 710797.67000000004191, 6178878.910000000149012 ], [ 710793.310000000055879, 6178872.519999999552965 ], [ 710783.900000000023283, 6178858.92 ], [ 710756.35999999998603, 6178818.410000000149012 ], [ 710731.85999999998603, 6178782.190000000409782 ], [ 710727.71999999997206, 6178776.769999999552965 ], [ 710725.28000000002794, 6178772.33 ], [ 710724.35999999998603, 6178770.42 ], [ 710722.53000000002794, 6178766.049999999813735 ], [ 710716.85999999998603, 6178751.46 ], [ 710710.63, 6178735.820000000298023 ], [ 710707.38, 6178726.410000000149012 ], [ 710704.349999999976717, 6178715.46999999973923 ], [ 710702.38, 6178707.379999999888241 ], [ 710701.74, 6178703.740000000223517 ], [ 710701.07999999995809, 6178700.769999999552965 ], [ 710692.479999999981374, 6178651.240000000223517 ], [ 710690.050000000046566, 6178637.200000000186265 ], [ 710689.699999999953434, 6178635.200000000186265 ], [ 710689.42000000004191, 6178633.58 ], [ 710686.930000000051223, 6178619.28000000026077 ], [ 710682.550000000046566, 6178593.990000000223517 ] ], [ [ 716749.410000000032596, 6178904.059999999590218 ], [ 716778.089999999967404, 6178902.78000000026077 ], [ 716783.430000000051223, 6178902.629999999888241 ], [ 716790.99, 6178901.46 ], [ 716796.60999999998603, 6178899.559999999590218 ], [ 716809.410000000032596, 6178896.490000000223517 ], [ 716818.270000000018626, 6178894.910000000149012 ], [ 716823.410000000032596, 6178894.740000000223517 ], [ 716828.01, 6178894.559999999590218 ], [ 716832.62, 6178894.690000000409782 ], [ 716836.92000000004191, 6178894.940000000409782 ], [ 716839.42000000004191, 6178895.129999999888241 ], [ 716841.82999999995809, 6178895.29 ], [ 716845.550000000046566, 6178895.46999999973923 ], [ 716867.979999999981374, 6178897.980000000447035 ], [ 716874.069999999948777, 6178898.370000000111759 ], [ 716880.660000000032596, 6178898.349999999627471 ], [ 716897.060000000055879, 6178897.879999999888241 ], [ 716931.550000000046566, 6178893.29 ], [ 716947.150000000023283, 6178890.410000000149012 ], [ 716958.38, 6178886.950000000186265 ], [ 716965.82999999995809, 6178883.17 ], [ 716970.800000000046566, 6178880.070000000298023 ], [ 716973.290000000037253, 6178878.379999999888241 ], [ 716978.229999999981374, 6178875.019999999552965 ], [ 716987.959999999962747, 6178865.730000000447035 ], [ 716999.839999999967404, 6178848.29 ], [ 717008.540000000037253, 6178835.21 ], [ 717012.300000000046566, 6178829.559999999590218 ], [ 717015.71999999997206, 6178824.410000000149012 ], [ 717037.0, 6178792.410000000149012 ], [ 717046.339999999967404, 6178778.42 ], [ 717047.819999999948777, 6178776.17 ], [ 717049.699999999953434, 6178772.740000000223517 ], [ 717055.839999999967404, 6178760.440000000409782 ], [ 717063.810000000055879, 6178744.46999999973923 ], [ 717073.290000000037253, 6178725.650000000372529 ], [ 717082.709999999962747, 6178706.83 ], [ 717090.310000000055879, 6178692.71999999973923 ], [ 717096.01, 6178682.139999999664724 ], [ 717101.810000000055879, 6178672.139999999664724 ], [ 717107.569999999948777, 6178662.71999999973923 ], [ 717119.270000000018626, 6178646.059999999590218 ], [ 717128.89000000001397, 6178636.559999999590218 ], [ 717139.62, 6178627.820000000298023 ], [ 717140.729999999981374, 6178627.089999999850988 ], [ 717142.03000000002794, 6178626.320000000298023 ], [ 717159.87, 6178614.049999999813735 ], [ 717186.069999999948777, 6178598.21 ], [ 717203.729999999981374, 6178589.360000000335276 ], [ 717205.88, 6178588.28000000026077 ], [ 717208.020000000018626, 6178587.21 ], [ 717228.07999999995809, 6178577.950000000186265 ], [ 717272.82999999995809, 6178558.599999999627471 ], [ 717303.89000000001397, 6178549.650000000372529 ], [ 717327.290000000037253, 6178538.299999999813735 ], [ 717336.42000000004191, 6178533.58 ], [ 717379.569999999948777, 6178511.900000000372529 ], [ 717380.569999999948777, 6178511.370000000111759 ] ], [ [ 717383.12, 6178510.019999999552965 ], [ 717395.21999999997206, 6178503.620000000111759 ], [ 717421.78000000002794, 6178489.410000000149012 ], [ 717441.01, 6178482.21999999973923 ], [ 717453.28000000002794, 6178478.690000000409782 ], [ 717461.60999999998603, 6178477.349999999627471 ], [ 717486.089999999967404, 6178474.370000000111759 ], [ 717523.349999999976717, 6178472.33 ], [ 717554.459999999962747, 6178470.839999999850988 ], [ 717572.85999999998603, 6178469.83 ], [ 717591.160000000032596, 6178468.139999999664724 ], [ 717600.28000000002794, 6178465.730000000447035 ], [ 717601.729999999981374, 6178465.25 ], [ 717603.099999999976717, 6178464.71999999973923 ], [ 717609.020000000018626, 6178462.450000000186265 ], [ 717615.24, 6178459.150000000372529 ], [ 717627.96999999997206, 6178450.900000000372529 ], [ 717636.099999999976717, 6178443.379999999888241 ], [ 717652.020000000018626, 6178422.21 ], [ 717660.810000000055879, 6178408.200000000186265 ], [ 717664.770000000018626, 6178398.160000000149012 ], [ 717666.37, 6178387.599999999627471 ], [ 717666.589999999967404, 6178383.820000000298023 ], [ 717666.569999999948777, 6178382.490000000223517 ], [ 717666.540000000037253, 6178380.42 ], [ 717664.87, 6178370.21999999973923 ], [ 717663.800000000046566, 6178367.299999999813735 ], [ 717663.180000000051223, 6178365.599999999627471 ], [ 717662.82999999995809, 6178364.79 ], [ 717659.770000000018626, 6178357.79 ], [ 717656.82999999995809, 6178347.75 ], [ 717655.60999999998603, 6178337.17 ], [ 717653.87, 6178301.120000000111759 ], [ 717653.229999999981374, 6178271.620000000111759 ], [ 717653.64000000001397, 6178258.53000000026077 ], [ 717656.099999999976717, 6178244.480000000447035 ], [ 717656.180000000051223, 6178243.900000000372529 ], [ 717656.24, 6178243.389999999664724 ], [ 717656.46999999997206, 6178241.5 ], [ 717656.63, 6178240.230000000447035 ], [ 717656.849999999976717, 6178238.53000000026077 ], [ 717657.540000000037253, 6178233.299999999813735 ], [ 717657.979999999981374, 6178229.900000000372529 ], [ 717658.540000000037253, 6178225.730000000447035 ], [ 717658.729999999981374, 6178224.360000000335276 ], [ 717658.87, 6178223.450000000186265 ], [ 717658.910000000032596, 6178223.240000000223517 ], [ 717659.0, 6178222.360000000335276 ], [ 717659.180000000051223, 6178220.78000000026077 ], [ 717659.410000000032596, 6178218.54 ], [ 717659.410000000032596, 6178218.389999999664724 ], [ 717660.939999999944121, 6178203.870000000111759 ], [ 717661.979999999981374, 6178196.480000000447035 ], [ 717663.53000000002794, 6178186.67 ], [ 717665.540000000037253, 6178174.480000000447035 ], [ 717667.979999999981374, 6178159.58 ], [ 717669.839999999967404, 6178148.009999999776483 ], [ 717672.040000000037253, 6178133.679999999701977 ], [ 717673.89000000001397, 6178122.46 ], [ 717675.839999999967404, 6178110.04 ], [ 717678.150000000023283, 6178095.259999999776483 ], [ 717680.949999999953434, 6178077.809999999590218 ], [ 717683.339999999967404, 6178062.769999999552965 ], [ 717685.290000000037253, 6178050.29 ], [ 717686.64000000001397, 6178041.259999999776483 ], [ 717687.339999999967404, 6178035.629999999888241 ], [ 717687.60999999998603, 6178030.83 ], [ 717687.680000000051223, 6178025.870000000111759 ], [ 717687.589999999967404, 6178020.139999999664724 ], [ 717687.14000000001397, 6178012.660000000149012 ], [ 717686.209999999962747, 6177998.75 ], [ 717685.229999999981374, 6177983.860000000335276 ], [ 717684.67000000004191, 6177978.259999999776483 ], [ 717683.46999999997206, 6177968.230000000447035 ], [ 717681.910000000032596, 6177955.509999999776483 ], [ 717679.020000000018626, 6177931.339999999850988 ], [ 717676.13, 6177909.320000000298023 ], [ 717674.099999999976717, 6177891.690000000409782 ], [ 717672.800000000046566, 6177879.660000000149012 ], [ 717672.60999999998603, 6177872.070000000298023 ], [ 717672.020000000018626, 6177863.92 ], [ 717671.24, 6177857.139999999664724 ], [ 717669.57999999995809, 6177848.820000000298023 ], [ 717668.92000000004191, 6177845.53000000026077 ], [ 717668.650000000023283, 6177844.480000000447035 ], [ 717666.57999999995809, 6177836.53000000026077 ], [ 717664.979999999981374, 6177828.089999999850988 ], [ 717663.650000000023283, 6177816.700000000186265 ], [ 717661.849999999976717, 6177800.660000000149012 ], [ 717659.60999999998603, 6177780.240000000223517 ], [ 717657.49, 6177763.53000000026077 ], [ 717656.99, 6177756.820000000298023 ], [ 717656.910000000032596, 6177752.28000000026077 ], [ 717657.040000000037253, 6177746.690000000409782 ], [ 717657.67000000004191, 6177740.28000000026077 ], [ 717658.449999999953434, 6177734.660000000149012 ], [ 717659.310000000055879, 6177730.179999999701977 ], [ 717660.53000000002794, 6177725.389999999664724 ], [ 717661.92000000004191, 6177719.950000000186265 ], [ 717663.040000000037253, 6177716.769999999552965 ], [ 717665.310000000055879, 6177710.839999999850988 ], [ 717668.37, 6177703.929999999701977 ], [ 717673.07999999995809, 6177695.660000000149012 ], [ 717681.37, 6177682.71999999973923 ], [ 717694.10999999998603, 6177662.690000000409782 ], [ 717706.550000000046566, 6177642.910000000149012 ], [ 717719.60999999998603, 6177622.25 ], [ 717733.46999999997206, 6177601.049999999813735 ], [ 717748.290000000037253, 6177577.589999999850988 ], [ 717762.660000000032596, 6177554.900000000372529 ], [ 717776.53000000002794, 6177533.160000000149012 ], [ 717787.13, 6177516.450000000186265 ], [ 717797.39000000001397, 6177500.450000000186265 ], [ 717809.189999999944121, 6177482.820000000298023 ], [ 717822.459999999962747, 6177463.21 ], [ 717841.020000000018626, 6177436.099999999627471 ], [ 717857.21999999997206, 6177412.450000000186265 ], [ 717870.319999999948777, 6177392.900000000372529 ], [ 717871.819999999948777, 6177390.660000000149012 ], [ 717875.430000000051223, 6177384.070000000298023 ], [ 717878.42000000004191, 6177377.610000000335276 ], [ 717881.729999999981374, 6177369.929999999701977 ], [ 717884.03000000002794, 6177363.900000000372529 ], [ 717886.040000000037253, 6177357.71999999973923 ], [ 717888.020000000018626, 6177351.070000000298023 ], [ 717889.49, 6177344.71 ], [ 717891.96999999997206, 6177330.599999999627471 ], [ 717894.589999999967404, 6177315.519999999552965 ], [ 717896.92000000004191, 6177302.009999999776483 ], [ 717897.849999999976717, 6177296.589999999850988 ], [ 717901.35999999998603, 6177276.700000000186265 ], [ 717904.51, 6177259.120000000111759 ], [ 717908.42000000004191, 6177237.089999999850988 ], [ 717911.12, 6177221.049999999813735 ], [ 717911.540000000037253, 6177219.04 ], [ 717912.21999999997206, 6177214.370000000111759 ], [ 717916.60999999998603, 6177183.900000000372529 ], [ 717917.0, 6177181.179999999701977 ], [ 717918.540000000037253, 6177175.200000000186265 ], [ 717920.349999999976717, 6177168.700000000186265 ], [ 717922.060000000055879, 6177163.96 ], [ 717923.96999999997206, 6177160.009999999776483 ], [ 717927.10999999998603, 6177154.259999999776483 ], [ 717932.89000000001397, 6177146.059999999590218 ], [ 717939.599999999976717, 6177136.950000000186265 ], [ 717942.550000000046566, 6177133.21 ], [ 717949.71999999997206, 6177124.03000000026077 ], [ 717966.209999999962747, 6177102.599999999627471 ], [ 717973.589999999967404, 6177093.129999999888241 ], [ 717978.540000000037253, 6177086.28000000026077 ], [ 717982.069999999948777, 6177080.889999999664724 ], [ 717987.14000000001397, 6177072.54 ], [ 717993.189999999944121, 6177063.200000000186265 ], [ 717996.540000000037253, 6177058.400000000372529 ], [ 718000.900000000023283, 6177052.599999999627471 ], [ 718007.589999999967404, 6177044.309999999590218 ], [ 718016.089999999967404, 6177034.46 ], [ 718026.979999999981374, 6177022.21 ], [ 718040.74, 6177006.29 ], [ 718057.01, 6176988.04 ], [ 718073.63, 6176969.309999999590218 ], [ 718088.13, 6176952.360000000335276 ], [ 718098.089999999967404, 6176939.799999999813735 ], [ 718106.400000000023283, 6176929.070000000298023 ], [ 718115.069999999948777, 6176916.71 ], [ 718122.060000000055879, 6176906.400000000372529 ], [ 718130.589999999967404, 6176892.440000000409782 ], [ 718138.74, 6176879.120000000111759 ], [ 718145.339999999967404, 6176868.099999999627471 ], [ 718153.199999999953434, 6176855.950000000186265 ], [ 718163.839999999967404, 6176838.389999999664724 ], [ 718175.51, 6176819.360000000335276 ], [ 718190.550000000046566, 6176794.820000000298023 ], [ 718196.349999999976717, 6176784.759999999776483 ], [ 718199.060000000055879, 6176779.730000000447035 ], [ 718201.189999999944121, 6176774.490000000223517 ], [ 718203.020000000018626, 6176769.679999999701977 ], [ 718205.24, 6176763.309999999590218 ], [ 718206.25, 6176758.910000000149012 ], [ 718207.589999999967404, 6176752.370000000111759 ], [ 718208.349999999976717, 6176747.53000000026077 ], [ 718208.660000000032596, 6176742.450000000186265 ], [ 718208.819999999948777, 6176736.309999999590218 ], [ 718208.75, 6176731.83 ], [ 718208.410000000032596, 6176726.660000000149012 ], [ 718208.060000000055879, 6176722.5 ], [ 718207.270000000018626, 6176716.5 ], [ 718205.900000000023283, 6176708.700000000186265 ], [ 718205.35999999998603, 6176705.150000000372529 ], [ 718204.99, 6176702.799999999813735 ], [ 718204.939999999944121, 6176702.190000000409782 ], [ 718204.520000000018626, 6176697.799999999813735 ], [ 718203.930000000051223, 6176687.21 ], [ 718203.76, 6176677.620000000111759 ], [ 718204.270000000018626, 6176669.839999999850988 ], [ 718205.150000000023283, 6176655.070000000298023 ], [ 718207.0, 6176632.129999999888241 ], [ 718208.790000000037253, 6176609.769999999552965 ], [ 718210.900000000023283, 6176581.910000000149012 ], [ 718212.709999999962747, 6176558.610000000335276 ], [ 718214.540000000037253, 6176535.21 ], [ 718215.689999999944121, 6176523.599999999627471 ], [ 718216.949999999953434, 6176515.809999999590218 ], [ 718218.62, 6176504.33 ], [ 718221.10999999998603, 6176487.700000000186265 ], [ 718223.64000000001397, 6176471.889999999664724 ], [ 718226.680000000051223, 6176452.360000000335276 ], [ 718227.550000000046566, 6176447.42 ], [ 718228.589999999967404, 6176443.679999999701977 ], [ 718229.790000000037253, 6176440.179999999701977 ], [ 718231.150000000023283, 6176437.429999999701977 ], [ 718238.479999999981374, 6176424.089999999850988 ], [ 718247.339999999967404, 6176407.740000000223517 ], [ 718249.49, 6176403.740000000223517 ], [ 718250.449999999953434, 6176401.96 ], [ 718261.5, 6176381.450000000186265 ], [ 718275.180000000051223, 6176356.429999999701977 ], [ 718290.51, 6176327.889999999664724 ], [ 718307.729999999981374, 6176296.179999999701977 ], [ 718322.650000000023283, 6176268.639999999664724 ], [ 718329.62, 6176255.660000000149012 ], [ 718330.75, 6176253.110000000335276 ], [ 718331.349999999976717, 6176250.28000000026077 ], [ 718331.599999999976717, 6176247.259999999776483 ], [ 718331.339999999967404, 6176244.33 ], [ 718330.650000000023283, 6176240.879999999888241 ], [ 718329.540000000037253, 6176237.25 ], [ 718327.910000000032596, 6176233.690000000409782 ], [ 718325.709999999962747, 6176228.809999999590218 ], [ 718323.959999999962747, 6176224.940000000409782 ], [ 718322.62, 6176221.950000000186265 ], [ 718315.410000000032596, 6176206.78000000026077 ], [ 718302.229999999981374, 6176178.67 ], [ 718288.479999999981374, 6176149.490000000223517 ], [ 718288.25, 6176148.990000000223517 ], [ 718274.71999999997206, 6176120.599999999627471 ], [ 718265.38, 6176100.730000000447035 ], [ 718263.60999999998603, 6176098.04 ], [ 718261.270000000018626, 6176095.17 ], [ 718258.87, 6176092.75 ], [ 718256.12, 6176090.299999999813735 ], [ 718253.209999999962747, 6176088.450000000186265 ], [ 718231.229999999981374, 6176075.28000000026077 ], [ 718207.26, 6176060.67 ], [ 718175.75, 6176041.509999999776483 ], [ 718146.88, 6176024.21 ], [ 718141.37, 6176020.79 ], [ 718137.790000000037253, 6176018.570000000298023 ], [ 718134.910000000032596, 6176016.75 ], [ 718133.069999999948777, 6176015.200000000186265 ], [ 718131.020000000018626, 6176012.730000000447035 ], [ 718129.160000000032596, 6176009.71 ], [ 718127.32999999995809, 6176005.0 ], [ 718125.979999999981374, 6176000.429999999701977 ], [ 718124.85999999998603, 6175995.450000000186265 ], [ 718124.71999999997206, 6175993.690000000409782 ], [ 718124.78000000002794, 6175992.650000000372529 ], [ 718125.069999999948777, 6175991.809999999590218 ], [ 718125.290000000037253, 6175991.440000000409782 ], [ 718125.64000000001397, 6175989.230000000447035 ], [ 718126.540000000037253, 6175976.71 ], [ 718127.099999999976717, 6175969.21999999973923 ], [ 718127.60999999998603, 6175957.700000000186265 ], [ 718128.24, 6175950.83 ], [ 718128.540000000037253, 6175948.570000000298023 ], [ 718129.209999999962747, 6175946.440000000409782 ], [ 718131.209999999962747, 6175942.099999999627471 ], [ 718142.25, 6175919.589999999850988 ], [ 718155.5, 6175892.490000000223517 ], [ 718160.300000000046566, 6175881.910000000149012 ], [ 718167.209999999962747, 6175865.03000000026077 ], [ 718174.699999999953434, 6175846.53000000026077 ], [ 718186.849999999976717, 6175816.08 ], [ 718190.069999999948777, 6175808.309999999590218 ], [ 718192.290000000037253, 6175804.759999999776483 ], [ 718195.42000000004191, 6175800.490000000223517 ], [ 718207.069999999948777, 6175787.809999999590218 ], [ 718223.089999999967404, 6175770.629999999888241 ], [ 718247.12, 6175744.519999999552965 ], [ 718253.53000000002794, 6175736.629999999888241 ], [ 718263.49, 6175723.480000000447035 ], [ 718276.38, 6175706.990000000223517 ], [ 718293.209999999962747, 6175685.610000000335276 ], [ 718305.660000000032596, 6175669.070000000298023 ], [ 718308.339999999967404, 6175663.870000000111759 ], [ 718309.910000000032596, 6175659.559999999590218 ], [ 718310.67000000004191, 6175655.139999999664724 ], [ 718312.46999999997206, 6175641.389999999664724 ], [ 718317.28000000002794, 6175607.559999999590218 ], [ 718319.560000000055879, 6175591.349999999627471 ], [ 718320.660000000032596, 6175586.71999999973923 ], [ 718322.35999999998603, 6175581.049999999813735 ], [ 718325.12, 6175574.33 ], [ 718326.930000000051223, 6175570.690000000409782 ], [ 718327.62, 6175569.200000000186265 ], [ 718335.46999999997206, 6175552.110000000335276 ], [ 718347.160000000032596, 6175526.96 ], [ 718359.729999999981374, 6175500.17 ], [ 718361.5, 6175495.519999999552965 ], [ 718362.21999999997206, 6175492.200000000186265 ], [ 718362.85999999998603, 6175486.28000000026077 ], [ 718364.49, 6175470.54 ], [ 718367.680000000051223, 6175441.71 ], [ 718370.339999999967404, 6175416.400000000372529 ], [ 718371.459999999962747, 6175405.650000000372529 ], [ 718374.319999999948777, 6175390.54 ], [ 718378.39000000001397, 6175367.71 ], [ 718382.290000000037253, 6175345.17 ], [ 718385.430000000051223, 6175328.070000000298023 ], [ 718386.810000000055879, 6175323.79 ], [ 718388.32999999995809, 6175320.480000000447035 ], [ 718390.26, 6175316.940000000409782 ], [ 718393.650000000023283, 6175312.139999999664724 ], [ 718408.92000000004191, 6175290.42 ], [ 718423.319999999948777, 6175270.58 ], [ 718425.57999999995809, 6175267.129999999888241 ], [ 718427.810000000055879, 6175263.049999999813735 ], [ 718429.62, 6175258.900000000372529 ], [ 718432.770000000018626, 6175249.889999999664724 ], [ 718439.10999999998603, 6175230.190000000409782 ], [ 718448.160000000032596, 6175202.860000000335276 ], [ 718457.96999999997206, 6175172.78000000026077 ], [ 718462.400000000023283, 6175159.21 ], [ 718462.67000000004191, 6175158.980000000447035 ], [ 718466.099999999976717, 6175150.349999999627471 ], [ 718469.0, 6175120.980000000447035 ], [ 718470.0, 6175110.900000000372529 ], [ 718470.290000000037253, 6175107.75 ], [ 718471.560000000055879, 6175103.730000000447035 ], [ 718477.650000000023283, 6175090.440000000409782 ], [ 718486.87, 6175071.349999999627471 ], [ 718490.319999999948777, 6175063.53000000026077 ], [ 718502.319999999948777, 6175040.570000000298023 ], [ 718512.63, 6175020.269999999552965 ], [ 718519.310000000055879, 6175006.139999999664724 ], [ 718528.770000000018626, 6174985.929999999701977 ], [ 718541.479999999981374, 6174959.269999999552965 ], [ 718552.060000000055879, 6174936.79 ], [ 718566.060000000055879, 6174907.129999999888241 ], [ 718576.76, 6174884.309999999590218 ], [ 718581.51, 6174873.849999999627471 ], [ 718583.14000000001397, 6174869.389999999664724 ], [ 718584.03000000002794, 6174865.230000000447035 ], [ 718585.0, 6174858.059999999590218 ], [ 718585.37, 6174845.269999999552965 ], [ 718585.99, 6174825.389999999664724 ], [ 718585.979999999981374, 6174816.33 ], [ 718584.939999999944121, 6174809.570000000298023 ], [ 718580.46999999997206, 6174789.879999999888241 ], [ 718576.150000000023283, 6174770.92 ], [ 718570.339999999967404, 6174746.21 ], [ 718563.050000000046566, 6174714.410000000149012 ], [ 718556.99, 6174687.75 ], [ 718553.060000000055879, 6174671.08 ], [ 718553.51, 6174668.690000000409782 ], [ 718553.569999999948777, 6174668.379999999888241 ], [ 718554.050000000046566, 6174665.870000000111759 ], [ 718554.53000000002794, 6174663.29 ], [ 718555.03000000002794, 6174660.660000000149012 ], [ 718556.96999999997206, 6174650.110000000335276 ], [ 718558.57999999995809, 6174641.440000000409782 ], [ 718560.849999999976717, 6174635.089999999850988 ], [ 718562.37, 6174630.820000000298023 ], [ 718565.32999999995809, 6174622.53000000026077 ], [ 718565.839999999967404, 6174621.099999999627471 ], [ 718566.290000000037253, 6174619.83 ], [ 718566.540000000037253, 6174619.299999999813735 ], [ 718572.37, 6174607.349999999627471 ], [ 718581.800000000046566, 6174587.690000000409782 ], [ 718591.689999999944121, 6174566.900000000372529 ], [ 718597.42000000004191, 6174555.200000000186265 ], [ 718611.430000000051223, 6174526.610000000335276 ], [ 718616.589999999967404, 6174515.889999999664724 ], [ 718617.449999999953434, 6174514.179999999701977 ], [ 718618.550000000046566, 6174511.96999999973923 ], [ 718619.680000000051223, 6174509.71999999973923 ], [ 718621.03000000002794, 6174507.03000000026077 ], [ 718622.32999999995809, 6174504.429999999701977 ], [ 718623.39000000001397, 6174502.33 ], [ 718624.550000000046566, 6174500.009999999776483 ], [ 718627.67000000004191, 6174493.769999999552965 ], [ 718633.199999999953434, 6174486.299999999813735 ], [ 718699.76, 6174400.83 ], [ 718703.21999999997206, 6174396.660000000149012 ], [ 718716.849999999976717, 6174383.04 ], [ 718726.060000000055879, 6174373.570000000298023 ], [ 718746.849999999976717, 6174352.629999999888241 ], [ 718758.03000000002794, 6174341.070000000298023 ], [ 718760.560000000055879, 6174337.650000000372529 ], [ 718762.689999999944121, 6174333.79 ], [ 718763.689999999944121, 6174330.5 ], [ 718764.57999999995809, 6174326.200000000186265 ], [ 718764.99, 6174312.910000000149012 ], [ 718765.709999999962747, 6174282.620000000111759 ], [ 718768.349999999976717, 6174171.480000000447035 ], [ 718768.92000000004191, 6174147.660000000149012 ], [ 718769.650000000023283, 6174109.549999999813735 ], [ 718773.71999999997206, 6173920.58 ], [ 718773.520000000018626, 6173907.46 ], [ 718773.089999999967404, 6173899.96999999973923 ], [ 718772.38, 6173892.139999999664724 ], [ 718771.040000000037253, 6173882.17 ], [ 718769.17000000004191, 6173870.089999999850988 ], [ 718767.400000000023283, 6173862.099999999627471 ], [ 718761.270000000018626, 6173837.700000000186265 ], [ 718756.63, 6173818.04 ], [ 718751.13, 6173790.589999999850988 ], [ 718750.64000000001397, 6173786.83 ], [ 718745.53000000002794, 6173758.21 ], [ 718742.01, 6173728.400000000372529 ], [ 718740.349999999976717, 6173710.75 ], [ 718739.069999999948777, 6173692.490000000223517 ], [ 718738.150000000023283, 6173663.21 ], [ 718737.87, 6173637.570000000298023 ], [ 718738.810000000055879, 6173614.059999999590218 ], [ 718740.589999999967404, 6173589.08 ], [ 718742.400000000023283, 6173569.559999999590218 ], [ 718745.03000000002794, 6173548.549999999813735 ], [ 718751.569999999948777, 6173507.870000000111759 ], [ 718754.96999999997206, 6173492.42 ], [ 718759.300000000046566, 6173474.54 ], [ 718764.089999999967404, 6173457.160000000149012 ], [ 718767.319999999948777, 6173447.03000000026077 ], [ 718772.949999999953434, 6173431.730000000447035 ], [ 718780.400000000023283, 6173413.269999999552965 ], [ 718787.459999999962747, 6173397.83 ], [ 718791.63, 6173389.17 ], [ 718798.290000000037253, 6173376.059999999590218 ], [ 718806.550000000046566, 6173361.610000000335276 ], [ 718817.71999999997206, 6173344.099999999627471 ], [ 718827.349999999976717, 6173329.78000000026077 ], [ 718837.599999999976717, 6173316.54 ], [ 718896.680000000051223, 6173246.309999999590218 ], [ 718925.770000000018626, 6173212.160000000149012 ], [ 718944.599999999976717, 6173189.620000000111759 ], [ 718977.32999999995809, 6173151.070000000298023 ], [ 718989.150000000023283, 6173138.92 ], [ 718996.150000000023283, 6173132.730000000447035 ], [ 719005.599999999976717, 6173125.309999999590218 ], [ 719014.82999999995809, 6173118.96 ], [ 719023.0, 6173114.17 ], [ 719031.349999999976717, 6173109.71999999973923 ], [ 719039.939999999944121, 6173105.83 ], [ 719049.660000000032596, 6173101.929999999701977 ], [ 719064.99, 6173096.509999999776483 ], [ 719106.150000000023283, 6173080.980000000447035 ], [ 719114.069999999948777, 6173077.620000000111759 ], [ 719123.199999999953434, 6173073.03000000026077 ], [ 719136.270000000018626, 6173064.96999999973923 ], [ 719143.99, 6173059.759999999776483 ], [ 719146.939999999944121, 6173057.549999999813735 ], [ 719159.729999999981374, 6173046.900000000372529 ], [ 719171.550000000046566, 6173034.299999999813735 ], [ 719276.53000000002794, 6172909.910000000149012 ], [ 719289.96999999997206, 6172899.410000000149012 ], [ 719329.01, 6172865.690000000409782 ], [ 719339.26, 6172856.83 ], [ 719343.650000000023283, 6172853.0 ], [ 719344.839999999967404, 6172851.96 ], [ 719383.03000000002794, 6172818.610000000335276 ], [ 719393.300000000046566, 6172809.370000000111759 ], [ 719397.300000000046566, 6172805.309999999590218 ], [ 719406.459999999962747, 6172795.009999999776483 ], [ 719411.589999999967404, 6172788.490000000223517 ], [ 719417.900000000023283, 6172779.559999999590218 ], [ 719425.24, 6172767.83 ], [ 719430.189999999944121, 6172758.480000000447035 ], [ 719450.49, 6172709.769999999552965 ], [ 719503.14000000001397, 6172582.259999999776483 ], [ 719507.569999999948777, 6172572.099999999627471 ], [ 719512.040000000037253, 6172562.58 ], [ 719528.10999999998603, 6172532.42 ], [ 719528.689999999944121, 6172531.320000000298023 ], [ 719529.410000000032596, 6172529.980000000447035 ], [ 719530.10999999998603, 6172528.67 ], [ 719530.32999999995809, 6172528.269999999552965 ], [ 719538.650000000023283, 6172512.75 ], [ 719550.42000000004191, 6172490.200000000186265 ], [ 719565.46999999997206, 6172461.740000000223517 ], [ 719578.14000000001397, 6172438.75 ], [ 719588.67000000004191, 6172419.059999999590218 ], [ 719601.209999999962747, 6172395.33 ], [ 719605.39000000001397, 6172387.049999999813735 ], [ 719609.699999999953434, 6172376.690000000409782 ], [ 719611.400000000023283, 6172371.889999999664724 ], [ 719614.28000000002794, 6172361.71999999973923 ], [ 719617.189999999944121, 6172349.799999999813735 ], [ 719624.229999999981374, 6172319.410000000149012 ], [ 719629.82999999995809, 6172295.650000000372529 ], [ 719632.35999999998603, 6172287.740000000223517 ], [ 719634.520000000018626, 6172282.58 ], [ 719636.849999999976717, 6172277.269999999552965 ], [ 719640.400000000023283, 6172270.299999999813735 ], [ 719645.46999999997206, 6172261.570000000298023 ], [ 719648.699999999953434, 6172257.070000000298023 ], [ 719652.53000000002794, 6172252.120000000111759 ], [ 719655.71999999997206, 6172248.480000000447035 ], [ 719667.089999999967404, 6172237.389999999664724 ], [ 719672.92000000004191, 6172232.410000000149012 ], [ 719680.310000000055879, 6172226.809999999590218 ], [ 719687.040000000037253, 6172222.33 ], [ 719696.599999999976717, 6172217.120000000111759 ], [ 719704.560000000055879, 6172213.33 ], [ 719711.680000000051223, 6172210.259999999776483 ], [ 719718.5, 6172208.160000000149012 ], [ 719726.74, 6172206.21 ], [ 719732.290000000037253, 6172205.139999999664724 ], [ 719738.75, 6172204.200000000186265 ], [ 719794.82999999995809, 6172199.54 ], [ 719799.459999999962747, 6172198.820000000298023 ], [ 719810.10999999998603, 6172196.129999999888241 ], [ 719823.62, 6172192.389999999664724 ], [ 719830.900000000023283, 6172189.879999999888241 ], [ 719840.099999999976717, 6172186.019999999552965 ], [ 719850.099999999976717, 6172181.21999999973923 ], [ 719859.17000000004191, 6172176.129999999888241 ], [ 719875.76, 6172165.009999999776483 ], [ 719884.53000000002794, 6172158.389999999664724 ], [ 719891.459999999962747, 6172151.96999999973923 ], [ 719897.51, 6172145.990000000223517 ], [ 719907.189999999944121, 6172134.799999999813735 ], [ 719912.03000000002794, 6172128.929999999701977 ], [ 719920.479999999981374, 6172120.83 ], [ 719920.96999999997206, 6172119.889999999664724 ], [ 719920.87, 6172118.809999999590218 ], [ 719921.209999999962747, 6172118.21999999973923 ], [ 719930.540000000037253, 6172106.990000000223517 ], [ 719932.709999999962747, 6172104.53000000026077 ], [ 719935.520000000018626, 6172101.33 ], [ 719942.63, 6172093.25 ], [ 719960.209999999962747, 6172071.879999999888241 ], [ 719973.57999999995809, 6172056.160000000149012 ], [ 719979.71999999997206, 6172048.42 ], [ 719990.949999999953434, 6172035.25 ], [ 720000.92000000004191, 6172022.940000000409782 ], [ 720019.89000000001397, 6172000.639999999664724 ], [ 720035.050000000046566, 6171982.33 ], [ 720042.020000000018626, 6171974.320000000298023 ], [ 720044.520000000018626, 6171971.740000000223517 ], [ 720050.89000000001397, 6171964.200000000186265 ], [ 720053.39000000001397, 6171960.610000000335276 ], [ 720060.959999999962747, 6171951.75 ], [ 720066.069999999948777, 6171946.230000000447035 ], [ 720071.540000000037253, 6171940.759999999776483 ], [ 720077.03000000002794, 6171935.769999999552965 ], [ 720085.21999999997206, 6171929.120000000111759 ], [ 720113.89000000001397, 6171906.309999999590218 ], [ 720135.89000000001397, 6171888.519999999552965 ], [ 720155.64000000001397, 6171872.96 ], [ 720160.930000000051223, 6171868.480000000447035 ], [ 720213.089999999967404, 6171826.639999999664724 ], [ 720225.040000000037253, 6171816.269999999552965 ], [ 720236.339999999967404, 6171805.53000000026077 ], [ 720251.37, 6171790.839999999850988 ], [ 720263.540000000037253, 6171779.46 ], [ 720268.07999999995809, 6171776.019999999552965 ], [ 720272.689999999944121, 6171773.08 ], [ 720277.689999999944121, 6171770.410000000149012 ], [ 720279.699999999953434, 6171769.33 ], [ 720280.99, 6171768.639999999664724 ], [ 720282.849999999976717, 6171767.650000000372529 ], [ 720286.189999999944121, 6171765.860000000335276 ], [ 720289.5, 6171764.089999999850988 ], [ 720289.939999999944121, 6171763.849999999627471 ], [ 720290.770000000018626, 6171763.410000000149012 ], [ 720294.050000000046566, 6171761.660000000149012 ], [ 720302.60999999998603, 6171757.099999999627471 ], [ 720310.46999999997206, 6171752.53000000026077 ], [ 720319.589999999967404, 6171746.349999999627471 ], [ 720326.99, 6171737.730000000447035 ], [ 720334.60999999998603, 6171728.599999999627471 ], [ 720341.87, 6171715.379999999888241 ], [ 720348.37, 6171700.679999999701977 ], [ 720349.37, 6171698.259999999776483 ], [ 720355.660000000032596, 6171685.910000000149012 ], [ 720356.599999999976717, 6171684.049999999813735 ], [ 720380.089999999967404, 6171628.679999999701977 ], [ 720381.099999999976717, 6171626.28000000026077 ], [ 720382.64000000001397, 6171622.639999999664724 ], [ 720385.03000000002794, 6171616.799999999813735 ], [ 720391.310000000055879, 6171603.349999999627471 ], [ 720396.26, 6171592.740000000223517 ], [ 720407.459999999962747, 6171566.599999999627471 ], [ 720437.37, 6171499.089999999850988 ], [ 720450.89000000001397, 6171476.33 ], [ 720510.459999999962747, 6171400.070000000298023 ], [ 720564.459999999962747, 6171330.910000000149012 ], [ 720569.699999999953434, 6171313.990000000223517 ], [ 720573.32999999995809, 6171307.400000000372529 ], [ 720700.300000000046566, 6171145.480000000447035 ], [ 720702.589999999967404, 6171142.679999999701977 ] ] ] } },
{ "type": "Feature", "properties": { "Navn": "Kags Å", "id": 2 }, "geometry": { "type": "MultiLineString", "coordinates": [ [ [ 716280.35999999998603, 6183222.980000000447035 ], [ 716277.979999999981374, 6183232.71999999973923 ], [ 716272.540000000037253, 6183250.660000000149012 ], [ 716268.07999999995809, 6183269.059999999590218 ], [ 716262.92000000004191, 6183290.53000000026077 ], [ 716257.900000000023283, 6183313.139999999664724 ], [ 716255.729999999981374, 6183326.070000000298023 ], [ 716253.57999999995809, 6183337.200000000186265 ], [ 716252.520000000018626, 6183347.04 ], [ 716251.85999999998603, 6183353.190000000409782 ], [ 716251.569999999948777, 6183360.549999999813735 ], [ 716251.38, 6183372.21 ], [ 716251.51, 6183388.049999999813735 ], [ 716250.39000000001397, 6183409.83 ], [ 716249.839999999967404, 6183429.46 ], [ 716249.439999999944121, 6183442.71999999973923 ], [ 716249.400000000023283, 6183444.849999999627471 ], [ 716249.12, 6183450.75 ], [ 716248.38, 6183472.04 ], [ 716249.60999999998603, 6183476.400000000372529 ], [ 716250.819999999948777, 6183480.589999999850988 ], [ 716252.400000000023283, 6183484.519999999552965 ], [ 716254.400000000023283, 6183494.099999999627471 ], [ 716255.650000000023283, 6183500.46 ], [ 716256.21999999997206, 6183513.96999999973923 ], [ 716254.449999999953434, 6183526.679999999701977 ], [ 716243.32999999995809, 6183536.309999999590218 ], [ 716229.32999999995809, 6183554.860000000335276 ], [ 716226.160000000032596, 6183559.58 ], [ 716222.89000000001397, 6183561.650000000372529 ], [ 716218.550000000046566, 6183563.42 ], [ 716214.150000000023283, 6183563.179999999701977 ], [ 716210.32999999995809, 6183562.070000000298023 ], [ 716207.74, 6183561.879999999888241 ], [ 716205.96999999997206, 6183561.96999999973923 ], [ 716167.39000000001397, 6183580.679999999701977 ], [ 716162.569999999948777, 6183582.059999999590218 ], [ 716150.979999999981374, 6183586.099999999627471 ], [ 716144.300000000046566, 6183586.96999999973923 ], [ 716138.07999999995809, 6183584.929999999701977 ], [ 716132.810000000055879, 6183582.759999999776483 ], [ 716127.339999999967404, 6183581.950000000186265 ], [ 716081.300000000046566, 6183592.549999999813735 ], [ 716029.76, 6183604.150000000372529 ], [ 716014.85999999998603, 6183609.200000000186265 ], [ 715872.729999999981374, 6183628.440000000409782 ] ], [ [ 717204.050000000046566, 6179735.950000000186265 ], [ 717207.410000000032596, 6179749.160000000149012 ], [ 717210.189999999944121, 6179763.849999999627471 ], [ 717213.74, 6179779.769999999552965 ], [ 717217.939999999944121, 6179800.179999999701977 ], [ 717221.28000000002794, 6179818.28000000026077 ], [ 717226.76, 6179844.860000000335276 ], [ 717231.400000000023283, 6179868.150000000372529 ], [ 717236.5, 6179891.059999999590218 ], [ 717240.589999999967404, 6179910.820000000298023 ], [ 717242.229999999981374, 6179918.58 ], [ 717240.410000000032596, 6179961.570000000298023 ], [ 717240.25, 6179964.29 ], [ 717224.14000000001397, 6180011.04 ], [ 717210.800000000046566, 6180052.809999999590218 ], [ 717201.839999999967404, 6180086.240000000223517 ], [ 717194.560000000055879, 6180102.349999999627471 ], [ 717181.13, 6180137.21 ], [ 717175.939999999944121, 6180152.990000000223517 ], [ 717155.209999999962747, 6180191.820000000298023 ], [ 717149.42000000004191, 6180204.450000000186265 ], [ 717123.26, 6180240.160000000149012 ], [ 717099.63, 6180280.28000000026077 ], [ 717084.050000000046566, 6180309.759999999776483 ], [ 717066.5, 6180341.809999999590218 ], [ 716989.979999999981374, 6180472.58 ], [ 716981.900000000023283, 6180484.309999999590218 ], [ 716961.63, 6180521.370000000111759 ], [ 716945.599999999976717, 6180551.129999999888241 ], [ 716928.24, 6180586.339999999850988 ], [ 716913.37, 6180615.589999999850988 ], [ 716902.87, 6180634.559999999590218 ], [ 716894.810000000055879, 6180650.650000000372529 ], [ 716885.589999999967404, 6180671.78000000026077 ], [ 716872.550000000046566, 6180688.879999999888241 ], [ 716865.150000000023283, 6180700.96 ], [ 716863.050000000046566, 6180707.150000000372529 ], [ 716862.67000000004191, 6180710.389999999664724 ], [ 716862.74, 6180716.070000000298023 ], [ 716863.729999999981374, 6180728.809999999590218 ], [ 716868.199999999953434, 6180763.009999999776483 ], [ 716870.99, 6180794.730000000447035 ], [ 716871.74, 6180822.700000000186265 ], [ 716873.24, 6180854.96 ], [ 716875.01, 6180886.67 ], [ 716875.32999999995809, 6180918.259999999776483 ], [ 716875.42000000004191, 6180920.79 ], [ 716875.07999999995809, 6180922.320000000298023 ], [ 716870.930000000051223, 6180931.21 ], [ 716862.07999999995809, 6180941.58 ], [ 716854.96999999997206, 6180954.08 ], [ 716846.540000000037253, 6180968.860000000335276 ], [ 716835.550000000046566, 6180985.700000000186265 ], [ 716833.74, 6180988.860000000335276 ], [ 716832.819999999948777, 6180991.950000000186265 ], [ 716831.57999999995809, 6181002.990000000223517 ], [ 716832.339999999967404, 6181028.5 ], [ 716831.839999999967404, 6181040.879999999888241 ], [ 716831.449999999953434, 6181044.58 ], [ 716830.790000000037253, 6181047.08 ], [ 716831.439999999944121, 6181055.410000000149012 ], [ 716831.699999999953434, 6181059.490000000223517 ], [ 716830.60999999998603, 6181063.53000000026077 ], [ 716830.67000000004191, 6181067.150000000372529 ], [ 716831.75, 6181078.700000000186265 ], [ 716835.319999999948777, 6181100.549999999813735 ], [ 716837.089999999967404, 6181110.980000000447035 ], [ 716837.38, 6181115.150000000372529 ], [ 716838.089999999967404, 6181117.53000000026077 ], [ 716841.150000000023283, 6181126.019999999552965 ], [ 716841.449999999953434, 6181126.730000000447035 ], [ 716841.64000000001397, 6181127.21999999973923 ], [ 716842.67000000004191, 6181130.379999999888241 ], [ 716844.599999999976717, 6181137.5 ], [ 716846.209999999962747, 6181143.860000000335276 ], [ 716847.050000000046566, 6181147.440000000409782 ], [ 716848.0, 6181152.17 ], [ 716848.819999999948777, 6181156.639999999664724 ], [ 716849.060000000055879, 6181160.75 ], [ 716848.62, 6181166.75 ], [ 716848.849999999976717, 6181174.980000000447035 ], [ 716848.82999999995809, 6181182.089999999850988 ], [ 716849.160000000032596, 6181183.660000000149012 ], [ 716849.699999999953434, 6181184.700000000186265 ], [ 716850.199999999953434, 6181185.849999999627471 ], [ 716850.449999999953434, 6181186.900000000372529 ], [ 716850.85999999998603, 6181193.71999999973923 ], [ 716850.319999999948777, 6181196.96999999973923 ], [ 716848.51, 6181204.200000000186265 ], [ 716847.400000000023283, 6181207.5 ], [ 716847.770000000018626, 6181210.08 ], [ 716847.459999999962747, 6181211.519999999552965 ], [ 716846.680000000051223, 6181213.200000000186265 ], [ 716846.13, 6181215.570000000298023 ], [ 716845.07999999995809, 6181220.839999999850988 ], [ 716840.01, 6181241.299999999813735 ], [ 716836.32999999995809, 6181258.759999999776483 ], [ 716832.050000000046566, 6181271.940000000409782 ], [ 716831.310000000055879, 6181275.42 ], [ 716830.910000000032596, 6181277.259999999776483 ], [ 716831.160000000032596, 6181284.67 ], [ 716830.709999999962747, 6181288.67 ], [ 716829.42000000004191, 6181294.75 ], [ 716825.92000000004191, 6181309.299999999813735 ], [ 716822.790000000037253, 6181322.910000000149012 ], [ 716820.849999999976717, 6181334.940000000409782 ], [ 716816.35999999998603, 6181355.099999999627471 ], [ 716814.26, 6181375.700000000186265 ], [ 716812.819999999948777, 6181392.129999999888241 ], [ 716811.42000000004191, 6181405.799999999813735 ], [ 716810.62, 6181409.450000000186265 ], [ 716809.589999999967404, 6181411.450000000186265 ], [ 716807.38, 6181413.519999999552965 ], [ 716806.939999999944121, 6181415.120000000111759 ], [ 716806.660000000032596, 6181416.570000000298023 ], [ 716805.810000000055879, 6181425.03000000026077 ], [ 716805.13, 6181427.759999999776483 ], [ 716804.199999999953434, 6181429.240000000223517 ], [ 716801.26, 6181431.740000000223517 ], [ 716796.87, 6181433.410000000149012 ], [ 716781.189999999944121, 6181438.490000000223517 ], [ 716776.32999999995809, 6181440.490000000223517 ], [ 716759.49, 6181448.769999999552965 ], [ 716750.180000000051223, 6181453.92 ], [ 716737.800000000046566, 6181462.849999999627471 ], [ 716724.020000000018626, 6181473.809999999590218 ], [ 716721.810000000055879, 6181475.660000000149012 ], [ 716719.770000000018626, 6181477.599999999627471 ], [ 716718.13, 6181479.370000000111759 ], [ 716717.189999999944121, 6181480.96 ], [ 716716.07999999995809, 6181484.929999999701977 ], [ 716715.410000000032596, 6181485.96 ], [ 716706.729999999981374, 6181495.92 ], [ 716704.53000000002794, 6181499.089999999850988 ], [ 716702.599999999976717, 6181502.759999999776483 ], [ 716701.64000000001397, 6181506.46 ], [ 716699.71999999997206, 6181515.900000000372529 ], [ 716697.5, 6181526.629999999888241 ], [ 716694.650000000023283, 6181538.08 ], [ 716692.339999999967404, 6181546.860000000335276 ], [ 716691.78000000002794, 6181549.400000000372529 ], [ 716690.310000000055879, 6181556.08 ], [ 716687.42000000004191, 6181568.769999999552965 ], [ 716685.479999999981374, 6181579.33 ], [ 716683.35999999998603, 6181589.450000000186265 ], [ 716680.439999999944121, 6181602.360000000335276 ], [ 716677.35999999998603, 6181615.490000000223517 ], [ 716673.439999999944121, 6181632.860000000335276 ], [ 716671.449999999953434, 6181644.879999999888241 ], [ 716669.839999999967404, 6181651.950000000186265 ], [ 716666.439999999944121, 6181667.009999999776483 ], [ 716664.599999999976717, 6181675.0 ], [ 716645.75, 6181719.08 ], [ 716638.89000000001397, 6181729.620000000111759 ], [ 716621.150000000023283, 6181759.129999999888241 ], [ 716618.01, 6181766.839999999850988 ], [ 716615.07999999995809, 6181774.009999999776483 ], [ 716610.10999999998603, 6181787.17 ], [ 716606.13, 6181797.559999999590218 ], [ 716601.900000000023283, 6181807.71 ], [ 716598.729999999981374, 6181815.53000000026077 ], [ 716597.37, 6181819.730000000447035 ], [ 716596.13, 6181822.599999999627471 ], [ 716594.060000000055879, 6181826.480000000447035 ], [ 716588.800000000046566, 6181833.980000000447035 ], [ 716583.089999999967404, 6181842.42 ], [ 716576.800000000046566, 6181852.139999999664724 ], [ 716568.479999999981374, 6181864.17 ], [ 716560.400000000023283, 6181875.549999999813735 ], [ 716553.24, 6181885.610000000335276 ], [ 716548.150000000023283, 6181893.679999999701977 ], [ 716544.51, 6181900.03000000026077 ], [ 716542.400000000023283, 6181905.46 ], [ 716539.810000000055879, 6181912.139999999664724 ], [ 716536.160000000032596, 6181922.79 ], [ 716527.57999999995809, 6181945.700000000186265 ], [ 716519.92000000004191, 6181966.730000000447035 ], [ 716514.85999999998603, 6181983.160000000149012 ], [ 716513.71999999997206, 6181990.129999999888241 ], [ 716512.42000000004191, 6181998.04 ], [ 716509.37, 6182015.29 ], [ 716506.979999999981374, 6182033.190000000409782 ], [ 716502.63, 6182061.730000000447035 ], [ 716500.979999999981374, 6182078.21999999973923 ], [ 716501.03000000002794, 6182081.940000000409782 ], [ 716501.910000000032596, 6182089.629999999888241 ], [ 716504.14000000001397, 6182102.25 ], [ 716507.979999999981374, 6182121.129999999888241 ], [ 716510.569999999948777, 6182133.740000000223517 ], [ 716510.939999999944121, 6182144.33 ], [ 716510.550000000046566, 6182147.28000000026077 ], [ 716508.0, 6182155.370000000111759 ], [ 716502.660000000032596, 6182169.519999999552965 ], [ 716498.17000000004191, 6182181.240000000223517 ], [ 716492.38, 6182198.04 ], [ 716489.71999999997206, 6182205.360000000335276 ], [ 716486.839999999967404, 6182209.690000000409782 ], [ 716482.069999999948777, 6182216.25 ], [ 716477.099999999976717, 6182224.21999999973923 ], [ 716473.82999999995809, 6182228.29 ], [ 716471.339999999967404, 6182230.190000000409782 ], [ 716467.49, 6182232.599999999627471 ], [ 716465.540000000037253, 6182234.519999999552965 ], [ 716461.62, 6182238.379999999888241 ], [ 716455.660000000032596, 6182241.160000000149012 ], [ 716450.020000000018626, 6182249.54 ], [ 716440.400000000023283, 6182267.0 ], [ 716429.430000000051223, 6182284.660000000149012 ], [ 716424.199999999953434, 6182293.78000000026077 ], [ 716415.540000000037253, 6182309.190000000409782 ], [ 716407.900000000023283, 6182320.009999999776483 ], [ 716398.910000000032596, 6182337.910000000149012 ], [ 716392.26, 6182349.509999999776483 ], [ 716387.67000000004191, 6182357.910000000149012 ], [ 716386.589999999967404, 6182359.620000000111759 ], [ 716385.550000000046566, 6182361.269999999552965 ], [ 716381.449999999953434, 6182367.980000000447035 ], [ 716376.229999999981374, 6182376.860000000335276 ], [ 716362.800000000046566, 6182400.559999999590218 ], [ 716352.01, 6182418.5 ], [ 716336.53000000002794, 6182440.860000000335276 ], [ 716325.050000000046566, 6182461.269999999552965 ], [ 716312.520000000018626, 6182484.04 ], [ 716300.729999999981374, 6182505.339999999850988 ], [ 716286.349999999976717, 6182531.980000000447035 ], [ 716279.01, 6182545.71 ], [ 716276.07999999995809, 6182551.049999999813735 ], [ 716274.51, 6182556.120000000111759 ], [ 716272.49, 6182570.650000000372529 ], [ 716272.199999999953434, 6182594.46 ], [ 716272.040000000037253, 6182604.25 ], [ 716271.959999999962747, 6182624.799999999813735 ], [ 716271.63, 6182645.92 ], [ 716271.349999999976717, 6182660.53000000026077 ], [ 716270.930000000051223, 6182685.559999999590218 ], [ 716270.349999999976717, 6182714.03000000026077 ], [ 716270.040000000037253, 6182728.990000000223517 ], [ 716269.209999999962747, 6182757.940000000409782 ], [ 716268.660000000032596, 6182777.75 ], [ 716268.599999999976717, 6182792.03000000026077 ], [ 716269.01, 6182803.46 ], [ 716269.709999999962747, 6182812.570000000298023 ], [ 716272.38, 6182829.889999999664724 ], [ 716277.290000000037253, 6182849.849999999627471 ], [ 716279.75, 6182859.29 ], [ 716286.99, 6182882.25 ], [ 716293.819999999948777, 6182900.660000000149012 ], [ 716298.020000000018626, 6182912.240000000223517 ], [ 716304.71999999997206, 6182929.379999999888241 ], [ 716313.160000000032596, 6182952.0 ], [ 716320.24, 6182970.21999999973923 ], [ 716328.42000000004191, 6182991.58 ], [ 716337.680000000051223, 6183014.629999999888241 ], [ 716344.53000000002794, 6183031.33 ], [ 716352.060000000055879, 6183052.059999999590218 ], [ 716353.270000000018626, 6183056.200000000186265 ], [ 716354.300000000046566, 6183061.75 ], [ 716355.930000000051223, 6183073.769999999552965 ], [ 716357.21999999997206, 6183082.58 ], [ 716357.270000000018626, 6183084.809999999590218 ], [ 716355.930000000051223, 6183088.089999999850988 ], [ 716351.910000000032596, 6183095.009999999776483 ], [ 716344.5, 6183108.379999999888241 ], [ 716333.520000000018626, 6183127.730000000447035 ], [ 716323.020000000018626, 6183143.519999999552965 ], [ 716312.89000000001397, 6183157.96999999973923 ], [ 716295.62, 6183181.120000000111759 ] ], [ [ 716749.410000000032596, 6178904.059999999590218 ], [ 716749.930000000051223, 6178909.599999999627471 ], [ 716750.12, 6178911.620000000111759 ], [ 716751.709999999962747, 6178928.599999999627471 ], [ 716770.75, 6179070.019999999552965 ], [ 716784.810000000055879, 6179162.259999999776483 ], [ 716788.60999999998603, 6179185.549999999813735 ], [ 716789.099999999976717, 6179186.610000000335276 ], [ 716790.199999999953434, 6179188.360000000335276 ], [ 716802.819999999948777, 6179196.690000000409782 ], [ 716804.99, 6179198.21999999973923 ], [ 716807.92000000004191, 6179199.599999999627471 ], [ 716816.310000000055879, 6179203.96999999973923 ], [ 716820.410000000032596, 6179206.549999999813735 ], [ 716821.71999999997206, 6179207.389999999664724 ], [ 716822.930000000051223, 6179208.240000000223517 ], [ 716823.810000000055879, 6179208.870000000111759 ], [ 716828.910000000032596, 6179211.980000000447035 ], [ 716833.560000000055879, 6179214.139999999664724 ], [ 716838.089999999967404, 6179216.28000000026077 ], [ 716846.050000000046566, 6179219.240000000223517 ], [ 716853.650000000023283, 6179222.490000000223517 ], [ 716860.069999999948777, 6179225.440000000409782 ], [ 716865.5, 6179226.940000000409782 ], [ 716879.87, 6179230.599999999627471 ], [ 716885.939999999944121, 6179232.309999999590218 ], [ 716889.88, 6179233.58 ], [ 716894.32999999995809, 6179235.269999999552965 ], [ 716898.35999999998603, 6179236.740000000223517 ], [ 716902.400000000023283, 6179237.78000000026077 ], [ 716905.430000000051223, 6179238.200000000186265 ], [ 716912.569999999948777, 6179238.75 ], [ 716914.680000000051223, 6179239.71999999973923 ], [ 716921.24, 6179242.129999999888241 ], [ 716923.060000000055879, 6179243.190000000409782 ], [ 716930.459999999962747, 6179252.990000000223517 ], [ 716934.78000000002794, 6179258.910000000149012 ], [ 716934.71999999997206, 6179260.929999999701977 ], [ 716934.540000000037253, 6179266.870000000111759 ], [ 716932.949999999953434, 6179276.009999999776483 ], [ 716932.229999999981374, 6179281.910000000149012 ], [ 716931.479999999981374, 6179291.299999999813735 ], [ 716931.459999999962747, 6179294.480000000447035 ], [ 716915.069999999948777, 6179419.04 ], [ 716914.82999999995809, 6179420.410000000149012 ], [ 716914.790000000037253, 6179421.200000000186265 ], [ 716912.12, 6179441.46999999973923 ], [ 716906.060000000055879, 6179452.17 ], [ 716905.5, 6179453.58 ], [ 716908.099999999976717, 6179457.139999999664724 ], [ 716911.21999999997206, 6179461.240000000223517 ], [ 716965.540000000037253, 6179526.929999999701977 ], [ 717016.17000000004191, 6179583.730000000447035 ], [ 717022.229999999981374, 6179589.21 ], [ 717039.319999999948777, 6179601.17 ], [ 717051.62, 6179611.509999999776483 ], [ 717063.290000000037253, 6179619.21999999973923 ], [ 717128.060000000055879, 6179652.21 ], [ 717131.939999999944121, 6179654.21999999973923 ], [ 717134.209999999962747, 6179655.389999999664724 ], [ 717136.21999999997206, 6179656.42 ], [ 717146.910000000032596, 6179661.950000000186265 ], [ 717153.790000000037253, 6179666.519999999552965 ], [ 717161.800000000046566, 6179673.129999999888241 ], [ 717162.959999999962747, 6179674.379999999888241 ], [ 717165.67000000004191, 6179677.33 ], [ 717167.310000000055879, 6179679.33 ], [ 717170.089999999967404, 6179682.71999999973923 ], [ 717171.910000000032596, 6179684.950000000186265 ], [ 717178.180000000051223, 6179692.700000000186265 ], [ 717185.180000000051223, 6179703.410000000149012 ], [ 717196.180000000051223, 6179718.08 ], [ 717201.96999999997206, 6179729.490000000223517 ], [ 717202.430000000051223, 6179730.96 ], [ 717203.319999999948777, 6179733.96999999973923 ] ] ] } },
{ "type": "Feature", "properties": { "Navn": "Sømose Å", "id": 3 }, "geometry": { "type": "MultiLineString", "coordinates": [ [ [ 713799.160000000032596, 6181529.269999999552965 ], [ 713858.14000000001397, 6181521.150000000372529 ], [ 713872.949999999953434, 6181493.370000000111759 ], [ 713907.5, 6181475.759999999776483 ], [ 713948.21999999997206, 6181464.860000000335276 ], [ 713944.569999999948777, 6181436.5 ], [ 713944.540000000037253, 6181435.53000000026077 ], [ 713944.51, 6181434.700000000186265 ], [ 713944.37, 6181432.019999999552965 ], [ 713944.07999999995809, 6181426.03000000026077 ], [ 713943.62, 6181419.67 ], [ 713943.209999999962747, 6181415.639999999664724 ], [ 713943.03000000002794, 6181413.910000000149012 ], [ 713942.07999999995809, 6181410.29 ], [ 713942.24, 6181407.200000000186265 ], [ 713942.650000000023283, 6181402.509999999776483 ], [ 713942.709999999962747, 6181401.71999999973923 ], [ 713942.89000000001397, 6181397.759999999776483 ], [ 713942.849999999976717, 6181394.599999999627471 ], [ 713942.53000000002794, 6181391.820000000298023 ], [ 713942.01, 6181388.650000000372529 ], [ 713941.099999999976717, 6181385.389999999664724 ], [ 713940.400000000023283, 6181382.54 ], [ 713939.209999999962747, 6181377.28000000026077 ], [ 713937.71999999997206, 6181370.639999999664724 ], [ 713935.770000000018626, 6181366.96 ], [ 713933.449999999953434, 6181362.559999999590218 ], [ 713930.959999999962747, 6181358.559999999590218 ], [ 713929.849999999976717, 6181356.799999999813735 ], [ 713929.24, 6181355.839999999850988 ], [ 713928.699999999953434, 6181354.990000000223517 ], [ 713926.680000000051223, 6181351.629999999888241 ], [ 713925.26, 6181349.139999999664724 ], [ 713920.729999999981374, 6181344.110000000335276 ], [ 713917.339999999967404, 6181341.400000000372529 ], [ 713913.020000000018626, 6181339.389999999664724 ], [ 713908.12, 6181337.650000000372529 ], [ 713905.569999999948777, 6181336.410000000149012 ], [ 713903.229999999981374, 6181334.120000000111759 ], [ 713902.319999999948777, 6181333.04 ], [ 713901.10999999998603, 6181330.679999999701977 ], [ 713900.430000000051223, 6181326.490000000223517 ], [ 713899.25, 6181319.730000000447035 ], [ 713895.339999999967404, 6181309.559999999590218 ], [ 713894.14000000001397, 6181306.690000000409782 ], [ 713893.0, 6181295.549999999813735 ], [ 713892.07999999995809, 6181291.650000000372529 ], [ 713890.25, 6181286.070000000298023 ], [ 713890.21999999997206, 6181283.360000000335276 ], [ 713890.930000000051223, 6181281.320000000298023 ], [ 713893.290000000037253, 6181277.559999999590218 ], [ 713896.46999999997206, 6181274.46999999973923 ], [ 713900.599999999976717, 6181268.440000000409782 ], [ 713905.01, 6181262.0 ], [ 713917.310000000055879, 6181247.200000000186265 ], [ 713926.60999999998603, 6181235.019999999552965 ], [ 713929.819999999948777, 6181230.009999999776483 ], [ 713932.39000000001397, 6181222.940000000409782 ], [ 713934.13, 6181214.049999999813735 ], [ 713935.319999999948777, 6181208.17 ], [ 713936.99, 6181205.42 ], [ 713940.21999999997206, 6181202.259999999776483 ], [ 713952.910000000032596, 6181195.429999999701977 ], [ 713962.589999999967404, 6181191.54 ], [ 713974.979999999981374, 6181188.740000000223517 ], [ 713983.790000000037253, 6181188.200000000186265 ], [ 713985.459999999962747, 6181188.25 ], [ 713987.28000000002794, 6181188.679999999701977 ], [ 713993.76, 6181191.78000000026077 ], [ 714003.290000000037253, 6181197.110000000335276 ], [ 714018.14000000001397, 6181203.700000000186265 ], [ 714023.459999999962747, 6181205.339999999850988 ], [ 714030.729999999981374, 6181205.610000000335276 ], [ 714035.900000000023283, 6181205.410000000149012 ], [ 714039.87, 6181205.629999999888241 ], [ 714043.199999999953434, 6181205.070000000298023 ], [ 714046.26, 6181202.700000000186265 ], [ 714048.180000000051223, 6181200.71999999973923 ], [ 714050.51, 6181200.150000000372529 ], [ 714054.709999999962747, 6181200.139999999664724 ], [ 714064.78000000002794, 6181200.450000000186265 ], [ 714073.32999999995809, 6181200.33 ], [ 714080.020000000018626, 6181198.309999999590218 ], [ 714087.699999999953434, 6181193.799999999813735 ], [ 714094.550000000046566, 6181191.549999999813735 ], [ 714107.439999999944121, 6181189.440000000409782 ], [ 714127.599999999976717, 6181185.230000000447035 ], [ 714142.339999999967404, 6181180.78000000026077 ], [ 714148.67000000004191, 6181179.75 ], [ 714157.07999999995809, 6181180.440000000409782 ], [ 714162.849999999976717, 6181179.639999999664724 ], [ 714167.729999999981374, 6181177.5 ], [ 714178.339999999967404, 6181168.360000000335276 ], [ 714187.910000000032596, 6181158.46 ], [ 714203.32999999995809, 6181141.509999999776483 ], [ 714207.849999999976717, 6181136.679999999701977 ], [ 714219.819999999948777, 6181124.309999999590218 ], [ 714223.0, 6181119.509999999776483 ], [ 714224.92000000004191, 6181115.200000000186265 ], [ 714226.46999999997206, 6181107.839999999850988 ], [ 714226.57999999995809, 6181104.03000000026077 ], [ 714226.449999999953434, 6181103.08 ], [ 714226.37, 6181101.25 ], [ 714226.349999999976717, 6181097.96 ], [ 714227.800000000046566, 6181094.660000000149012 ], [ 714229.349999999976717, 6181092.129999999888241 ], [ 714233.24, 6181087.410000000149012 ], [ 714237.589999999967404, 6181083.339999999850988 ], [ 714242.310000000055879, 6181076.379999999888241 ], [ 714244.020000000018626, 6181071.900000000372529 ], [ 714255.229999999981374, 6181069.759999999776483 ], [ 714260.24, 6181068.79 ], [ 714261.5, 6181068.549999999813735 ], [ 714270.060000000055879, 6181073.990000000223517 ], [ 714277.790000000037253, 6181077.639999999664724 ], [ 714278.99, 6181078.099999999627471 ], [ 714280.699999999953434, 6181078.099999999627471 ], [ 714282.050000000046566, 6181077.629999999888241 ], [ 714283.0, 6181076.629999999888241 ], [ 714284.930000000051223, 6181072.03000000026077 ], [ 714287.71999999997206, 6181067.639999999664724 ], [ 714290.689999999944121, 6181063.799999999813735 ], [ 714294.180000000051223, 6181061.070000000298023 ], [ 714303.939999999944121, 6181057.049999999813735 ], [ 714307.310000000055879, 6181055.610000000335276 ], [ 714311.74, 6181054.150000000372529 ], [ 714318.92000000004191, 6181053.21999999973923 ], [ 714322.930000000051223, 6181053.019999999552965 ], [ 714324.64000000001397, 6181052.21 ], [ 714326.800000000046566, 6181050.370000000111759 ], [ 714330.430000000051223, 6181045.820000000298023 ], [ 714335.88, 6181041.67 ], [ 714342.160000000032596, 6181036.599999999627471 ], [ 714346.319999999948777, 6181032.900000000372529 ], [ 714348.180000000051223, 6181028.620000000111759 ], [ 714349.25, 6181024.629999999888241 ], [ 714349.46999999997206, 6181022.650000000372529 ], [ 714348.819999999948777, 6181019.67 ], [ 714347.53000000002794, 6181016.33 ], [ 714344.449999999953434, 6181009.259999999776483 ], [ 714341.03000000002794, 6181002.129999999888241 ], [ 714339.020000000018626, 6180999.450000000186265 ], [ 714336.78000000002794, 6180997.049999999813735 ], [ 714331.38, 6180991.04 ], [ 714330.12, 6180990.0 ], [ 714328.76, 6180989.349999999627471 ], [ 714326.85999999998603, 6180988.769999999552965 ], [ 714322.949999999953434, 6180987.450000000186265 ], [ 714322.0, 6180986.67 ], [ 714320.51, 6180984.78000000026077 ], [ 714319.550000000046566, 6180983.509999999776483 ], [ 714319.150000000023283, 6180981.929999999701977 ], [ 714319.150000000023283, 6180978.980000000447035 ], [ 714319.310000000055879, 6180970.599999999627471 ], [ 714319.75, 6180967.089999999850988 ], [ 714319.839999999967404, 6180960.900000000372529 ], [ 714320.51, 6180958.259999999776483 ], [ 714321.339999999967404, 6180956.799999999813735 ], [ 714322.57999999995809, 6180955.049999999813735 ], [ 714324.37, 6180953.759999999776483 ], [ 714330.07999999995809, 6180950.230000000447035 ], [ 714336.770000000018626, 6180946.910000000149012 ], [ 714339.24, 6180945.230000000447035 ], [ 714344.37, 6180939.900000000372529 ], [ 714347.569999999948777, 6180936.129999999888241 ], [ 714351.160000000032596, 6180930.120000000111759 ], [ 714352.64000000001397, 6180928.46999999973923 ], [ 714355.25, 6180926.599999999627471 ], [ 714359.5, 6180924.980000000447035 ], [ 714365.849999999976717, 6180921.379999999888241 ], [ 714370.99, 6180917.410000000149012 ], [ 714371.699999999953434, 6180916.860000000335276 ], [ 714388.89000000001397, 6180901.29 ], [ 714397.82999999995809, 6180892.690000000409782 ], [ 714403.550000000046566, 6180872.519999999552965 ], [ 714406.599999999976717, 6180862.79 ], [ 714411.180000000051223, 6180847.33 ], [ 714411.49, 6180846.389999999664724 ], [ 714413.310000000055879, 6180840.389999999664724 ], [ 714416.310000000055879, 6180831.440000000409782 ], [ 714421.62, 6180815.759999999776483 ], [ 714427.78000000002794, 6180806.700000000186265 ], [ 714431.069999999948777, 6180801.269999999552965 ], [ 714432.520000000018626, 6180798.099999999627471 ], [ 714432.85999999998603, 6180795.900000000372529 ], [ 714431.12, 6180786.650000000372529 ], [ 714430.689999999944121, 6180780.929999999701977 ], [ 714431.069999999948777, 6180778.129999999888241 ], [ 714432.949999999953434, 6180773.690000000409782 ], [ 714437.300000000046566, 6180767.679999999701977 ], [ 714450.51, 6180754.799999999813735 ], [ 714463.979999999981374, 6180741.410000000149012 ], [ 714475.939999999944121, 6180730.990000000223517 ], [ 714496.78000000002794, 6180713.519999999552965 ], [ 714511.939999999944121, 6180702.910000000149012 ], [ 714515.89000000001397, 6180700.269999999552965 ], [ 714519.060000000055879, 6180695.75 ], [ 714523.53000000002794, 6180686.950000000186265 ], [ 714529.599999999976717, 6180676.71 ], [ 714534.020000000018626, 6180671.42 ], [ 714544.050000000046566, 6180664.129999999888241 ], [ 714549.550000000046566, 6180659.46999999973923 ], [ 714553.290000000037253, 6180655.070000000298023 ], [ 714554.57999999995809, 6180652.320000000298023 ], [ 714555.78000000002794, 6180648.200000000186265 ], [ 714558.75, 6180632.299999999813735 ], [ 714560.699999999953434, 6180624.179999999701977 ], [ 714562.209999999962747, 6180618.799999999813735 ], [ 714563.85999999998603, 6180614.53000000026077 ], [ 714566.07999999995809, 6180610.58 ], [ 714568.439999999944121, 6180607.240000000223517 ], [ 714572.540000000037253, 6180602.21 ], [ 714578.74, 6180594.450000000186265 ], [ 714587.089999999967404, 6180585.769999999552965 ], [ 714598.51, 6180575.759999999776483 ], [ 714610.5, 6180565.480000000447035 ], [ 714614.060000000055879, 6180562.839999999850988 ], [ 714617.270000000018626, 6180561.33 ], [ 714621.699999999953434, 6180560.129999999888241 ], [ 714625.189999999944121, 6180559.71 ], [ 714629.479999999981374, 6180559.400000000372529 ], [ 714632.680000000051223, 6180560.059999999590218 ], [ 714635.599999999976717, 6180560.820000000298023 ], [ 714637.900000000023283, 6180562.230000000447035 ], [ 714648.28000000002794, 6180572.339999999850988 ], [ 714657.87, 6180579.610000000335276 ], [ 714661.5, 6180581.650000000372529 ], [ 714664.810000000055879, 6180583.070000000298023 ], [ 714668.57999999995809, 6180583.889999999664724 ], [ 714672.82999999995809, 6180584.110000000335276 ], [ 714678.680000000051223, 6180582.839999999850988 ], [ 714692.99, 6180579.070000000298023 ], [ 714704.67000000004191, 6180576.349999999627471 ], [ 714707.790000000037253, 6180574.950000000186265 ], [ 714711.959999999962747, 6180572.79 ], [ 714716.89000000001397, 6180569.21 ], [ 714720.5, 6180566.309999999590218 ], [ 714723.349999999976717, 6180563.71999999973923 ], [ 714724.550000000046566, 6180561.650000000372529 ], [ 714725.949999999953434, 6180557.900000000372529 ], [ 714728.13, 6180551.28000000026077 ], [ 714730.310000000055879, 6180539.139999999664724 ], [ 714732.10999999998603, 6180522.25 ], [ 714732.07999999995809, 6180519.190000000409782 ], [ 714731.32999999995809, 6180511.900000000372529 ], [ 714730.07999999995809, 6180504.160000000149012 ], [ 714729.85999999998603, 6180500.559999999590218 ], [ 714730.310000000055879, 6180498.04 ], [ 714734.069999999948777, 6180481.309999999590218 ], [ 714737.589999999967404, 6180472.929999999701977 ], [ 714740.959999999962747, 6180465.129999999888241 ], [ 714743.21999999997206, 6180462.269999999552965 ], [ 714752.099999999976717, 6180452.980000000447035 ], [ 714754.699999999953434, 6180450.309999999590218 ], [ 714756.180000000051223, 6180447.570000000298023 ], [ 714758.180000000051223, 6180443.049999999813735 ], [ 714758.42000000004191, 6180441.059999999590218 ], [ 714758.410000000032596, 6180439.33 ], [ 714756.930000000051223, 6180427.429999999701977 ], [ 714762.209999999962747, 6180420.309999999590218 ], [ 714769.790000000037253, 6180399.139999999664724 ], [ 714781.180000000051223, 6180391.879999999888241 ], [ 714783.540000000037253, 6180388.980000000447035 ], [ 714785.38, 6180386.730000000447035 ], [ 714794.959999999962747, 6180378.049999999813735 ], [ 714804.12, 6180374.610000000335276 ], [ 714818.939999999944121, 6180372.71 ], [ 714858.96999999997206, 6180340.46999999973923 ], [ 714876.150000000023283, 6180326.639999999664724 ], [ 714889.5, 6180315.110000000335276 ], [ 714894.26, 6180311.0 ], [ 714900.67000000004191, 6180302.610000000335276 ], [ 714902.439999999944121, 6180298.870000000111759 ], [ 714906.449999999953434, 6180287.599999999627471 ], [ 714920.790000000037253, 6180255.25 ], [ 714924.430000000051223, 6180249.129999999888241 ], [ 714927.0, 6180245.360000000335276 ], [ 714932.689999999944121, 6180237.75 ], [ 714948.189999999944121, 6180215.299999999813735 ], [ 714950.89000000001397, 6180211.549999999813735 ], [ 714965.01, 6180194.870000000111759 ], [ 714982.599999999976717, 6180174.120000000111759 ], [ 714986.290000000037253, 6180169.059999999590218 ], [ 714988.699999999953434, 6180165.46999999973923 ], [ 714998.770000000018626, 6180150.490000000223517 ], [ 715007.439999999944121, 6180138.679999999701977 ], [ 715009.589999999967404, 6180136.059999999590218 ], [ 715011.300000000046566, 6180133.990000000223517 ], [ 715067.74, 6180131.53000000026077 ], [ 715084.57999999995809, 6180115.480000000447035 ], [ 715091.680000000051223, 6180108.099999999627471 ], [ 715098.189999999944121, 6180099.96999999973923 ], [ 715105.24, 6180091.25 ], [ 715117.790000000037253, 6180073.809999999590218 ], [ 715121.709999999962747, 6180066.099999999627471 ], [ 715126.790000000037253, 6180053.009999999776483 ], [ 715128.770000000018626, 6180047.570000000298023 ], [ 715130.709999999962747, 6180041.29 ], [ 715132.82999999995809, 6180033.089999999850988 ], [ 715134.88, 6180025.349999999627471 ], [ 715136.439999999944121, 6180019.269999999552965 ], [ 715138.38, 6180012.700000000186265 ], [ 715141.39000000001397, 6180002.599999999627471 ], [ 715143.060000000055879, 6179997.450000000186265 ], [ 715147.930000000051223, 6179986.71999999973923 ], [ 715151.25, 6179980.299999999813735 ], [ 715159.0, 6179967.549999999813735 ], [ 715163.699999999953434, 6179961.08 ], [ 715169.050000000046566, 6179953.79 ], [ 715171.349999999976717, 6179950.360000000335276 ], [ 715173.74, 6179946.629999999888241 ], [ 715176.189999999944121, 6179942.42 ], [ 715178.520000000018626, 6179938.129999999888241 ], [ 715181.410000000032596, 6179932.309999999590218 ], [ 715185.660000000032596, 6179922.929999999701977 ], [ 715187.839999999967404, 6179916.849999999627471 ], [ 715190.660000000032596, 6179907.79 ], [ 715191.540000000037253, 6179903.769999999552965 ], [ 715193.699999999953434, 6179893.78000000026077 ], [ 715193.89000000001397, 6179884.980000000447035 ], [ 715197.430000000051223, 6179870.519999999552965 ], [ 715196.930000000051223, 6179868.679999999701977 ], [ 715196.300000000046566, 6179865.450000000186265 ], [ 715196.07999999995809, 6179864.179999999701977 ], [ 715195.39000000001397, 6179860.160000000149012 ], [ 715194.63, 6179856.21999999973923 ], [ 715194.07999999995809, 6179853.490000000223517 ], [ 715193.87, 6179852.349999999627471 ], [ 715192.32999999995809, 6179844.240000000223517 ], [ 715189.49, 6179830.429999999701977 ], [ 715188.26, 6179824.480000000447035 ], [ 715188.12, 6179823.67 ], [ 715188.01, 6179822.950000000186265 ], [ 715187.88, 6179822.110000000335276 ], [ 715187.76, 6179821.190000000409782 ], [ 715187.64000000001397, 6179820.25 ], [ 715187.53000000002794, 6179819.349999999627471 ], [ 715187.42000000004191, 6179817.78000000026077 ], [ 715187.39000000001397, 6179817.03000000026077 ], [ 715187.38, 6179816.28000000026077 ], [ 715187.37, 6179815.53000000026077 ], [ 715187.38, 6179814.78000000026077 ], [ 715187.400000000023283, 6179814.03000000026077 ], [ 715187.42000000004191, 6179813.070000000298023 ], [ 715187.449999999953434, 6179812.320000000298023 ], [ 715187.49, 6179811.570000000298023 ], [ 715187.540000000037253, 6179810.820000000298023 ], [ 715187.599999999976717, 6179810.070000000298023 ], [ 715187.660000000032596, 6179809.320000000298023 ], [ 715187.74, 6179808.58 ], [ 715187.849999999976717, 6179807.639999999664724 ], [ 715187.949999999953434, 6179806.900000000372529 ], [ 715188.060000000055879, 6179806.150000000372529 ], [ 715188.17000000004191, 6179805.410000000149012 ], [ 715188.28000000002794, 6179804.67 ], [ 715188.39000000001397, 6179803.929999999701977 ], [ 715188.430000000051223, 6179803.700000000186265 ], [ 715207.17000000004191, 6179668.25 ], [ 715207.28000000002794, 6179667.509999999776483 ], [ 715207.38, 6179666.759999999776483 ], [ 715207.49, 6179666.019999999552965 ], [ 715207.589999999967404, 6179665.28000000026077 ], [ 715207.699999999953434, 6179664.53000000026077 ], [ 715207.800000000046566, 6179663.79 ], [ 715207.910000000032596, 6179663.049999999813735 ], [ 715208.01, 6179662.309999999590218 ], [ 715208.10999999998603, 6179661.559999999590218 ], [ 715208.199999999953434, 6179660.820000000298023 ], [ 715208.300000000046566, 6179660.070000000298023 ], [ 715208.39000000001397, 6179659.33 ], [ 715208.46999999997206, 6179658.58 ], [ 715208.550000000046566, 6179657.839999999850988 ], [ 715208.599999999976717, 6179657.360000000335276 ], [ 715208.689999999944121, 6179656.610000000335276 ], [ 715208.76, 6179655.860000000335276 ], [ 715208.819999999948777, 6179655.110000000335276 ], [ 715208.85999999998603, 6179654.360000000335276 ], [ 715208.87, 6179653.610000000335276 ], [ 715208.87, 6179652.83 ], [ 715208.849999999976717, 6179652.110000000335276 ], [ 715208.85999999998603, 6179651.58 ], [ 715208.939999999944121, 6179650.839999999850988 ], [ 715209.0, 6179650.089999999850988 ], [ 715209.050000000046566, 6179649.339999999850988 ], [ 715209.069999999948777, 6179648.96999999973923 ], [ 715208.87, 6179641.610000000335276 ], [ 715208.819999999948777, 6179640.860000000335276 ], [ 715208.75, 6179640.110000000335276 ], [ 715208.680000000051223, 6179639.360000000335276 ], [ 715208.60999999998603, 6179638.620000000111759 ], [ 715208.520000000018626, 6179637.870000000111759 ], [ 715208.479999999981374, 6179637.450000000186265 ], [ 715208.410000000032596, 6179636.690000000409782 ], [ 715208.39000000001397, 6179635.879999999888241 ], [ 715208.349999999976717, 6179635.179999999701977 ], [ 715208.339999999967404, 6179634.450000000186265 ], [ 715208.270000000018626, 6179633.700000000186265 ], [ 715208.180000000051223, 6179632.96 ], [ 715208.12, 6179632.54 ], [ 715208.01, 6179631.79 ], [ 715207.900000000023283, 6179631.049999999813735 ], [ 715207.790000000037253, 6179630.309999999590218 ], [ 715207.689999999944121, 6179629.570000000298023 ], [ 715207.569999999948777, 6179628.83 ], [ 715207.459999999962747, 6179628.08 ], [ 715207.349999999976717, 6179627.339999999850988 ], [ 715207.229999999981374, 6179626.599999999627471 ], [ 715207.10999999998603, 6179625.860000000335276 ], [ 715206.99, 6179625.120000000111759 ], [ 715206.87, 6179624.379999999888241 ], [ 715206.74, 6179623.639999999664724 ], [ 715206.60999999998603, 6179622.900000000372529 ], [ 715206.479999999981374, 6179622.160000000149012 ], [ 715206.339999999967404, 6179621.42 ], [ 715206.199999999953434, 6179620.690000000409782 ], [ 715206.060000000055879, 6179619.950000000186265 ], [ 715205.910000000032596, 6179619.21 ], [ 715205.76, 6179618.480000000447035 ], [ 715205.699999999953434, 6179618.179999999701977 ], [ 715205.540000000037253, 6179617.450000000186265 ], [ 715205.38, 6179616.71999999973923 ], [ 715205.209999999962747, 6179615.980000000447035 ], [ 715205.040000000037253, 6179615.25 ], [ 715204.85999999998603, 6179614.519999999552965 ], [ 715204.680000000051223, 6179613.79 ], [ 715204.49, 6179613.070000000298023 ], [ 715204.300000000046566, 6179612.339999999850988 ], [ 715204.099999999976717, 6179611.620000000111759 ], [ 715203.900000000023283, 6179610.889999999664724 ], [ 715203.689999999944121, 6179610.17 ], [ 715203.46999999997206, 6179609.450000000186265 ], [ 715203.25, 6179608.740000000223517 ], [ 715203.03000000002794, 6179608.019999999552965 ], [ 715202.53000000002794, 6179606.53000000026077 ], [ 715202.270000000018626, 6179605.83 ], [ 715202.01, 6179605.129999999888241 ], [ 715201.74, 6179604.429999999701977 ], [ 715201.449999999953434, 6179603.730000000447035 ], [ 715201.17000000004191, 6179603.04 ], [ 715200.87, 6179602.349999999627471 ], [ 715200.57999999995809, 6179601.660000000149012 ], [ 715200.28000000002794, 6179600.96999999973923 ], [ 715199.979999999981374, 6179600.28000000026077 ], [ 715199.680000000051223, 6179599.589999999850988 ], [ 715199.38, 6179598.900000000372529 ], [ 715199.089999999967404, 6179598.21 ], [ 715199.020000000018626, 6179598.049999999813735 ], [ 715198.729999999981374, 6179597.360000000335276 ], [ 715198.449999999953434, 6179596.67 ], [ 715198.17000000004191, 6179595.96999999973923 ], [ 715197.88, 6179595.28000000026077 ], [ 715197.599999999976717, 6179594.58 ], [ 715197.300000000046566, 6179593.889999999664724 ], [ 715197.01, 6179593.200000000186265 ], [ 715196.699999999953434, 6179592.519999999552965 ], [ 715196.38, 6179591.839999999850988 ], [ 715196.050000000046566, 6179591.17 ], [ 715195.85999999998603, 6179590.799999999813735 ], [ 715181.0, 6179562.0 ], [ 715179.82999999995809, 6179559.950000000186265 ], [ 715176.270000000018626, 6179552.190000000409782 ], [ 715174.770000000018626, 6179548.429999999701977 ], [ 715173.75, 6179544.820000000298023 ], [ 715172.949999999953434, 6179540.92 ], [ 715171.85999999998603, 6179534.370000000111759 ], [ 715158.229999999981374, 6179430.21999999973923 ], [ 715155.89000000001397, 6179412.320000000298023 ], [ 715155.270000000018626, 6179408.620000000111759 ], [ 715154.87, 6179406.400000000372529 ], [ 715153.78000000002794, 6179400.730000000447035 ], [ 715153.209999999962747, 6179397.78000000026077 ], [ 715152.12, 6179392.650000000372529 ], [ 715151.78000000002794, 6179391.179999999701977 ], [ 715150.42000000004191, 6179386.160000000149012 ], [ 715149.14000000001397, 6179381.519999999552965 ], [ 715148.449999999953434, 6179378.67 ], [ 715135.38, 6179329.78000000026077 ], [ 715134.839999999967404, 6179327.589999999850988 ], [ 715134.660000000032596, 6179326.860000000335276 ], [ 715134.49, 6179326.129999999888241 ], [ 715134.319999999948777, 6179325.400000000372529 ], [ 715134.150000000023283, 6179324.67 ], [ 715133.540000000037253, 6179322.089999999850988 ], [ 715133.37, 6179321.360000000335276 ], [ 715131.35999999998603, 6179312.400000000372529 ], [ 715130.89000000001397, 6179310.200000000186265 ], [ 715129.28000000002794, 6179302.269999999552965 ], [ 715118.550000000046566, 6179247.049999999813735 ], [ 715117.810000000055879, 6179242.610000000335276 ], [ 715116.930000000051223, 6179237.96 ], [ 715115.51, 6179232.240000000223517 ], [ 715115.12, 6179230.79 ], [ 715114.180000000051223, 6179227.870000000111759 ], [ 715112.57999999995809, 6179223.910000000149012 ], [ 715110.88, 6179220.33 ], [ 715108.339999999967404, 6179214.839999999850988 ], [ 715105.25, 6179208.860000000335276 ], [ 715097.199999999953434, 6179193.29 ], [ 715092.63, 6179183.049999999813735 ], [ 715092.339999999967404, 6179182.120000000111759 ], [ 715091.270000000018626, 6179178.820000000298023 ], [ 715090.599999999976717, 6179176.75 ], [ 715087.800000000046566, 6179168.08 ], [ 715083.800000000046566, 6179155.950000000186265 ], [ 715086.839999999967404, 6178991.110000000335276 ], [ 715096.729999999981374, 6178964.370000000111759 ] ] ] } }
]
}
